text,department
I am experiencing nausea vomiting and diarrhea abdominal pain,GENERAL MEDICINE
"Patient with chief complaint of car vs pole, assessed for liver injury nos",GASTROENTEROLOGY
"I have been having headaches I also experience i feel lightheaded On top of that, i had a seizure episode Also, i feel numbness in my body I also experience i experience tingling in my feet Additionally, i have muscle weakness Additionally, i experience involuntary shaking Additionally, my memory is getting worse Furthermore, i feel confused I also experience i feel unsteady On top of that, i struggle to walk On top of that, i cannot speak clearly I also experience i have facial paralysis Additionally, i fainted and lost consciousness Plus, i have nerve pain Plus, my muscles feel stiff Furthermore, i feel uncoordinated Plus, i have trouble falling asleep",NEUROLOGY
"I have polycystic ovary syndrome Additionally, i have inconsistent menstrual cycles On top of that, i am experiencing issues during pregnancy I also experience i experience menstrual difficulties Furthermore, my period pain is mild Also, i have heavy periods Also, my periods are barely there I also experience i have a delayed period Also, i missed my period Additionally, i feel itchy down there Additionally, my vaginal area lacks moisture I also experience i have persistent acne from hormonal imbalance I also experience i have lower abdominal pain",GYNECOLOGY & OBSTETRICS
"I was diagnosed with PCOS Also, i have inconsistent menstrual cycles I also experience i have problems with my pregnancy Also, i have problems during menstruation I also experience i feel slight cramps during my period Also, i have heavy periods I also experience i have very light periods Additionally, my period is late Furthermore, my period did not come this month Plus, i feel itchy down there Furthermore, i have vaginal dryness Also, i have persistent acne from hormonal imbalance On top of that, i have lower abdominal pain",GYNECOLOGY & OBSTETRICS
"Patient with chief complaint of diabetic ketoacidosis transfer, assessed for type 1 diabetes mellitus with ketoacidosis without coma",NEUROLOGY
"I have cysts on my ovaries Also, my periods are not regular Plus, i am experiencing issues during pregnancy Furthermore, i have issues with my periods Plus, i have mild period pain I also experience my periods are very heavy Additionally, my menstrual flow is very light Additionally, my period is late On top of that, i have amenorrhea Plus, i have persistent vaginal itching Additionally, i experience vaginal dryness I also experience i get acne due to hormones Plus, i feel pain in my lower abdomen",GYNECOLOGY & OBSTETRICS
"Severe anxiety attacks, sudden panic, racing heart, and uncontrollable worrying.",PSYCHIATRY
"my infant is feverish Also, my infant is coughing a lot On top of that, my child has cold symptoms Additionally, my baby has a sore throat Also, my child is struggling to breathe Furthermore, my baby is vomiting Additionally, my baby has stomach pain Furthermore, my infant has a red rash Also, my baby had a seizure episode I also experience my baby is not feeding well Plus, my infant cries uncontrollably On top of that, my baby seems weak I also experience my baby refuses to eat On top of that, my child is not gaining weight properly Additionally, my child is not growing properly I also experience my child is not meeting milestones Also, my baby has ear pain I also experience my baby's skin is turning yellow Plus, my baby has dry mouth and no tears Furthermore, my baby is wheezing",PEDIATRICS
"I have migraine-like headaches I also experience i feel dizzy Furthermore, i experienced a seizure Also, i feel numbness in my body Plus, i have pins and needles feeling On top of that, my muscles feel like they are failing Furthermore, i experience involuntary shaking Furthermore, i keep forgetting things I also experience i feel muddled and confused Furthermore, i have poor balance and coordination On top of that, i have trouble walking Furthermore, i cannot speak clearly Also, i have facial weakness Plus, i had a loss of consciousness Furthermore, i have neuropathic pain Additionally, i have muscle stiffness Furthermore, i have poor coordination Furthermore, i have trouble falling asleep",NEUROLOGY
I am experiencing dyspnea,CARDIOLOGY
"Emergency presentation: epigastric pain, vitals show elevated temperature 99.4F, severe pain score 10 out of 10",RHEUMATOLOGY
"Emergency presentation: weakness gi bleed, vitals show elevated temperature 99.1F",NEUROLOGY
I am experiencing head injury status post fall,CARDIOLOGY
"I have polycystic ovary syndrome On top of that, my periods are not regular Plus, i have pregnancy-related problems I also experience i have menstrual problems On top of that, i have mild period pain I also experience i experience heavy menstrual bleeding Additionally, my periods are barely there Also, my menstruation is overdue I also experience i have amenorrhea Additionally, i have persistent vaginal itching Plus, i feel dry in the vaginal area Furthermore, my acne is hormone-related I also experience i have lower abdominal pain",GYNECOLOGY & OBSTETRICS
"the room feels like it is spinning Plus, i have nausea On top of that, i feel a sharp pain in my chest I also experience i cannot breathe properly Additionally, my heart skips beats Plus, my pulse rate is inconsistent I also experience my BP readings are high Furthermore, i feel like I might faint Plus, i have a fast heartbeat Also, my heart rate is low On top of that, i have extreme fatigue On top of that, i have swelling in my legs Additionally, i feel chest tightness I also experience i have ankle edema I also experience i am drenched in sweat Also, i have upper back pain",CARDIOLOGY
"I have a high temperature Plus, i have a persistent cough I also experience i feel exhausted Additionally, i feel physically weak Additionally, i have been having headaches Furthermore, i am experiencing dizziness Plus, i have body pain On top of that, i have stomach pain Furthermore, i feel like I might throw up Additionally, i have been throwing up",GENERAL MEDICINE
"Patient with chief complaint of etoh hypoglycemia, assessed for asymptomatic hiv infection",GENERAL MEDICINE
"Patient with chief complaint of hematuria, assessed for essential primary hypertension",CARDIOLOGY
I am experiencing fatigue status post fall,ENDOCRINOLOGY
Patient presents with weakness,GENERAL MEDICINE
"Emergency presentation: toe pain, vitals show severe pain score 8 out of 10",CARDIOLOGY
"Patient with chief complaint of l foot pain wound evaluation, assessed for non pressure chronic ulcer oth prt left foot w unspecified severity",GASTROENTEROLOGY
Patient presents with status post cardiac arrest,CARDIOLOGY
"my back is very sore Furthermore, i feel numbness in my body Furthermore, i have difficulty walking Additionally, my joints hurt Also, i feel pain in my neck Plus, i have knee pain Additionally, i have a frozen shoulder Plus, my hip is stiff and painful On top of that, i feel deep bone pain Plus, i have muscle pain Plus, i have inflamed swollen joints I also experience my joints are stiff Furthermore, i cannot move my joint fully I also experience i fractured a bone Plus, i experience muscle fatigue and weakness Also, i have persistent tingling Additionally, i have heel pain Additionally, i have a sprain from sports",ORTHOPEDICS
"my infant is feverish On top of that, my baby has a persistent cough I also experience my child has cold symptoms Plus, my baby has a sore throat Plus, my baby has breathing difficulty Also, my baby cannot keep milk down On top of that, my baby has stomach pain Also, my baby's skin is irritated Plus, my infant had a fit On top of that, my baby is not feeding well I also experience my baby cries excessively I also experience my child is lethargic Plus, my child is not eating I also experience my baby has low birth weight Plus, my baby has delayed growth Also, my child is not meeting milestones Additionally, my infant cries from ear pain Additionally, my infant has jaundice On top of that, my baby is dehydrated Furthermore, my baby wheezes when breathing",PEDIATRICS
Patient presents with abdominal pain diarrhea vomiting,CARDIOLOGY
"my head hurts On top of that, i have vertigo-like dizziness Additionally, i have convulsions I also experience i have numbness I also experience i have tingling sensations Additionally, i cannot move my muscles properly I also experience i experience involuntary shaking Also, i have memory problems Furthermore, i am disoriented Additionally, i have poor balance and coordination Plus, i cannot walk properly Plus, i have difficulty with speech Plus, i have facial weakness Furthermore, i have lost consciousness Furthermore, i feel burning nerve pain On top of that, i have muscle stiffness I also experience i am clumsy On top of that, i have sleep problems",NEUROLOGY
"Patient with chief complaint of status post arrest, assessed for shock nos",GENERAL MEDICINE
"Patient with chief complaint of weakness gi bleed, assessed for gastrointestinal hemorrhage unspecified",NEUROLOGY
"Patient with chief complaint of abdominal distention, assessed for cirrhosis of liver nos",GASTROENTEROLOGY
"my back is very sore On top of that, i feel tingling and numb Also, i struggle to walk Also, i feel pain in my joints On top of that, i feel pain in my neck I also experience i have knee pain Additionally, i feel pain in my shoulder On top of that, i have hip joint pain Furthermore, my bones feel sore I also experience my muscles ache Furthermore, my joints are swollen Also, my joints feel rigid I also experience i cannot move my joint fully Additionally, my bone is broken Additionally, i experience muscle fatigue and weakness Additionally, i have persistent tingling Furthermore, i have heel pain I also experience i have a sports injury",ORTHOPEDICS
"I feel hot and feverish On top of that, i keep coughing Furthermore, i have fatigue I also experience i feel weak all over Furthermore, i have a throbbing headache Additionally, i feel lightheaded I also experience my body is sore I also experience i have abdominal cramps Also, i have an upset stomach with nausea Additionally, i have been throwing up",GENERAL MEDICINE
Patient presents with facial droop,ORTHOPEDICS
"I have a high temperature Plus, i have a dry cough On top of that, i have fatigue On top of that, my body feels weak Furthermore, my head hurts Furthermore, i am experiencing dizziness I also experience i feel achy all over On top of that, my stomach is hurting On top of that, i am feeling sick to my stomach On top of that, i have been throwing up",GENERAL MEDICINE
"I have cysts on my ovaries I also experience i have inconsistent menstrual cycles Also, i have problems with my pregnancy Also, i have problems during menstruation Plus, i have mild period pain On top of that, my periods are very heavy Furthermore, i have very light periods Plus, i have a delayed period I also experience i have a missed period I also experience i feel itchy down there Additionally, i have vaginal dryness Plus, i get acne due to hormones Plus, i have lower abdominal pain",GYNECOLOGY & OBSTETRICS
"my back is very sore I also experience i feel tingling and numb Plus, i cannot walk properly Furthermore, i have painful joints Plus, my neck hurts On top of that, i have difficulty with my knee Additionally, i have shoulder pain I also experience i feel pain in my hip On top of that, i have bone pain Furthermore, i feel muscle soreness Also, my joints feel puffy and inflamed Plus, my joints are stiff I also experience i cannot move my joint fully Plus, i have a broken bone I also experience my muscle strength is declining Furthermore, i experience unusual tingling I also experience i have heel pain On top of that, i got injured while playing sports",ORTHOPEDICS
"I feel dizzy Additionally, i feel nauseous Furthermore, i have intermittent chest pain Plus, i cannot breathe properly On top of that, my heart skips beats Additionally, i feel pulse irregularity Additionally, i have high blood pressure Additionally, i feel like I am going to pass out Additionally, my heart beats very fast On top of that, i have a slow pulse rate Also, i can barely stay awake I also experience i have swelling in my legs Furthermore, my chest feels constricted Furthermore, my ankles feel swollen and painful On top of that, i have night sweats I also experience i have back pain",CARDIOLOGY
"Patient with chief complaint of status post arrest, assessed for tachycardia nos",CARDIOLOGY
Patient presents with r foot ulcer cellulitis,CARDIOLOGY
"I have a severe headache Additionally, the room feels like it is spinning Additionally, i have convulsions Also, i have numbness Plus, i experience tingling in my feet Also, i have progressive muscle weakness Additionally, my body shakes involuntarily I also experience i keep forgetting things On top of that, i feel confused Plus, i feel like I might fall Plus, i have difficulty walking Also, i have speech problems Also, my face droops On top of that, i blacked out Additionally, i experience shooting nerve pain Also, i have rigid muscles Also, i have trouble with fine motor tasks Also, i have sleep problems",NEUROLOGY
"my baby has a fever I also experience my baby has a persistent cough Plus, my child has cold symptoms Furthermore, my infant has throat pain Also, my baby is short of breath Also, my infant is vomiting Plus, my baby has a stomach ache Also, my baby's skin is irritated Additionally, my baby had a seizure I also experience my child refuses to eat On top of that, my baby cries excessively Also, my baby seems weak I also experience my baby has lost appetite Plus, my infant is too small Plus, my baby is smaller than expected On top of that, my infant has delayed development Plus, my baby has an ear infection On top of that, my infant has jaundice On top of that, my baby is dehydrated Additionally, my infant has wheezing",PEDIATRICS
"Patient with chief complaint of abdominal mass fever, assessed for peritoneal abscess",DERMATOLOGY
"Emergency presentation: dehydration nausea rash, vitals show heart rate 111 bpm",ENDOCRINOLOGY
"I have upper back pain I also experience parts of my body feel numb Also, i walk with difficulty Furthermore, i feel pain in my joints Furthermore, i have a stiff neck Also, i have knee pain Furthermore, my shoulder hurts Additionally, my hip hurts I also experience my bones feel sore I also experience i have muscle cramps and pain I also experience my joints are swollen Plus, i feel stiff in my joints Additionally, i have limited range of motion I also experience i have a stress fracture I also experience my muscle strength is declining Additionally, i have persistent tingling Furthermore, my heel hurts when I walk Additionally, i injured myself during exercise",ORTHOPEDICS
"Patient with chief complaint of right ear pain drainage, assessed for infec otitis externa nos",ENT
I am experiencing leg weakness abnormal ct,GENERAL MEDICINE
"I was diagnosed with PCOS On top of that, i have inconsistent menstrual cycles Also, i am having pregnancy complications Also, i have issues with my periods I also experience my period pain is mild Additionally, my periods are very heavy Furthermore, my menstrual flow is very light Also, i have a delayed period Additionally, i have amenorrhea Plus, my vaginal area is very itchy Plus, i feel dry in the vaginal area I also experience my acne is hormone-related Additionally, i have lower abdominal pain",GYNECOLOGY & OBSTETRICS
"Patient with chief complaint of foot laceration, assessed for open wound of foot",DERMATOLOGY
"Emergency presentation: cough dyspnea, vitals show elevated temperature 100.2F, heart rate 106 bpm",GENERAL MEDICINE
"Patient with chief complaint of car vs pole, assessed for mv coll w oth obj driver",GENERAL MEDICINE
"Patient with chief complaint of b leg swelling, assessed for other specified soft tissue disorders",RHEUMATOLOGY
"Emergency presentation: left leg pain status post fall, vitals show severe pain score 7 out of 10",GENERAL MEDICINE
"my baby feels very hot Additionally, my child has a cough On top of that, my infant has a cold Plus, my child is complaining of throat pain I also experience my baby is short of breath I also experience my baby is vomiting I also experience my infant has abdominal pain On top of that, my infant has a red rash Additionally, my infant had a fit Furthermore, my baby has poor appetite Plus, my child cries all the time Additionally, my baby seems weak Additionally, my infant has no appetite Plus, my infant is too small I also experience my child is not growing properly On top of that, my child is not meeting milestones Plus, my infant cries from ear pain I also experience my baby has yellow skin Plus, my child is not drinking enough fluids Also, my baby wheezes when breathing",PEDIATRICS
"Severe shortness of breath, asthma attack flare-up, and coughing up mucus.",PULMONOLOGY
"I have been having headaches I also experience i feel lightheaded I also experience i experienced a seizure I also experience parts of my body feel numb Additionally, i have pins and needles feeling Additionally, my muscles feel weak I also experience my hands are shaking Plus, i have memory loss Also, i feel confused Also, i feel unsteady Additionally, i have trouble walking Plus, i have trouble speaking Plus, i have facial paralysis On top of that, i have lost consciousness Plus, i feel burning nerve pain Also, my muscles feel stiff Additionally, i have trouble with fine motor tasks Additionally, i have sleep problems",NEUROLOGY
"I have back pain Additionally, i feel tingling and numb On top of that, i have difficulty walking On top of that, my joints hurt Furthermore, i have a stiff neck I also experience my knee hurts On top of that, i have a frozen shoulder Also, my hip hurts I also experience i feel deep bone pain I also experience i have muscle cramps and pain I also experience my joints are swollen Furthermore, i have joint stiffness Additionally, i cannot move my joint fully I also experience i have a broken bone Furthermore, my muscles are getting weaker Plus, i experience unusual tingling Also, i have plantar fasciitis-like heel pain On top of that, i have a sprain from sports",ORTHOPEDICS
"I feel unsteady and dizzy Additionally, i have an upset stomach with nausea Furthermore, my chest hurts I also experience i am short of breath Also, my heart skips beats Plus, i have an irregular pulse Also, i have been diagnosed with high blood pressure On top of that, i have episodes of fainting Plus, i have a fast heartbeat I also experience i have a slow pulse rate Furthermore, i can barely stay awake I also experience i have leg edema On top of that, i have a tight feeling in my chest On top of that, my ankles feel swollen and painful Also, i am sweating excessively Also, i have upper back pain",CARDIOLOGY
"Emergency presentation: anemia, vitals show tachypnea respiratory rate 26",PULMONOLOGY
"I have cysts on my ovaries Also, my menstrual cycle is irregular Also, i am having pregnancy complications I also experience i have problems during menstruation I also experience i have mild period pain Also, i have menorrhagia Furthermore, my periods are barely there Also, my period is late Furthermore, my period did not come this month Additionally, my vaginal area is very itchy Also, i feel dry in the vaginal area Furthermore, i have persistent acne from hormonal imbalance Plus, i feel pain in my lower abdomen",GYNECOLOGY & OBSTETRICS
"Patient with chief complaint of psychiatric hold, assessed for diabetes uncompl juven",ENDOCRINOLOGY
"Patient with chief complaint of abdominal pain, assessed for mech compl of other urinary catheter initial encounter",UROLOGY
"my baby feels very hot Furthermore, my baby is coughing Also, my baby has a cold Additionally, my baby's throat is sore Additionally, my child is struggling to breathe Plus, my baby cannot keep milk down Furthermore, my infant has abdominal pain Also, my baby has a skin rash Additionally, my child is having convulsions Additionally, my baby is not feeding well Plus, my infant cries uncontrollably Plus, my infant appears weak and floppy Furthermore, my baby refuses to eat I also experience my baby is underweight I also experience my infant has growth issues Furthermore, my baby is developing slowly Additionally, my child is pulling at their ear I also experience my baby has yellow skin Furthermore, my baby has dry mouth and no tears On top of that, my child has a wheezing sound when breathing",PEDIATRICS
I am experiencing transfer abnormal ekg,CARDIOLOGY
Patient presents with transfer pe,PULMONOLOGY
"I have PCOS Furthermore, i have irregular periods Also, i have pregnancy-related problems Additionally, i have issues with my periods Also, my period pain is mild Additionally, my periods are very heavy Furthermore, i have scanty periods Also, my period is late Plus, i have amenorrhea On top of that, my vaginal area is very itchy Additionally, i experience vaginal dryness Also, my acne is hormone-related Additionally, i have pain in my lower stomach area",GYNECOLOGY & OBSTETRICS
"I have PCOS Furthermore, i have irregular periods Plus, i am experiencing issues during pregnancy I also experience i have menstrual problems I also experience i feel slight cramps during my period On top of that, my periods are very heavy I also experience i have scanty periods Also, my period is late Furthermore, i missed my period Furthermore, i have persistent vaginal itching Furthermore, i feel dry in the vaginal area Furthermore, my acne is hormone-related I also experience i feel pain in my lower abdomen",GYNECOLOGY & OBSTETRICS
"I have back pain On top of that, i feel tingling and numb Additionally, i have trouble walking Also, my joints are aching On top of that, i have neck pain Plus, i have difficulty with my knee On top of that, my shoulder hurts On top of that, i have hip pain Additionally, i have persistent bone pain Also, i have muscle pain Furthermore, my joints are swollen Plus, i feel stiff in my joints Also, i cannot move my joint fully Plus, my bone is broken Plus, i have progressive muscle weakness I also experience i feel tingling throughout my body On top of that, my heel hurts when I walk Also, i injured myself during exercise",ORTHOPEDICS
I am experiencing urinary retention lower abdominal pain,ORTHOPEDICS
"my body temperature is high Also, i keep coughing Additionally, i am constantly fatigued Additionally, i feel drained and weak On top of that, i have persistent head pain Also, i am experiencing dizziness On top of that, i feel achy all over I also experience my abdomen hurts Additionally, i feel like I might throw up On top of that, i am throwing up",GENERAL MEDICINE
"Patient with chief complaint of eye pain, assessed for visual discomfort bilateral",OPHTHALMOLOGY
"my infant is feverish Additionally, my child has a cough I also experience my child has cold symptoms I also experience my baby's throat is sore On top of that, my child is struggling to breathe On top of that, my infant is vomiting I also experience my baby has a stomach ache On top of that, my baby's skin is irritated Additionally, my infant had a fit Furthermore, my infant is not drinking milk properly On top of that, my baby cries excessively Plus, my child is lethargic Plus, my baby refuses to eat On top of that, my infant is too small On top of that, my infant has growth issues Furthermore, my child is not meeting milestones Additionally, my baby has an ear infection Plus, my child looks jaundiced I also experience my baby is dehydrated Additionally, my baby wheezes when breathing",PEDIATRICS
I am experiencing hyperglycemia overdose,GENERAL MEDICINE
"the room feels like it is spinning Additionally, i have an upset stomach with nausea I also experience my chest feels tight and painful Plus, i have trouble catching my breath On top of that, my heart is beating fast On top of that, i have an uneven heartbeat Plus, my BP readings are high Furthermore, i have episodes of fainting On top of that, i have a rapid pulse Plus, my heart rate is low Furthermore, i feel utterly exhausted On top of that, i have leg edema On top of that, i have a tight feeling in my chest Plus, my ankles are puffy On top of that, i have night sweats Additionally, my back hurts",CARDIOLOGY
"I have polycystic ovary syndrome On top of that, i have inconsistent menstrual cycles Furthermore, i am experiencing issues during pregnancy Plus, i have issues with my periods Also, i feel slight cramps during my period Furthermore, i have menorrhagia Additionally, i have scanty periods I also experience i have a delayed period Furthermore, i missed my period Additionally, i have vaginal itching I also experience i have vaginal dryness Furthermore, i get acne due to hormones Additionally, i feel pain in my lower abdomen",GYNECOLOGY & OBSTETRICS
"Emergency presentation: t spine bone fracture displacement, vitals show elevated temperature 99.5F, heart rate 104 bpm",ORTHOPEDICS
"Patient with chief complaint of left leg pain status post fall, assessed for fall on same level unspecified initial encounter",ORTHOPEDICS
"Patient with chief complaint of dislodged abdominal tube, assessed for accident nos",GENERAL MEDICINE
"I have persistent head pain Plus, i am experiencing dizziness Plus, i have had seizures On top of that, i have numbness in my extremities Plus, i experience tingling in my feet On top of that, i have progressive muscle weakness Plus, my body shakes involuntarily Furthermore, i have memory problems I also experience i am disoriented Additionally, i feel unsteady Furthermore, i cannot walk properly Furthermore, i cannot speak clearly Furthermore, i have facial weakness Plus, i have lost consciousness I also experience i experience shooting nerve pain Also, my muscles feel stiff On top of that, i am clumsy On top of that, i cannot sleep well",NEUROLOGY
"I have persistent head pain I also experience the room feels like it is spinning Plus, i experienced a seizure On top of that, i have numbness Also, i have pins and needles feeling Furthermore, i have muscle weakness Also, i experience involuntary shaking Plus, i have memory problems Plus, i feel confused Additionally, i have balance problems I also experience i struggle to walk I also experience i have speech problems Furthermore, one side of my face feels weak Furthermore, i have lost consciousness On top of that, i have sharp nerve pain Additionally, i have rigid muscles Plus, i am clumsy On top of that, i have insomnia",NEUROLOGY
I am experiencing chest pain nausea,CARDIOLOGY
"the room feels like it is spinning Plus, i feel nauseous Additionally, i feel a sharp pain in my chest Plus, i cannot breathe properly Also, i feel my heart pounding I also experience i feel pulse irregularity Plus, my blood pressure is elevated I also experience i fainted recently Plus, i have a rapid pulse On top of that, i have a slow heartbeat I also experience i am incredibly tired Plus, my legs are swollen Additionally, i feel chest tightness I also experience my ankles are puffy Furthermore, i am drenched in sweat Also, i have upper back pain",CARDIOLOGY
"Patient with chief complaint of nausea and vomiting, assessed for type 2 diabetes mellitus without complications",ENDOCRINOLOGY
"I have cysts on my ovaries Plus, i have irregular periods Plus, i am experiencing issues during pregnancy On top of that, i have menstrual problems Also, i feel slight cramps during my period Also, i have menorrhagia Plus, i have very light periods Plus, my menstruation is overdue Additionally, i missed my period On top of that, i have vaginal itching Furthermore, i experience vaginal dryness I also experience my acne is hormone-related On top of that, i have lower abdominal pain",GYNECOLOGY & OBSTETRICS
"Emergency presentation: r foot ulcer cellulitis, vitals show elevated temperature 99.6F, heart rate 120 bpm, severe pain score 8 out of 10",CARDIOLOGY
"I feel unsteady and dizzy On top of that, i feel queasy Additionally, i have intermittent chest pain Plus, i am short of breath Furthermore, my heart skips beats I also experience my pulse rate is inconsistent I also experience i have hypertension I also experience i have been fainting Also, my heart rate is elevated Also, my heart beats slowly On top of that, i am incredibly tired Furthermore, my legs are swollen Also, i have a tight feeling in my chest On top of that, my ankles are puffy Plus, i have excessive sweating On top of that, i have back pain",CARDIOLOGY
"Emergency presentation: chest pain nausea, vitals show severe pain score 10 out of 10",CARDIOLOGY
I am experiencing facial numbness,CARDIOLOGY
I am experiencing picc line infection,GENERAL MEDICINE
"the room feels like it is spinning Also, i have nausea I also experience my chest feels tight and painful On top of that, i feel breathless Also, i have heart palpitations Additionally, my pulse rate is inconsistent I also experience i have high blood pressure Plus, i have been fainting On top of that, i have tachycardia Furthermore, my heart beats slowly Additionally, i have debilitating fatigue Furthermore, i have swelling in my legs Plus, my chest feels tight Plus, my ankles are swollen Also, i am sweating excessively Also, i have back pain",CARDIOLOGY
"I have vertigo-like dizziness Plus, i feel nauseous On top of that, i feel a sharp pain in my chest Additionally, i cannot breathe properly On top of that, i feel my heart pounding On top of that, i have an irregular pulse On top of that, i have hypertension Also, i feel like I might faint I also experience i have a rapid pulse Plus, my heart rate is low On top of that, i am incredibly tired Plus, my legs feel heavy and swollen Also, i have pressure and tightness in my chest Furthermore, my ankles are puffy Additionally, i am drenched in sweat Also, i have upper back pain",CARDIOLOGY
"I am experiencing dizziness Plus, i am feeling sick to my stomach I also experience i have chest pain I also experience i am short of breath On top of that, i have heart palpitations Additionally, i feel pulse irregularity Furthermore, my BP readings are high Additionally, i have episodes of fainting Furthermore, i have tachycardia I also experience i have a slow pulse rate On top of that, i have extreme fatigue Furthermore, i have leg edema Furthermore, i have pressure and tightness in my chest Also, my ankles are puffy On top of that, i am sweating excessively Plus, i have lower back pain",CARDIOLOGY
"I have a throbbing headache Additionally, i have vertigo-like dizziness Furthermore, i have had seizures I also experience i feel tingling and numb Furthermore, i have tingling sensations Plus, i cannot move my muscles properly Also, i experience involuntary shaking I also experience i have memory loss Additionally, i am disoriented Furthermore, i feel like I might fall I also experience i cannot walk properly Furthermore, my speech is slurred Furthermore, i have facial weakness Furthermore, i fainted and lost consciousness Also, i have nerve pain Also, i have muscle stiffness On top of that, i have poor coordination Also, i have insomnia",NEUROLOGY
"the room feels like it is spinning On top of that, i have an upset stomach with nausea On top of that, i have intermittent chest pain I also experience i am short of breath On top of that, i feel my heart racing Also, i have an irregular pulse Furthermore, i have hypertension Plus, i have episodes of fainting On top of that, i have a fast heartbeat Plus, i have a slow pulse rate Also, i feel utterly exhausted Furthermore, my legs feel heavy and swollen Additionally, my chest feels constricted Plus, my ankles feel swollen and painful Also, i have night sweats Additionally, i have lower back pain",CARDIOLOGY
Patient presents with anemia,PULMONOLOGY
"Patient with chief complaint of status post fall l shoulder pain, assessed for sicca syndrome unspecified",RHEUMATOLOGY
"my head hurts Furthermore, i feel dizzy Additionally, i have epilepsy-like seizures Furthermore, i feel numbness in my body Furthermore, i experience tingling in my feet Plus, i have muscle weakness On top of that, my hands are shaking Plus, i have memory loss Additionally, i feel muddled and confused Also, i have balance problems On top of that, i have difficulty walking Furthermore, i cannot speak clearly Additionally, my face droops On top of that, i have lost consciousness Additionally, i feel burning nerve pain I also experience i have rigid muscles Plus, i have poor coordination Also, i have sleep problems",NEUROLOGY
"Emergency presentation: lethargy shortness of breath, vitals show elevated temperature 100.2F, tachypnea respiratory rate 28",PULMONOLOGY
I am experiencing tachycardia hypoxia,CARDIOLOGY
"I feel unsteady and dizzy Plus, i have nausea Plus, my chest feels tight and painful Plus, i feel breathless Also, my heart is beating fast Also, i have an uneven heartbeat Plus, my BP readings are high Also, i have been fainting Furthermore, i have a rapid pulse Plus, i have a slow pulse rate Furthermore, i can barely stay awake I also experience i have leg edema Furthermore, i feel chest tightness I also experience i have ankle edema On top of that, i have excessive sweating I also experience my back hurts",CARDIOLOGY
I am experiencing hypotension,GENERAL MEDICINE
"Patient with chief complaint of chest pain transfer, assessed for chest pain unspecified",GENERAL MEDICINE
"I feel lightheaded On top of that, i feel like I might throw up On top of that, i have pressure in my chest Additionally, i have difficulty breathing Furthermore, i feel my heart racing Furthermore, my heartbeat is irregular I also experience i have high blood pressure Plus, i fainted recently Furthermore, i have tachycardia On top of that, i have bradycardia Also, i have debilitating fatigue Furthermore, my legs are swollen Furthermore, i feel chest tightness Additionally, my ankles are swollen Also, i am sweating excessively I also experience my back hurts",CARDIOLOGY
"I have back pain Additionally, parts of my body feel numb I also experience i have difficulty walking Furthermore, i feel pain in my joints Additionally, my neck hurts On top of that, my knee is swollen and painful On top of that, my shoulder hurts Additionally, my hip hurts I also experience i have bone pain I also experience i feel muscle soreness Furthermore, i have joint swelling I also experience i have trouble moving my joints Also, my movement is limited Furthermore, i have a broken bone Also, i experience muscle fatigue and weakness I also experience i have persistent tingling I also experience my heel hurts when I walk Additionally, i got injured while playing sports",ORTHOPEDICS
"I feel feverish On top of that, i have a wet cough I also experience i feel very tired Additionally, i lack strength Additionally, my head hurts Additionally, i have vertigo-like dizziness Plus, my whole body aches Furthermore, i have stomach pain Plus, i feel like I might throw up Plus, i am throwing up",GENERAL MEDICINE
"Patient with chief complaint of hematuria, assessed for urinary tract infection site not specified",UROLOGY
I am experiencing left leg pain status post fall,GENERAL MEDICINE
"I have lower back pain Furthermore, i feel numbness in my body Additionally, i cannot walk properly Additionally, i have joint pain I also experience my neck hurts Furthermore, i have knee pain Additionally, my shoulder is very sore Plus, my hip is stiff and painful Also, i have bone pain Additionally, i feel muscle soreness Also, my joints are swollen Plus, my joints feel rigid Also, i have restricted movement Plus, i have a stress fracture On top of that, my muscles are getting weaker On top of that, i experience unusual tingling Additionally, my heel hurts when I walk Furthermore, i injured myself during exercise",ORTHOPEDICS
"Patient with chief complaint of fatigue status post fall, assessed for dehydration",ENDOCRINOLOGY
"Patient with chief complaint of seizure, assessed for altered mental status",GENERAL MEDICINE
"my child has a high temperature Additionally, my infant is coughing a lot Furthermore, my baby has a cold On top of that, my baby has a sore throat Also, my child is struggling to breathe Furthermore, my child has been throwing up Additionally, my child is crying from stomach pain Also, my infant has a red rash I also experience my baby had a seizure On top of that, my infant is not drinking milk properly Furthermore, my child cries all the time I also experience my baby seems weak Furthermore, my baby refuses to eat On top of that, my child is not gaining weight properly Additionally, my infant has growth issues Furthermore, my infant has delayed development On top of that, my child is pulling at their ear Additionally, my baby has yellow skin I also experience my baby has dry mouth and no tears Plus, my infant has wheezing",PEDIATRICS
"Patient with chief complaint of hypotension, assessed for acute pancreatitis unspecified",GASTROENTEROLOGY
"I have PCOS Also, my periods are not regular On top of that, i have pregnancy-related problems Furthermore, i have issues with my periods Furthermore, my period pain is mild Also, my periods are very heavy Furthermore, i have scanty periods On top of that, my period has been delayed Also, i have a missed period Plus, my vaginal area is very itchy Additionally, i experience vaginal dryness Plus, i have hormonal acne Furthermore, my lower belly hurts",GYNECOLOGY & OBSTETRICS
"Patient with chief complaint of hypertension, assessed for hypertension nos",CARDIOLOGY
"I am experiencing dizziness Furthermore, i have nausea Also, i feel a sharp pain in my chest On top of that, i have trouble catching my breath I also experience i feel my heart pounding On top of that, my heartbeat is irregular On top of that, i have been diagnosed with high blood pressure Furthermore, i feel like I might faint Also, my heart rate is elevated Additionally, i have a slow heartbeat Plus, i have debilitating fatigue Additionally, my legs are swollen I also experience my chest feels tight I also experience my ankles feel swollen and painful Also, i sweat a lot Additionally, i have back pain",CARDIOLOGY
"Patient with chief complaint of status post fall, assessed for head injury unspecified",NEUROLOGY
"I have lower back pain Plus, i feel numbness in my body On top of that, i have trouble walking I also experience i have painful joints Plus, my neck is very painful Plus, my knee hurts Plus, i have a frozen shoulder I also experience my hip is stiff and painful Plus, i have bone pain Plus, i have muscle pain Plus, i have joint swelling Additionally, i have joint stiffness On top of that, i have difficulty moving Plus, i have a bone fracture Also, my muscles are getting weaker Furthermore, i have persistent tingling Furthermore, my heel feels painful I also experience i have a sprain from sports",ORTHOPEDICS
"Morning joint stiffness lasting over an hour, swollen painful finger joints.",RHEUMATOLOGY
"my infant is feverish I also experience my baby is coughing I also experience my baby has a cold I also experience my baby has a sore throat Also, my child is struggling to breathe On top of that, my child has been throwing up Also, my child is crying from stomach pain I also experience my child has a rash on their body On top of that, my child is having convulsions On top of that, my child refuses to eat Furthermore, my baby cries excessively Plus, my child is lethargic Additionally, my baby refuses to eat Also, my child is not gaining weight properly On top of that, my infant has growth issues Plus, my baby has developmental delays Plus, my infant cries from ear pain Also, my baby's skin is turning yellow On top of that, my baby is dehydrated Furthermore, my infant has wheezing",PEDIATRICS
"I am running a fever Also, i have a wet cough Additionally, i feel weak and tired Furthermore, i feel drained and weak Additionally, my head hurts Additionally, i feel dizzy Furthermore, my whole body aches Furthermore, i feel pain in my belly Furthermore, i feel queasy Also, i have been vomiting",GENERAL MEDICINE
"I feel unsteady and dizzy Plus, i feel like I might throw up Additionally, i have pressure in my chest On top of that, i experience breathing difficulty I also experience i feel my heart pounding Plus, my heartbeat is irregular Also, my blood pressure is elevated On top of that, i feel like I might faint Furthermore, i have tachycardia Furthermore, i have a slow pulse rate I also experience i have debilitating fatigue Also, i have leg edema Plus, my chest feels tight Additionally, i have swollen ankles Additionally, i am drenched in sweat Also, i have back pain",CARDIOLOGY
"Emergency presentation: right foot infection, vitals show elevated temperature 100.0F, heart rate 119 bpm, severe pain score 7 out of 10",DERMATOLOGY
"Patient with chief complaint of abdominal pain abdominal distention, assessed for asymptomatic hiv infection",GENERAL MEDICINE
"I feel lightheaded Plus, i have an upset stomach with nausea I also experience i feel a sharp pain in my chest Furthermore, i have trouble catching my breath Furthermore, i have irregular heartbeats I also experience i have an uneven heartbeat I also experience my blood pressure is elevated Plus, i have episodes of fainting Also, my heart beats very fast Plus, i have bradycardia Additionally, i can barely stay awake I also experience my legs are swollen Additionally, i have pressure and tightness in my chest Additionally, my ankles are puffy Also, i have night sweats Plus, my back hurts",CARDIOLOGY
"Emergency presentation: abnormal labs weakness, vitals show low oxygen saturation 91%, severe pain score 7 out of 10",HEMATOLOGY
"Patient with chief complaint of hypotension, assessed for unspecified viral hepatitis c without hepatic coma",NEUROLOGY
"Patient with chief complaint of nausea and vomiting hyperglycemia, assessed for diab ketoacidosis iddm",NEPHROLOGY
"I have migraine-like headaches On top of that, the room feels like it is spinning On top of that, i have had seizures Also, i have numbness Plus, i have pins and needles feeling I also experience my muscles feel weak Plus, my body shakes involuntarily Furthermore, my memory is getting worse I also experience i cannot think clearly On top of that, i feel like I might fall Furthermore, i have difficulty walking Plus, i cannot speak clearly Furthermore, i have facial paralysis Also, i had a loss of consciousness Additionally, i have nerve pain I also experience i have rigid muscles Plus, i have trouble with fine motor tasks I also experience i have insomnia",NEUROLOGY
"Patient with chief complaint of eye evaluation, assessed for long term use antigoagulant",GENERAL MEDICINE
"I have lower back pain Furthermore, i have numbness Also, i walk with difficulty I also experience i have painful joints Also, i have a stiff neck I also experience my knee is swollen and painful Furthermore, i feel pain in my shoulder On top of that, my hip hurts I also experience i have bone pain Additionally, my muscles ache Furthermore, my joints feel puffy and inflamed Furthermore, i have joint stiffness Furthermore, i have restricted movement Also, i have a broken bone Additionally, my muscle strength is declining I also experience i feel tingling throughout my body Additionally, i have heel pain On top of that, i have a sprain from sports",ORTHOPEDICS
"Patient with chief complaint of left leg pain weakness, assessed for urinary tract infection site not specified",UROLOGY
"Patient with chief complaint of suicidal ideation, assessed for unspecified superficial injury of unspecified part of head init encntr",ORTHOPEDICS
"I was diagnosed with PCOS Additionally, i have inconsistent menstrual cycles Additionally, i am experiencing issues during pregnancy On top of that, i have menstrual problems On top of that, my period pain is mild On top of that, i have menorrhagia On top of that, i have very light periods Furthermore, i have a delayed period I also experience my period did not come this month Also, i have vaginal itching Furthermore, i feel dry in the vaginal area Also, my acne is hormone-related I also experience i feel pain in my lower abdomen",GYNECOLOGY & OBSTETRICS
"Patient with chief complaint of clogged foley, assessed for form of external stoma cause abn react compl without misadvnt",GENERAL MEDICINE
"I have cysts on my ovaries Also, i have inconsistent menstrual cycles I also experience i am having pregnancy complications Additionally, i have issues with my periods On top of that, i have mild menstrual cramps I also experience i have heavy periods I also experience my periods are barely there On top of that, my period is late Also, my period did not come this month Additionally, my vaginal area is very itchy Additionally, i feel dry in the vaginal area Additionally, my acne is hormone-related Furthermore, i feel pain in my lower abdomen",GYNECOLOGY & OBSTETRICS
"my head hurts Also, i feel lightheaded Plus, i have epilepsy-like seizures On top of that, parts of my body feel numb Additionally, i feel tingling in my hands Also, my muscles feel weak On top of that, my hands are shaking Furthermore, i keep forgetting things Furthermore, i feel muddled and confused Also, i have balance problems On top of that, i cannot walk properly Furthermore, i have trouble speaking Plus, i have facial weakness On top of that, i fainted and lost consciousness Also, i have sharp nerve pain Plus, my muscles are tight and stiff Additionally, i feel uncoordinated Furthermore, i have insomnia",NEUROLOGY
"I have been having headaches Also, i feel unsteady and dizzy Plus, i have convulsions On top of that, i have numbness Also, i have a tingling sensation all over Plus, i have progressive muscle weakness Also, i experience involuntary shaking Also, i have memory problems Additionally, i cannot think clearly Furthermore, i have poor balance and coordination Plus, i walk with difficulty On top of that, i have speech problems On top of that, i have facial paralysis Plus, i was unconscious for a period I also experience i have sharp nerve pain I also experience my muscles are tight and stiff On top of that, i have poor coordination On top of that, i wake up frequently at night",NEUROLOGY
"Patient with chief complaint of transfer dyspnea, assessed for pneumonia unspecified organism",PULMONOLOGY
"Patient with chief complaint of wound evaluation, assessed for oth complication of vascular prosth dev grft init",ORTHOPEDICS
"I have lower back pain On top of that, i have numbness On top of that, i walk with difficulty Furthermore, my joints hurt On top of that, i have a stiff neck Plus, i feel pain in my knee Plus, my shoulder hurts Furthermore, i feel pain in my hip Additionally, my bones feel sore I also experience i have muscle cramps and pain Plus, i have joint swelling Plus, i feel stiff in my joints Additionally, i have difficulty moving Also, i have a stress fracture On top of that, my muscles are getting weaker On top of that, i feel tingling throughout my body Furthermore, i have pain in my heel On top of that, i got injured while playing sports",ORTHOPEDICS
"I have migraine-like headaches On top of that, i feel unsteady and dizzy On top of that, i experienced a seizure Plus, i feel tingling and numb Also, i have pins and needles feeling Also, i cannot move my muscles properly Plus, my body shakes involuntarily On top of that, my memory is getting worse Additionally, i feel muddled and confused Additionally, i have trouble maintaining balance On top of that, i cannot walk properly I also experience my speech is slurred Also, one side of my face feels weak Also, i was unconscious for a period Plus, i feel burning nerve pain Plus, i have muscle stiffness Furthermore, i have poor coordination Furthermore, i cannot sleep well",NEUROLOGY
"I am running a fever Additionally, i have a dry cough I also experience i am constantly fatigued On top of that, i feel physically weak I also experience my head hurts On top of that, the room feels like it is spinning On top of that, i have widespread body pain Additionally, i have abdominal cramps Plus, i feel queasy Plus, i vomited multiple times",GENERAL MEDICINE
"I have a severe headache On top of that, i feel unsteady and dizzy On top of that, i had a seizure episode Also, i have numbness I also experience i have tingling sensations I also experience i have progressive muscle weakness I also experience i have tremors Furthermore, i have memory loss Also, i have mental confusion Additionally, i have trouble maintaining balance Furthermore, i walk with difficulty On top of that, i cannot speak clearly On top of that, i have facial paralysis Also, i was unconscious for a period Furthermore, i experience shooting nerve pain Also, my muscles are tight and stiff On top of that, i cannot coordinate my movements well Additionally, i have sleep problems",NEUROLOGY
"I have a fever Furthermore, i have been coughing for days Additionally, i feel exhausted On top of that, i feel drained and weak On top of that, my head hurts On top of that, i have vertigo-like dizziness On top of that, i have body pain Additionally, my stomach is hurting Furthermore, i feel queasy Plus, i am throwing up",GENERAL MEDICINE
"Emergency presentation: assault, vitals show heart rate 105 bpm, severe pain score 10 out of 10",ORTHOPEDICS
"I have cysts on my ovaries On top of that, my menstrual cycle is irregular Plus, i have problems with my pregnancy I also experience i experience menstrual difficulties Additionally, i have mild period pain Plus, i have menorrhagia Additionally, my periods are barely there Additionally, i have a delayed period Also, i missed my period Plus, my vaginal area is very itchy Plus, i feel dry in the vaginal area Additionally, i have hormonal acne I also experience i have lower abdominal pain",GYNECOLOGY & OBSTETRICS
"I have PCOS Additionally, my periods are not regular Furthermore, i have problems with my pregnancy Furthermore, i have problems during menstruation Plus, i feel slight cramps during my period On top of that, i experience heavy menstrual bleeding I also experience my periods are barely there Additionally, my period has been delayed I also experience i missed my period I also experience i have vaginal itching On top of that, i have vaginal dryness Plus, i have hormonal acne Plus, my lower belly hurts",GYNECOLOGY & OBSTETRICS
"my back hurts Also, i feel numbness in my body Plus, i have difficulty walking Also, i have painful joints Furthermore, i feel pain in my neck Additionally, my knee hurts On top of that, i feel pain in my shoulder Additionally, my hip is stiff and painful Plus, my bones feel sore I also experience i feel muscle soreness Additionally, my joints feel puffy and inflamed I also experience i have trouble moving my joints Furthermore, my movement is limited I also experience i have a broken bone I also experience i experience muscle fatigue and weakness I also experience i have persistent tingling Additionally, i have heel pain Also, i got injured while playing sports",ORTHOPEDICS
Patient presents with dvt transfer,CARDIOLOGY
"my body temperature is high Plus, i have been coughing for days I also experience i feel weak and tired I also experience i feel physically weak Plus, i have a severe headache Also, i feel unsteady and dizzy Plus, i feel achy all over I also experience i have stomach pain On top of that, i have nausea Furthermore, i vomited multiple times",GENERAL MEDICINE
"Patient with chief complaint of right leg pain right leg swelling, assessed for pure hypercholesterolemia unspecified",ENDOCRINOLOGY
"I feel hot and feverish Also, i have a dry cough On top of that, i have no energy Also, i lack strength On top of that, i have persistent head pain On top of that, i feel lightheaded Plus, i feel achy all over On top of that, my stomach is hurting Additionally, i feel queasy I also experience i have been throwing up",GENERAL MEDICINE
"Patient with chief complaint of abnormal labs, assessed for type 2 diabetes mellitus without complications",ENDOCRINOLOGY
"I have cysts on my ovaries Also, my menstrual cycle is irregular Plus, i am having pregnancy complications Plus, i have issues with my periods Also, i feel slight cramps during my period I also experience i have menorrhagia Also, i have scanty periods Furthermore, my period has been delayed On top of that, i have amenorrhea On top of that, i have persistent vaginal itching Additionally, my vaginal area lacks moisture Plus, my acne is hormone-related On top of that, my lower belly hurts",GYNECOLOGY & OBSTETRICS
"I have been having headaches Additionally, i am experiencing dizziness Furthermore, i have had seizures Furthermore, i have numbness in my extremities I also experience i experience tingling in my feet Plus, i cannot move my muscles properly On top of that, i have tremors Furthermore, i have memory problems Furthermore, i feel muddled and confused Plus, i feel like I might fall I also experience i walk with difficulty Furthermore, i have difficulty with speech Plus, i have facial weakness Plus, i blacked out On top of that, i have sharp nerve pain On top of that, my muscles feel stiff Additionally, i cannot coordinate my movements well Also, i have sleep problems",NEUROLOGY
"Patient with chief complaint of abdominal pain back pain, assessed for unspecified abdominal pain",GASTROENTEROLOGY
"I was diagnosed with PCOS Plus, i have irregular periods Plus, i have problems with my pregnancy I also experience i have problems during menstruation On top of that, i feel slight cramps during my period Plus, i have heavy periods On top of that, i have scanty periods I also experience i have a delayed period Furthermore, i have a missed period I also experience my vaginal area is very itchy On top of that, my vaginal area lacks moisture On top of that, i have hormonal acne Additionally, my lower belly hurts",GYNECOLOGY & OBSTETRICS
"I have swollen feet, puffy ankles, reduced urination, and flank pain.",NEPHROLOGY
Patient presents with left hand pains,GENERAL MEDICINE
"Patient with chief complaint of weakness atrial fibrillation transfer, assessed for unspecified atrial fibrillation",CARDIOLOGY
"I feel feverish Additionally, i have a wet cough Plus, i feel very tired I also experience i feel weak all over Furthermore, i have migraine-like headaches I also experience i am experiencing dizziness Also, i have generalized body pain I also experience i have abdominal cramps On top of that, i feel like I might throw up On top of that, i have been throwing up",GENERAL MEDICINE
"I have been having headaches Additionally, i have vertigo-like dizziness I also experience i have epilepsy-like seizures Additionally, i feel numbness in my body On top of that, i have tingling sensations I also experience i cannot move my muscles properly I also experience my body shakes involuntarily Plus, i have memory loss Additionally, i have mental confusion Additionally, i have poor balance and coordination Furthermore, i walk with difficulty Also, i have trouble speaking Additionally, i have facial weakness Furthermore, i had a loss of consciousness Additionally, i experience shooting nerve pain I also experience my muscles feel stiff Also, i have trouble with fine motor tasks On top of that, i cannot sleep well",NEUROLOGY
Patient presents with abdominal pain dysuria,GENERAL MEDICINE
"Patient with chief complaint of dyspnea foot swelling, assessed for congestive heart failure unspec",CARDIOLOGY
"Patient with chief complaint of abdominal pain abdominal distention, assessed for oth sequela chr liv dis",GASTROENTEROLOGY
"I have vertigo-like dizziness Furthermore, i feel nauseous On top of that, i have pressure in my chest Furthermore, i experience breathing difficulty Furthermore, i have heart palpitations Additionally, i have an uneven heartbeat Also, my BP readings are high Also, i feel like I might faint I also experience i have a fast heartbeat Plus, i have a slow heartbeat Plus, i feel utterly exhausted I also experience i have swelling in my legs Additionally, my chest feels tight Also, i have ankle edema Furthermore, i am drenched in sweat Also, my back is very sore",CARDIOLOGY
Patient presents with nausea and vomiting tinnitus,ENT
"my head hurts Also, i am experiencing dizziness Plus, i experienced a seizure Furthermore, i have numbness in my extremities I also experience i experience tingling in my feet Furthermore, i have muscle weakness Also, my body shakes involuntarily Also, my memory is getting worse Also, i am disoriented Plus, i feel like I might fall Additionally, i walk with difficulty Furthermore, i have trouble speaking Additionally, i have facial paralysis Additionally, i have lost consciousness Furthermore, i have neuropathic pain Also, my muscles are tight and stiff Additionally, i am clumsy Furthermore, i have trouble falling asleep",NEUROLOGY
"my baby has a fever I also experience my baby has a persistent cough Additionally, my child has cold symptoms Also, my baby has a sore throat I also experience my child is struggling to breathe I also experience my infant is vomiting Additionally, my baby has stomach pain I also experience my baby's skin is irritated Also, my baby had a seizure Furthermore, my child refuses to eat Also, my baby is inconsolable Additionally, my infant appears weak and floppy On top of that, my infant has no appetite Plus, my baby is underweight On top of that, my child is not growing properly Also, my infant has delayed development On top of that, my infant cries from ear pain On top of that, my baby has yellow skin I also experience my baby has dry mouth and no tears Furthermore, my baby is wheezing",PEDIATRICS
I am experiencing right foot infection,DERMATOLOGY
"Patient with chief complaint of lower back pain status post fall, assessed for long term current use of oral hypoglycemic drugs",GENERAL MEDICINE
"Emergency presentation: abdominal pain nausea and vomiting, vitals show severe pain score 7 out of 10",GENERAL MEDICINE
"I have polycystic ovary syndrome Plus, i have inconsistent menstrual cycles Furthermore, i have problems with my pregnancy I also experience i have problems during menstruation Also, i have mild period pain Additionally, my periods are very heavy On top of that, my menstrual flow is very light I also experience my menstruation is overdue I also experience i missed my period I also experience my vaginal area is very itchy Plus, i feel dry in the vaginal area Additionally, my acne is hormone-related Also, i feel pain in my lower abdomen",GYNECOLOGY & OBSTETRICS
"I have migraine-like headaches Plus, i have vertigo-like dizziness Plus, i have had seizures Furthermore, i feel tingling and numb On top of that, i have tingling sensations Additionally, my muscles feel weak I also experience i have tremors Additionally, i have memory problems Furthermore, i feel muddled and confused Also, i feel unsteady Plus, i walk with difficulty I also experience i have difficulty with speech Additionally, i have facial weakness On top of that, i had a loss of consciousness Additionally, i feel burning nerve pain I also experience my muscles are tight and stiff Plus, i feel uncoordinated Also, i have insomnia",NEUROLOGY
"I have a throbbing headache Also, i feel lightheaded Also, i have had seizures Also, i feel numbness in my body On top of that, i feel tingling in my hands Furthermore, my muscles feel weak Furthermore, i experience involuntary shaking Plus, i cannot remember recent events Furthermore, i feel muddled and confused I also experience i feel like I might fall Furthermore, i have difficulty walking Also, i cannot speak clearly I also experience i have facial paralysis Additionally, i fainted and lost consciousness On top of that, i have neuropathic pain Also, i experience muscle rigidity Furthermore, i feel uncoordinated On top of that, i have trouble falling asleep",NEUROLOGY
"I have a severe headache I also experience i feel lightheaded I also experience i have had seizures Furthermore, parts of my body feel numb Additionally, i have a tingling sensation all over Also, my muscles feel like they are failing Also, i have tremors Also, my memory is getting worse Additionally, i cannot think clearly Plus, i feel unsteady Plus, i struggle to walk I also experience i have trouble speaking On top of that, i have facial weakness On top of that, i have lost consciousness On top of that, i feel burning nerve pain Also, i experience muscle rigidity Plus, i am clumsy I also experience i have insomnia",NEUROLOGY
"I have vertigo-like dizziness Also, i feel like I might throw up Additionally, i have intermittent chest pain Plus, i have trouble catching my breath Also, my heart is beating fast Furthermore, i have an irregular pulse Furthermore, my BP readings are high Additionally, i feel like I am going to pass out Plus, my heart rate is elevated Furthermore, i have a slow pulse rate Furthermore, i have extreme fatigue Furthermore, my ankles and legs are puffy Also, i have pressure and tightness in my chest On top of that, my ankles are swollen Also, i sweat a lot Plus, i have upper back pain",CARDIOLOGY
"Severe earache, ringing sound in my ears, and partial hearing reduction.",ENT
"my baby feels very hot Also, my infant is coughing a lot On top of that, my baby is sneezing and has a runny nose Additionally, my baby's throat is sore Also, my baby is short of breath I also experience my child has been throwing up Furthermore, my baby has stomach pain Additionally, my baby has a skin rash On top of that, my infant had a fit I also experience my child refuses to eat Additionally, my baby is inconsolable I also experience my baby seems weak Furthermore, my child is not eating I also experience my infant is too small Furthermore, my baby is smaller than expected Additionally, my baby has developmental delays On top of that, my child is pulling at their ear Plus, my child looks jaundiced On top of that, my infant shows signs of dehydration I also experience my infant has wheezing",PEDIATRICS
"I have polycystic ovary syndrome Also, i have inconsistent menstrual cycles Furthermore, i have problems with my pregnancy Also, i have issues with my periods Also, my period pain is mild Plus, i experience heavy menstrual bleeding Also, i have very light periods Plus, i have a delayed period Furthermore, my period did not come this month On top of that, i have persistent vaginal itching Plus, i experience vaginal dryness Furthermore, i have hormonal acne On top of that, i have lower abdominal pain",GYNECOLOGY & OBSTETRICS
"I have polycystic ovary syndrome I also experience i have inconsistent menstrual cycles On top of that, i have pregnancy-related problems Also, i experience menstrual difficulties I also experience i have mild menstrual cramps On top of that, i have menorrhagia On top of that, my menstrual flow is very light Also, my menstruation is overdue I also experience i have amenorrhea Plus, my vaginal area is very itchy Also, i experience vaginal dryness Also, my acne is hormone-related Furthermore, i have lower abdominal pain",GYNECOLOGY & OBSTETRICS
"I have persistent head pain I also experience the room feels like it is spinning Plus, i had a seizure episode Additionally, i feel numbness in my body Also, i have pins and needles feeling I also experience i have muscle weakness Plus, i experience involuntary shaking I also experience i have memory problems Plus, i have mental confusion Plus, i feel like I might fall On top of that, i have trouble walking I also experience my speech is slurred On top of that, my face droops I also experience i have lost consciousness I also experience i experience shooting nerve pain Additionally, i have rigid muscles Furthermore, i cannot coordinate my movements well On top of that, i cannot sleep well",NEUROLOGY
"I have PCOS Plus, my periods are not regular Also, i have problems with my pregnancy Plus, i experience menstrual difficulties On top of that, my period pain is mild I also experience my periods are very heavy I also experience my menstrual flow is very light Additionally, my period has been delayed Also, i missed my period Plus, i feel itchy down there Plus, my vaginal area lacks moisture Also, i have hormonal acne I also experience my lower belly hurts",GYNECOLOGY & OBSTETRICS
"I am experiencing dizziness Furthermore, i have nausea On top of that, i feel a sharp pain in my chest Also, i experience breathing difficulty I also experience i have irregular heartbeats Also, i have an uneven heartbeat Furthermore, my BP readings are high Furthermore, i feel like I am going to pass out On top of that, i have a fast heartbeat Furthermore, i have a slow heartbeat Furthermore, i can barely stay awake Furthermore, my ankles and legs are puffy On top of that, i have pressure and tightness in my chest On top of that, my ankles feel swollen and painful On top of that, i am drenched in sweat Furthermore, i have lower back pain",CARDIOLOGY
"my head hurts I also experience i have vertigo-like dizziness Plus, i have convulsions On top of that, parts of my body feel numb Additionally, i have a tingling sensation all over On top of that, my muscles feel weak I also experience i experience involuntary shaking Furthermore, i keep forgetting things On top of that, i feel confused Plus, i have balance problems I also experience i have trouble walking Also, my speech is slurred Plus, my face droops Plus, i fainted and lost consciousness Additionally, i experience shooting nerve pain Also, i have rigid muscles On top of that, i have trouble with fine motor tasks On top of that, i have trouble falling asleep",NEUROLOGY
"I have upper back pain I also experience parts of my body feel numb Additionally, i have trouble walking On top of that, my joints hurt Furthermore, i have neck pain On top of that, i have knee pain On top of that, my shoulder is very sore Plus, i have hip pain I also experience i have bone pain Additionally, i have muscle pain Additionally, my joints feel puffy and inflamed Plus, i have trouble moving my joints On top of that, i have limited range of motion On top of that, my bone is broken Additionally, my muscles are getting weaker Also, i have a constant tingling sensation Furthermore, i have heel pain Plus, i have a sports injury",ORTHOPEDICS
"Patient with chief complaint of epigastric pain, assessed for dorsalgia unspecified",RHEUMATOLOGY
"I am running a fever On top of that, i have a persistent cough Plus, i have no energy Plus, i feel drained and weak Also, my head hurts On top of that, i feel unsteady and dizzy Furthermore, i have generalized body pain Plus, i have stomach pain Also, i feel nauseous Additionally, i vomited multiple times",GENERAL MEDICINE
"Patient with chief complaint of chest pain jaw pain left arm pain, assessed for chest pain unspecified",GENERAL MEDICINE
"my back is very sore I also experience i have numbness in my extremities Plus, i have trouble walking Plus, i feel pain in my joints Additionally, my neck hurts I also experience i have knee pain Also, my shoulder hurts I also experience i have hip joint pain On top of that, i have bone pain Plus, i have muscle pain Furthermore, i have swollen joints Furthermore, i have trouble moving my joints Also, my movement is limited Furthermore, i have a stress fracture Also, my muscle strength is declining Additionally, i feel tingling throughout my body Additionally, i have heel pain Plus, i have a sprain from sports",ORTHOPEDICS
"I have cysts on my ovaries Furthermore, my menstrual cycle is irregular Furthermore, i have pregnancy-related problems On top of that, i have issues with my periods I also experience i have mild period pain Also, i have heavy periods Plus, i have scanty periods Additionally, my period has been delayed Additionally, i missed my period Also, my vaginal area is very itchy Plus, my vaginal area lacks moisture Plus, i get acne due to hormones Additionally, i have pain in my lower stomach area",GYNECOLOGY & OBSTETRICS
I am experiencing abdominal pain right sided abdominal pain,GASTROENTEROLOGY
"Patient with chief complaint of hemodialysis, assessed for essential primary hypertension",CARDIOLOGY
"Patient with chief complaint of diarrhea hypotension, assessed for hyp chr kidney disease w stage 5 chr kidney disease or esrd",NEPHROLOGY
I am experiencing tachycardia,NEPHROLOGY
"Emergency presentation: chest pain, vitals show severe pain score 9 out of 10",GENERAL MEDICINE
"my baby feels very hot I also experience my baby has a persistent cough I also experience my child has cold symptoms Additionally, my baby has a sore throat On top of that, my baby has breathing difficulty Plus, my baby cannot keep milk down Plus, my child is crying from stomach pain Additionally, my infant has a red rash I also experience my child is having convulsions Additionally, my infant is not drinking milk properly I also experience my infant cries uncontrollably Plus, my baby has low energy Plus, my baby has lost appetite On top of that, my baby is underweight On top of that, my infant has growth issues Furthermore, my infant has delayed development Also, my infant cries from ear pain Also, my infant has jaundice On top of that, my baby is dehydrated On top of that, my infant has wheezing",PEDIATRICS
"Patient with chief complaint of rectal pain, assessed for malignant neopl rectum",GASTROENTEROLOGY
"my body temperature is high Furthermore, i keep coughing I also experience i am constantly fatigued Plus, i feel physically weak Also, i have a severe headache Plus, i am experiencing dizziness Additionally, i have body pain On top of that, my abdomen hurts I also experience i have an upset stomach with nausea Furthermore, i am throwing up",GENERAL MEDICINE
"I have vertigo-like dizziness I also experience i feel nauseous I also experience i have chest pain I also experience i cannot breathe properly Also, my heart is beating fast Also, my heartbeat is irregular Plus, my blood pressure is elevated Additionally, i feel like I am going to pass out On top of that, my heart rate is elevated Furthermore, my heart beats slowly Also, i have extreme fatigue Furthermore, i have swelling in my legs Plus, i have pressure and tightness in my chest Additionally, i have ankle edema Also, i have night sweats On top of that, i have upper back pain",CARDIOLOGY
"Emergency presentation: laryngitis shortness of breath with talking, vitals show elevated temperature 99.4F, heart rate 109 bpm",GENERAL MEDICINE
"I have a fever Also, i have a wet cough Furthermore, i have no energy I also experience i feel drained and weak I also experience my head hurts Also, i feel lightheaded Also, my body is sore Furthermore, i have stomach pain Furthermore, i feel like I might throw up Also, i cannot keep food down",GENERAL MEDICINE
I am experiencing dvt transfer,CARDIOLOGY
"Patient with chief complaint of r foot ulcer cellulitis, assessed for hypertension nos",CARDIOLOGY
"I have PCOS Also, my periods are not regular On top of that, i have pregnancy-related problems Furthermore, i have issues with my periods On top of that, my period pain is mild Additionally, i have heavy periods I also experience my menstrual flow is very light On top of that, my menstruation is overdue Furthermore, my period did not come this month Plus, my vaginal area is very itchy Plus, i feel dry in the vaginal area Also, my acne is hormone-related Also, i feel pain in my lower abdomen",GYNECOLOGY & OBSTETRICS
"my infant is feverish Additionally, my baby is coughing Furthermore, my baby is sneezing and has a runny nose Additionally, my baby has a sore throat Also, my child is struggling to breathe Additionally, my infant is vomiting Also, my baby has stomach pain Plus, my child has a rash on their body On top of that, my baby had a seizure episode I also experience my baby has poor appetite On top of that, my child cries all the time I also experience my baby seems weak I also experience my child is not eating Furthermore, my baby is underweight Plus, my baby is smaller than expected I also experience my child is not meeting milestones I also experience my baby has an ear infection Furthermore, my baby's skin is turning yellow Plus, my baby is dehydrated Furthermore, my infant has wheezing",PEDIATRICS
"my back hurts Furthermore, i have numbness Also, i walk with difficulty I also experience i feel pain in my joints Plus, my neck hurts I also experience my knee is swollen and painful Also, i feel pain in my shoulder Also, my hip hurts Additionally, i have persistent bone pain Furthermore, i have muscle cramps and pain I also experience i have joint swelling I also experience my joints feel rigid Plus, my movement is limited Plus, i have a broken bone Furthermore, i experience muscle fatigue and weakness Plus, i feel tingling throughout my body Plus, i have pain in my heel I also experience i have a sports injury",ORTHOPEDICS
"I feel feverish Plus, i have a dry cough I also experience i feel weak and tired Additionally, i lack strength I also experience i have a throbbing headache Also, the room feels like it is spinning Furthermore, i have generalized body pain On top of that, my abdomen hurts I also experience i have an upset stomach with nausea On top of that, i vomited multiple times",GENERAL MEDICINE
"Patient with chief complaint of abnormal labs hyperglycemia, assessed for long term current use of insulin",GENERAL MEDICINE
"I feel lightheaded Additionally, i am feeling sick to my stomach I also experience i have intermittent chest pain Plus, i have trouble catching my breath On top of that, my heart is beating fast Also, i have an irregular pulse Furthermore, my BP readings are high I also experience i have been fainting Plus, i have a fast heartbeat Plus, my heart beats slowly Also, i feel utterly exhausted Additionally, my ankles and legs are puffy Additionally, i feel chest tightness Plus, my ankles are swollen I also experience i sweat a lot Plus, i have upper back pain",CARDIOLOGY
"I have cysts on my ovaries I also experience my menstrual cycle is irregular Furthermore, i am having pregnancy complications Furthermore, i have problems during menstruation Also, i feel slight cramps during my period Also, i have heavy periods Furthermore, my periods are barely there Plus, i have a delayed period Furthermore, i have a missed period Plus, i have persistent vaginal itching Also, my vaginal area lacks moisture Plus, my acne is hormone-related Furthermore, my lower belly hurts",GYNECOLOGY & OBSTETRICS
"Unexplained dramatic weight loss, persistent night sweats, and a hard painless lump.",ONCOLOGY
"Patient with chief complaint of abnormal labs hyperglycemia, assessed for abn lev hormones in specimens from female genital organs",GENERAL MEDICINE
"my back is very sore Plus, i feel tingling and numb I also experience i walk with difficulty I also experience i have painful joints I also experience i feel pain in my neck Furthermore, i feel pain in my knee Furthermore, my shoulder is very sore Also, i have hip joint pain Furthermore, my bones ache I also experience my muscles are painful Additionally, my joints feel puffy and inflamed Also, i have joint stiffness Additionally, i have limited range of motion I also experience my bone is broken On top of that, i have progressive muscle weakness Additionally, i experience unusual tingling I also experience i have pain in my heel Plus, i have a sports injury",ORTHOPEDICS
"my child has a high temperature Additionally, my baby is coughing Plus, my baby has a cold On top of that, my baby's throat is sore Also, my infant has breathing problems Also, my infant is vomiting Plus, my child is crying from stomach pain I also experience my baby has a skin rash On top of that, my baby had a seizure episode Plus, my baby has poor appetite Furthermore, my baby cries excessively Also, my baby seems weak On top of that, my baby has lost appetite Additionally, my infant is too small Additionally, my baby is smaller than expected Furthermore, my baby has developmental delays Plus, my child is pulling at their ear I also experience my child looks jaundiced Also, my baby has dry mouth and no tears Plus, my baby wheezes when breathing",PEDIATRICS
"my back is very sore On top of that, parts of my body feel numb Also, i have difficulty walking On top of that, i have joint pain Also, i feel pain in my neck On top of that, i have difficulty with my knee I also experience my shoulder hurts Additionally, i feel pain in my hip Additionally, my bones ache Furthermore, my muscles are painful Also, i have swollen joints Plus, my joints feel rigid Also, i have limited range of motion On top of that, my bone is broken Additionally, my muscles are getting weaker On top of that, i have a constant tingling sensation Also, my heel hurts when I walk On top of that, i got injured while playing sports",ORTHOPEDICS
I am experiencing weakness gi bleed,NEUROLOGY
"Patient with chief complaint of l foot pain, assessed for type 2 diabetes mellitus with foot ulcer",GASTROENTEROLOGY
I am experiencing t spine bone fracture displacement,ORTHOPEDICS
"I have a throbbing headache I also experience i feel dizzy Furthermore, i have epilepsy-like seizures On top of that, i have numbness Plus, i experience tingling in my feet Also, my muscles feel weak I also experience my hands are shaking Also, i keep forgetting things Also, i feel confused I also experience i have balance problems Plus, i walk with difficulty Additionally, my speech is slurred Additionally, i have facial paralysis I also experience i had a loss of consciousness Furthermore, i feel burning nerve pain On top of that, my muscles are tight and stiff Furthermore, i cannot coordinate my movements well Plus, i have trouble falling asleep",NEUROLOGY
"my child has a high temperature Furthermore, my baby has a persistent cough Plus, my infant has a cold Plus, my baby has a sore throat Furthermore, my child is struggling to breathe On top of that, my infant is vomiting Also, my baby has stomach pain Plus, my child has a rash on their body Furthermore, my baby had a seizure Additionally, my child refuses to eat Plus, my infant cries uncontrollably On top of that, my baby has low energy Also, my child is not eating I also experience my infant is too small Plus, my baby has delayed growth I also experience my baby is developing slowly Plus, my baby has an ear infection On top of that, my baby's skin is turning yellow Also, my baby has dry mouth and no tears On top of that, my infant has wheezing",PEDIATRICS
Patient presents with abdominal distention abdominal pain lethagic,NEUROLOGY
"I have lower back pain Plus, i feel numbness in my body Also, i have difficulty walking On top of that, i have joint pain Furthermore, i have a stiff neck Furthermore, i have difficulty with my knee Plus, i have a frozen shoulder Plus, i feel pain in my hip Also, my bones ache Plus, i feel muscle soreness Also, my joints feel puffy and inflamed On top of that, my joints feel rigid On top of that, i have limited range of motion On top of that, i have a stress fracture Additionally, i experience muscle fatigue and weakness I also experience i have persistent tingling Also, my heel hurts when I walk Also, i have a sprain from sports",ORTHOPEDICS
"I have PCOS Furthermore, i have inconsistent menstrual cycles I also experience i have problems with my pregnancy Additionally, i have problems during menstruation On top of that, i have mild menstrual cramps Additionally, i have heavy periods Also, i have scanty periods Plus, my menstruation is overdue Plus, my period did not come this month Also, i feel itchy down there Also, i experience vaginal dryness On top of that, i have hormonal acne On top of that, i have lower abdominal pain",GYNECOLOGY & OBSTETRICS
"I feel feverish I also experience i have a wet cough Furthermore, i have no energy Plus, i feel drained and weak Furthermore, i have a throbbing headache Also, the room feels like it is spinning On top of that, i have generalized body pain I also experience my abdomen hurts Also, i have nausea I also experience i have persistent vomiting",GENERAL MEDICINE
"I was diagnosed with PCOS Additionally, my periods are not regular Furthermore, i have problems with my pregnancy Plus, i have issues with my periods Furthermore, i have mild menstrual cramps I also experience my periods are very heavy Furthermore, i have very light periods Additionally, my period is late Additionally, i have amenorrhea I also experience i feel itchy down there On top of that, i feel dry in the vaginal area I also experience i have hormonal acne I also experience i have lower abdominal pain",GYNECOLOGY & OBSTETRICS
"I have a high temperature Also, i have a persistent cough Also, i feel weak and tired On top of that, i have general weakness Additionally, i have migraine-like headaches Furthermore, i feel unsteady and dizzy Also, i have generalized body pain Additionally, my stomach is hurting Also, i am feeling sick to my stomach I also experience i have persistent vomiting",GENERAL MEDICINE
"Patient with chief complaint of left hip bone fracture, assessed for unspecified fall",ORTHOPEDICS
"I have vertigo-like dizziness I also experience i feel queasy Also, i have pressure in my chest I also experience i cannot breathe properly I also experience i have heart palpitations Furthermore, i feel pulse irregularity I also experience my BP readings are high I also experience i have episodes of fainting I also experience i have a rapid pulse Also, i have bradycardia Also, i can barely stay awake Additionally, my ankles and legs are puffy Plus, i have pressure and tightness in my chest On top of that, my ankles feel swollen and painful Furthermore, i am sweating excessively On top of that, i have back pain",CARDIOLOGY
"Patient with chief complaint of transfer motor vehicle collision, assessed for mv collision nos driver",GENERAL MEDICINE
"I was diagnosed with PCOS Also, i have irregular periods Additionally, i have pregnancy-related problems Furthermore, i experience menstrual difficulties Also, i feel slight cramps during my period On top of that, i have menorrhagia Additionally, i have very light periods Plus, my menstruation is overdue Furthermore, i have a missed period On top of that, i have persistent vaginal itching I also experience my vaginal area lacks moisture I also experience i have hormonal acne On top of that, my lower belly hurts",GYNECOLOGY & OBSTETRICS
I am experiencing coffee ground emesis,NEPHROLOGY
I am experiencing shortness of breath,CARDIOLOGY
"I have vertigo-like dizziness Additionally, i have an upset stomach with nausea On top of that, i have chest pain On top of that, i have difficulty breathing I also experience i feel my heart pounding Furthermore, my pulse rate is inconsistent Furthermore, i have high blood pressure Also, i feel like I am going to pass out Additionally, i have a rapid pulse I also experience i have a slow heartbeat Furthermore, i have extreme fatigue Plus, my legs feel heavy and swollen Plus, i have pressure and tightness in my chest Plus, my ankles are puffy I also experience i am drenched in sweat On top of that, my back is very sore",CARDIOLOGY
Patient presents with hyperglycemia overdose,GENERAL MEDICINE
"Patient with chief complaint of epigastric pain, assessed for unspecified atrial fibrillation",CARDIOLOGY
"Patient with chief complaint of dyspnea transfer, assessed for pneumonia unspecified organism",PULMONOLOGY
"I feel unsteady and dizzy Plus, i feel like I might throw up Furthermore, my chest hurts I also experience i have difficulty breathing Additionally, i feel my heart racing Plus, i have an irregular pulse Furthermore, my BP readings are high I also experience i feel like I am going to pass out Additionally, i have a fast heartbeat Plus, i have a slow pulse rate Additionally, i have extreme fatigue Also, i have leg edema Plus, i have a tight feeling in my chest I also experience my ankles feel swollen and painful I also experience i sweat a lot Plus, i have upper back pain",CARDIOLOGY
"I have lower back pain Additionally, parts of my body feel numb Also, i have trouble walking I also experience my joints hurt I also experience i feel pain in my neck On top of that, i have difficulty with my knee Plus, i feel pain in my shoulder Additionally, my hip hurts I also experience my bones ache Additionally, i feel muscle soreness On top of that, i have swollen joints Furthermore, i have trouble moving my joints Additionally, i have restricted movement I also experience my bone is broken I also experience i experience muscle fatigue and weakness I also experience i have a constant tingling sensation I also experience i have plantar fasciitis-like heel pain On top of that, i have a sprain from sports",ORTHOPEDICS
"I have a severe headache Additionally, i feel dizzy Additionally, i have convulsions Furthermore, i feel tingling and numb Also, i feel tingling in my hands Additionally, i have progressive muscle weakness On top of that, i have tremors Plus, i cannot remember recent events On top of that, i feel confused Plus, i feel like I might fall Also, i have difficulty walking Also, i cannot speak clearly Furthermore, i have facial weakness Furthermore, i fainted and lost consciousness I also experience i feel burning nerve pain Plus, my muscles are tight and stiff Plus, i cannot coordinate my movements well Plus, i have trouble falling asleep",NEUROLOGY
"I have polycystic ovary syndrome Plus, i have inconsistent menstrual cycles On top of that, i am having pregnancy complications Also, i experience menstrual difficulties Plus, my period pain is mild Furthermore, i have heavy periods Additionally, my periods are barely there Plus, i have a delayed period I also experience i have amenorrhea I also experience i have persistent vaginal itching On top of that, i feel dry in the vaginal area Additionally, i have persistent acne from hormonal imbalance Also, i have pain in my lower stomach area",GYNECOLOGY & OBSTETRICS
"I feel feverish Additionally, i keep coughing On top of that, i have fatigue I also experience i lack strength Also, i have a throbbing headache I also experience i am experiencing dizziness Furthermore, my whole body aches On top of that, my abdomen hurts On top of that, i have an upset stomach with nausea Additionally, i cannot keep food down",GENERAL MEDICINE
Patient presents with tachycardia hypoxia,CARDIOLOGY
"I am running a fever Plus, i have a wet cough Additionally, i have no energy I also experience my body feels weak Furthermore, i have a throbbing headache Additionally, i have vertigo-like dizziness Additionally, my body is sore Furthermore, i have lower abdominal pain I also experience i have an upset stomach with nausea Plus, i vomited multiple times",GENERAL MEDICINE
I am experiencing altered mental status,GENERAL MEDICINE
"Emergency presentation: diabetic ketoacidosis transfer, vitals show heart rate 115 bpm",GENERAL MEDICINE
"my baby has a fever Plus, my child has a cough Additionally, my baby has a cold I also experience my child is complaining of throat pain Plus, my child is struggling to breathe I also experience my baby is vomiting Also, my baby has a stomach ache Plus, my baby's skin is irritated Also, my baby had a seizure Also, my child refuses to eat Also, my child cries all the time On top of that, my baby seems weak Also, my infant has no appetite Additionally, my baby is underweight On top of that, my baby has delayed growth Plus, my baby has developmental delays On top of that, my child is pulling at their ear Furthermore, my child looks jaundiced I also experience my child is not drinking enough fluids Also, my baby wheezes when breathing",PEDIATRICS
"I have cysts on my ovaries Furthermore, my periods are not regular Also, i have pregnancy-related problems On top of that, i experience menstrual difficulties Plus, my period pain is mild On top of that, i have menorrhagia Plus, i have scanty periods Also, my period has been delayed Plus, i have amenorrhea Plus, i have vaginal itching Also, my vaginal area lacks moisture I also experience i have hormonal acne I also experience i have pain in my lower stomach area",GYNECOLOGY & OBSTETRICS
Stiff painful joints in hands and feet every morning with visible swelling.,RHEUMATOLOGY
"my back hurts Also, i feel tingling and numb Furthermore, i have difficulty walking Also, my joints are aching Plus, i feel pain in my neck Plus, i have difficulty with my knee Furthermore, i have shoulder pain Additionally, i have hip joint pain Also, i have persistent bone pain On top of that, i have muscle cramps and pain On top of that, i have joint swelling I also experience my joints are stiff Additionally, i cannot move my joint fully Also, my bone is broken On top of that, i have progressive muscle weakness Plus, i experience unusual tingling Also, i have heel pain Also, i have a sports injury",ORTHOPEDICS
I am experiencing psychiatric hold,PSYCHIATRY
"my infant is feverish On top of that, my baby has a persistent cough I also experience my baby is sneezing and has a runny nose Furthermore, my infant has throat pain Plus, my infant has breathing problems Additionally, my child has been throwing up Additionally, my child is crying from stomach pain Furthermore, my child has a rash on their body Also, my baby had a seizure Also, my baby has poor appetite Furthermore, my infant cries uncontrollably On top of that, my child is lethargic Plus, my child is not eating I also experience my baby is underweight Plus, my baby is smaller than expected Plus, my baby is developing slowly I also experience my baby has an ear infection Plus, my infant has jaundice Furthermore, my baby is dehydrated Additionally, my baby wheezes when breathing",PEDIATRICS
"I have PCOS On top of that, my menstrual cycle is irregular Also, i have pregnancy-related problems Furthermore, i have issues with my periods Furthermore, i feel slight cramps during my period Furthermore, i have heavy periods Furthermore, i have scanty periods Furthermore, my menstruation is overdue Plus, my period did not come this month Furthermore, i have persistent vaginal itching Also, my vaginal area lacks moisture Additionally, i have persistent acne from hormonal imbalance I also experience i feel pain in my lower abdomen",GYNECOLOGY & OBSTETRICS
"Patient with chief complaint of presyncope weakness, assessed for sarcoidosis of lung",PULMONOLOGY
"Emergency presentation: lower extremity pain, vitals show severe pain score 8 out of 10",ENDOCRINOLOGY
"Patient with chief complaint of shortness of breath abnl labs, assessed for hyposmolality hyponatremia",ENDOCRINOLOGY
Patient presents with psychiatric hold altered mental status,ENDOCRINOLOGY
"I am experiencing dizziness On top of that, i have nausea On top of that, my chest feels tight and painful Furthermore, i cannot breathe properly Furthermore, i feel my heart pounding On top of that, my heartbeat is irregular On top of that, my blood pressure is elevated Plus, i have episodes of fainting Furthermore, my heart beats very fast I also experience my heart rate is low Additionally, i feel utterly exhausted Also, my legs are swollen Additionally, my chest feels constricted Additionally, i have swollen ankles Furthermore, i am drenched in sweat Also, my back is very sore",CARDIOLOGY
"my baby feels very hot Plus, my baby is coughing I also experience my baby is sneezing and has a runny nose I also experience my infant has throat pain Furthermore, my child is struggling to breathe Also, my child has been throwing up Furthermore, my baby has stomach pain Additionally, my baby's skin is irritated On top of that, my baby had a seizure episode On top of that, my child refuses to eat On top of that, my baby is inconsolable Furthermore, my baby seems weak I also experience my baby refuses to eat I also experience my baby is underweight Also, my child is not growing properly On top of that, my infant has delayed development I also experience my child is pulling at their ear Plus, my infant has jaundice Plus, my baby is dehydrated I also experience my baby wheezes when breathing",PEDIATRICS
"I have vertigo-like dizziness Plus, i feel nauseous On top of that, i have pressure in my chest Plus, i cannot breathe properly Additionally, i feel my heart pounding On top of that, i feel pulse irregularity Additionally, i have been diagnosed with high blood pressure Furthermore, i have been fainting I also experience i have a fast heartbeat Additionally, i have bradycardia On top of that, i am incredibly tired Also, my legs feel heavy and swollen Additionally, my chest feels constricted Additionally, i have swollen ankles On top of that, i sweat a lot Plus, my back is very sore",CARDIOLOGY
"Emergency presentation: dyspnea foot swelling, vitals show low oxygen saturation 92%",CARDIOLOGY
"I have back pain Additionally, i have numbness in my extremities Also, i walk with difficulty Furthermore, i feel pain in my joints I also experience i have a stiff neck I also experience i feel pain in my knee On top of that, my shoulder is very sore Furthermore, i have hip pain On top of that, i have persistent bone pain Plus, i have muscle cramps and pain Plus, my joints are swollen I also experience my joints are stiff I also experience i have limited range of motion I also experience i have a broken bone I also experience i experience muscle fatigue and weakness Also, i feel tingling throughout my body Furthermore, i have pain in my heel I also experience i have a sprain from sports",ORTHOPEDICS
"I have cysts on my ovaries Furthermore, i have inconsistent menstrual cycles Additionally, i am having pregnancy complications I also experience i have problems during menstruation Also, i have mild menstrual cramps Additionally, my periods are very heavy Additionally, i have very light periods Also, my period has been delayed I also experience i have a missed period Plus, i have vaginal itching On top of that, i feel dry in the vaginal area Also, my acne is hormone-related Plus, i feel pain in my lower abdomen",GYNECOLOGY & OBSTETRICS
"Patient with chief complaint of diarrhea fever, assessed for noninf gastroenterit nec",GASTROENTEROLOGY
"I have back pain Furthermore, i feel tingling and numb Plus, i struggle to walk Plus, i have joint pain Plus, my neck hurts I also experience i have knee pain I also experience i feel pain in my shoulder Plus, i feel pain in my hip Plus, i have persistent bone pain On top of that, i have muscle pain I also experience i have inflamed swollen joints Additionally, i have joint stiffness I also experience my movement is limited On top of that, i have a broken bone Additionally, my muscles are getting weaker I also experience i have a constant tingling sensation I also experience i have pain in my heel On top of that, i have a sprain from sports",ORTHOPEDICS
"I feel feverish On top of that, i have a wet cough On top of that, i am constantly fatigued On top of that, i have general weakness Also, i have been having headaches Plus, i feel lightheaded On top of that, i have generalized body pain Additionally, my abdomen hurts Plus, i have an upset stomach with nausea On top of that, i am throwing up",GENERAL MEDICINE
"my child has a high temperature Furthermore, my baby is coughing Also, my infant has a cold Furthermore, my baby has a sore throat Plus, my baby is short of breath Furthermore, my infant is vomiting On top of that, my baby has a stomach ache I also experience my infant has a red rash On top of that, my child is having convulsions Additionally, my infant is not drinking milk properly I also experience my baby cries excessively Also, my child is lethargic Additionally, my baby has lost appetite Plus, my infant is too small Additionally, my baby is smaller than expected Furthermore, my baby is developing slowly Furthermore, my child is pulling at their ear I also experience my baby has yellow skin On top of that, my child is not drinking enough fluids Plus, my infant has wheezing",PEDIATRICS
"my back hurts On top of that, i feel numbness in my body Furthermore, i have trouble walking Furthermore, my joints are aching Also, my neck hurts Also, my knee hurts Also, my shoulder hurts Also, i have hip pain On top of that, my bones feel sore On top of that, my muscles ache Also, i have inflamed swollen joints On top of that, i have trouble moving my joints Also, i have limited range of motion Also, i have a stress fracture Furthermore, i have progressive muscle weakness Additionally, i experience unusual tingling On top of that, i have plantar fasciitis-like heel pain On top of that, i got injured while playing sports",ORTHOPEDICS
"my head hurts Additionally, i feel lightheaded Also, i have convulsions Also, i feel numbness in my body Additionally, i have a tingling sensation all over Also, i cannot move my muscles properly Furthermore, i have a tremor in my hands On top of that, my memory is getting worse On top of that, i feel confused I also experience i feel like I might fall Additionally, i struggle to walk Additionally, i cannot speak clearly Also, i have facial paralysis Additionally, i have lost consciousness On top of that, i have neuropathic pain Furthermore, i experience muscle rigidity Plus, i have poor coordination Also, i have sleep problems",NEUROLOGY
"I have a fever I also experience i have a wet cough Furthermore, i am constantly fatigued I also experience i lack strength Also, my head hurts On top of that, i have vertigo-like dizziness Also, i have generalized body pain Additionally, i feel pain in my belly I also experience i am feeling sick to my stomach I also experience i have persistent vomiting",GENERAL MEDICINE
"Patient with chief complaint of right ear pain drainage, assessed for diabetes uncompl juven",ENDOCRINOLOGY
"Patient with chief complaint of dizziness, assessed for hypertension nos",CARDIOLOGY
"I have polycystic ovary syndrome On top of that, my periods are not regular Furthermore, i have pregnancy-related problems I also experience i have problems during menstruation On top of that, my period pain is mild Also, my periods are very heavy On top of that, i have scanty periods Furthermore, my menstruation is overdue Furthermore, my period did not come this month I also experience i feel itchy down there On top of that, my vaginal area lacks moisture Plus, i have persistent acne from hormonal imbalance Furthermore, i have lower abdominal pain",GYNECOLOGY & OBSTETRICS
"I have vertigo-like dizziness Plus, i am feeling sick to my stomach On top of that, my chest feels tight and painful On top of that, i have trouble catching my breath Plus, i feel my heart racing Also, my pulse rate is inconsistent I also experience i have been diagnosed with high blood pressure Additionally, i have episodes of fainting Furthermore, i have tachycardia I also experience i have a slow heartbeat Additionally, i can barely stay awake Also, i have leg edema Furthermore, my chest feels tight Plus, i have ankle edema Plus, i have night sweats I also experience i have lower back pain",CARDIOLOGY
"Emergency presentation: altered mental status, vitals show tachypnea respiratory rate 24, low oxygen saturation 91%",GENERAL MEDICINE
"Patient with chief complaint of chest pain transfer, assessed for essential primary hypertension",CARDIOLOGY
"my child has a high temperature I also experience my baby has a persistent cough On top of that, my baby is sneezing and has a runny nose Plus, my child is complaining of throat pain I also experience my baby has breathing difficulty Additionally, my child has been throwing up Furthermore, my baby has stomach pain Also, my baby's skin is irritated Plus, my infant had a fit Furthermore, my baby has poor appetite On top of that, my baby cries excessively On top of that, my child is lethargic Also, my child is not eating I also experience my child is not gaining weight properly Also, my baby is smaller than expected Additionally, my infant has delayed development Additionally, my infant cries from ear pain On top of that, my baby has yellow skin Plus, my baby has dry mouth and no tears Plus, my baby wheezes when breathing",PEDIATRICS
"Patient with chief complaint of status post fall r wrist pain r wrist injury, assessed for bone fracture low radius w ulna cl",ORTHOPEDICS
"my infant is feverish Also, my child has a cough I also experience my baby has a cold On top of that, my infant has throat pain Additionally, my baby has breathing difficulty I also experience my baby cannot keep milk down Also, my baby has a stomach ache Also, my infant has a red rash Plus, my child is having convulsions Also, my infant is not drinking milk properly Additionally, my baby cries excessively I also experience my baby seems weak Furthermore, my baby refuses to eat Plus, my infant is too small Plus, my baby has delayed growth On top of that, my baby has developmental delays Additionally, my baby has an ear infection On top of that, my baby has yellow skin Furthermore, my baby is dehydrated I also experience my baby is wheezing",PEDIATRICS
"Patient with chief complaint of altered mental status, assessed for semicoma stupor",NEUROLOGY
"my baby feels very hot On top of that, my child has a cough Additionally, my child has cold symptoms Also, my baby's throat is sore I also experience my infant has breathing problems On top of that, my baby cannot keep milk down On top of that, my infant has abdominal pain I also experience my baby has a skin rash I also experience my baby had a seizure episode Plus, my baby has poor appetite Also, my baby is inconsolable Furthermore, my baby seems weak Furthermore, my infant has no appetite I also experience my child is not gaining weight properly Furthermore, my child is not growing properly I also experience my baby has developmental delays On top of that, my baby has an ear infection Furthermore, my baby's skin is turning yellow Additionally, my child is not drinking enough fluids I also experience my child has a wheezing sound when breathing",PEDIATRICS
"I was diagnosed with PCOS On top of that, my periods are not regular Furthermore, i am having pregnancy complications Furthermore, i experience menstrual difficulties Additionally, i have mild menstrual cramps Additionally, i have menorrhagia Plus, my menstrual flow is very light Also, my period has been delayed I also experience i have a missed period On top of that, i feel itchy down there Also, i feel dry in the vaginal area Additionally, i have persistent acne from hormonal imbalance On top of that, i have pain in my lower stomach area",GYNECOLOGY & OBSTETRICS
"I have persistent head pain Furthermore, i am experiencing dizziness I also experience i have had seizures Plus, i have numbness Additionally, i have pins and needles feeling Furthermore, i have muscle weakness I also experience my body shakes involuntarily On top of that, my memory is getting worse Furthermore, i feel confused Additionally, i have poor balance and coordination On top of that, i have trouble walking On top of that, i have trouble speaking Also, i have facial weakness Furthermore, i blacked out I also experience i have nerve pain On top of that, i have rigid muscles Plus, i have poor coordination Also, i have insomnia",NEUROLOGY
"I have vertigo-like dizziness Furthermore, i have nausea On top of that, i have chest pain On top of that, i am short of breath Additionally, my heart skips beats I also experience my heartbeat is irregular Additionally, my blood pressure is elevated I also experience i fainted recently Additionally, i have tachycardia Also, my heart beats slowly Furthermore, i have debilitating fatigue Furthermore, i have swelling in my legs Additionally, my chest feels constricted Plus, i have swollen ankles I also experience i am drenched in sweat Additionally, my back hurts",CARDIOLOGY
"I feel dizzy Also, i have an upset stomach with nausea Plus, i have chest pain On top of that, i am short of breath On top of that, my heart is beating fast Plus, my heartbeat is irregular Additionally, i have hypertension On top of that, i fainted recently On top of that, my heart rate is elevated Plus, i have a slow heartbeat I also experience i feel utterly exhausted Additionally, i have swelling in my legs Plus, i have pressure and tightness in my chest On top of that, my ankles are swollen Furthermore, i sweat a lot On top of that, i have upper back pain",CARDIOLOGY
"Patient with chief complaint of status post fall sdh, assessed for unspecified fall",ORTHOPEDICS
"I have polycystic ovary syndrome Furthermore, my periods are not regular On top of that, i have problems with my pregnancy I also experience i have problems during menstruation Also, i have mild period pain Additionally, i experience heavy menstrual bleeding Also, my menstrual flow is very light Also, my period has been delayed I also experience i missed my period Also, i feel itchy down there I also experience i experience vaginal dryness Furthermore, i have persistent acne from hormonal imbalance Also, my lower belly hurts",GYNECOLOGY & OBSTETRICS
I am experiencing status post fall transfer,ORTHOPEDICS
Patient presents with etoh hypoglycemia,GENERAL MEDICINE
"I have a high temperature Also, i have a dry cough On top of that, i feel very tired Additionally, i have general weakness On top of that, i have a severe headache Additionally, i have vertigo-like dizziness Plus, i have body pain Additionally, i have stomach pain Plus, i feel like I might throw up Additionally, i have persistent vomiting",GENERAL MEDICINE
Patient presents with chest pain transfer,CARDIOLOGY
"I have vertigo-like dizziness Additionally, i feel queasy Furthermore, my chest feels tight and painful I also experience i have trouble catching my breath Plus, i feel my heart racing I also experience my pulse rate is inconsistent Additionally, my blood pressure is elevated Furthermore, i feel like I am going to pass out On top of that, i have a fast heartbeat Additionally, my heart beats slowly Also, i can barely stay awake I also experience my ankles and legs are puffy Furthermore, my chest feels constricted On top of that, my ankles are swollen Additionally, i have excessive sweating Furthermore, my back hurts",CARDIOLOGY
"Patient with chief complaint of transfer status post fall, assessed for bone fracture mult ribs nos closed",ORTHOPEDICS
"Patient with chief complaint of toe pain, assessed for cellulitis of right toe",DERMATOLOGY
"Patient with chief complaint of fatigue status post fall, assessed for weakness",GENERAL MEDICINE
"I have cysts on my ovaries Additionally, i have inconsistent menstrual cycles Also, i have pregnancy-related problems Furthermore, i experience menstrual difficulties Plus, i have mild period pain Plus, i have menorrhagia Plus, my menstrual flow is very light I also experience my menstruation is overdue Plus, i missed my period Also, my vaginal area is very itchy On top of that, i feel dry in the vaginal area Furthermore, i have hormonal acne Also, i have pain in my lower stomach area",GYNECOLOGY & OBSTETRICS
"Patient with chief complaint of allergic reaction, assessed for adv eff medicinal nos",GENERAL MEDICINE
"my back hurts I also experience parts of my body feel numb Plus, i cannot walk properly I also experience my joints hurt Plus, i feel pain in my neck On top of that, i feel pain in my knee Plus, my shoulder hurts Also, i have hip pain Also, i have persistent bone pain Additionally, i have muscle pain Additionally, my joints are swollen Also, my joints are stiff Also, i have difficulty moving Plus, i have a broken bone Also, my muscle strength is declining Furthermore, i experience unusual tingling I also experience i have plantar fasciitis-like heel pain Also, i have a sports injury",ORTHOPEDICS
"my back hurts Plus, i feel numbness in my body Plus, i cannot walk properly Plus, i have painful joints Also, i have neck pain Additionally, i have difficulty with my knee Plus, i have a frozen shoulder Plus, i have hip joint pain Also, my bones feel sore Furthermore, my muscles ache Plus, my joints are swollen Plus, my joints feel rigid Also, i cannot move my joint fully Furthermore, i have a broken bone Furthermore, my muscles are getting weaker Furthermore, i feel tingling throughout my body Plus, my heel hurts when I walk Additionally, i have a sports injury",ORTHOPEDICS
"I have polycystic ovary syndrome Also, i have inconsistent menstrual cycles On top of that, i am experiencing issues during pregnancy On top of that, i have problems during menstruation Also, i have mild menstrual cramps Plus, i have heavy periods Plus, i have very light periods I also experience my period has been delayed I also experience i have amenorrhea Furthermore, i feel itchy down there Furthermore, my vaginal area lacks moisture Additionally, my acne is hormone-related Furthermore, my lower belly hurts",GYNECOLOGY & OBSTETRICS
Patient presents with dehydration fatigue,ENDOCRINOLOGY
"I have persistent head pain On top of that, i feel dizzy On top of that, i have epilepsy-like seizures I also experience i feel tingling and numb Plus, i have tingling sensations I also experience i have muscle weakness On top of that, i have a tremor in my hands Additionally, i cannot remember recent events Also, i have mental confusion On top of that, i have balance problems Furthermore, i walk with difficulty Also, i have trouble speaking On top of that, my facial muscles feel weak Furthermore, i blacked out Also, i experience shooting nerve pain On top of that, i have rigid muscles Furthermore, i have trouble with fine motor tasks On top of that, i wake up frequently at night",NEUROLOGY
"my baby feels very hot Furthermore, my infant is coughing a lot I also experience my baby has a cold Plus, my child is complaining of throat pain Additionally, my baby has breathing difficulty Also, my infant is vomiting I also experience my child is crying from stomach pain Additionally, my infant has a red rash Plus, my baby had a seizure Furthermore, my baby has poor appetite I also experience my baby cries excessively I also experience my baby seems weak Additionally, my baby refuses to eat Plus, my child is not gaining weight properly Also, my child is not growing properly Plus, my child is not meeting milestones Additionally, my infant cries from ear pain Plus, my infant has jaundice Also, my child is not drinking enough fluids On top of that, my baby wheezes when breathing",PEDIATRICS
"my back is very sore Additionally, i feel numbness in my body On top of that, i have difficulty walking Furthermore, i feel pain in my joints Plus, i have a stiff neck Plus, my knee hurts Additionally, i have shoulder pain Plus, my hip hurts Furthermore, i have persistent bone pain Furthermore, i have muscle pain Additionally, i have inflamed swollen joints Furthermore, my joints feel rigid On top of that, i have restricted movement Plus, i have a bone fracture Furthermore, i have progressive muscle weakness Additionally, i experience unusual tingling Also, my heel feels painful Furthermore, i have a sports injury",ORTHOPEDICS
"Unexplained low red blood cell count symptoms, weakness, dizziness, and cold limbs.",HEMATOLOGY
"my child has a high temperature Plus, my baby has a persistent cough On top of that, my infant has a cold Additionally, my child is complaining of throat pain Furthermore, my infant has breathing problems On top of that, my child has been throwing up Furthermore, my baby has stomach pain Also, my baby has a skin rash Furthermore, my baby had a seizure Plus, my baby is not feeding well Plus, my baby cries excessively Additionally, my baby seems weak Plus, my child is not eating On top of that, my baby is underweight Also, my infant has growth issues Plus, my baby has developmental delays On top of that, my baby has ear pain Additionally, my baby's skin is turning yellow Also, my baby is dehydrated Furthermore, my child has a wheezing sound when breathing",PEDIATRICS
"my head hurts Also, the room feels like it is spinning Furthermore, i have had seizures Plus, i feel tingling and numb Plus, i experience tingling in my feet Additionally, i have progressive muscle weakness Plus, my hands are shaking On top of that, i cannot remember recent events Additionally, i cannot think clearly Furthermore, i feel like I might fall I also experience i walk with difficulty I also experience i have speech problems Furthermore, i have facial paralysis I also experience i fainted and lost consciousness Furthermore, i feel burning nerve pain I also experience i have muscle stiffness Plus, i have trouble with fine motor tasks Plus, i have trouble falling asleep",NEUROLOGY
"Patient with chief complaint of abdominal pain abdominal distention, assessed for unspecified viral hepatitis c without hepatic coma",NEUROLOGY
"I have polycystic ovary syndrome Additionally, my menstrual cycle is irregular Furthermore, i have problems with my pregnancy Also, i have issues with my periods Additionally, i feel slight cramps during my period On top of that, i have heavy periods On top of that, i have very light periods Plus, i have a delayed period Additionally, i have amenorrhea Also, i have vaginal itching On top of that, my vaginal area lacks moisture Additionally, i get acne due to hormones On top of that, i feel pain in my lower abdomen",GYNECOLOGY & OBSTETRICS
"I have cysts on my ovaries Plus, my periods are not regular I also experience i have pregnancy-related problems Also, i have menstrual problems On top of that, i feel slight cramps during my period Also, i have heavy periods On top of that, my periods are barely there Also, my period has been delayed Plus, i missed my period Furthermore, i have persistent vaginal itching Also, i feel dry in the vaginal area Plus, i have persistent acne from hormonal imbalance Also, i have pain in my lower stomach area",GYNECOLOGY & OBSTETRICS
"I feel unsteady and dizzy Additionally, i have nausea I also experience i have pressure in my chest Also, i have difficulty breathing Also, i feel my heart pounding I also experience i have an uneven heartbeat On top of that, i have hypertension Furthermore, i fainted recently Furthermore, i have tachycardia Plus, i have a slow pulse rate On top of that, i have extreme fatigue I also experience my legs feel heavy and swollen On top of that, i feel chest tightness I also experience my ankles are swollen Plus, i have night sweats Furthermore, my back hurts",CARDIOLOGY
"I have cysts on my ovaries Furthermore, my periods are not regular Furthermore, i have problems with my pregnancy Plus, i have issues with my periods Additionally, my period pain is mild Also, i have menorrhagia Additionally, my periods are barely there I also experience my period has been delayed Plus, i have a missed period Additionally, my vaginal area is very itchy Also, my vaginal area lacks moisture Plus, i get acne due to hormones Also, i feel pain in my lower abdomen",GYNECOLOGY & OBSTETRICS
"I have cysts on my ovaries I also experience my periods are not regular I also experience i am experiencing issues during pregnancy Additionally, i experience menstrual difficulties I also experience i have mild menstrual cramps Furthermore, i have heavy periods On top of that, my menstrual flow is very light On top of that, my period has been delayed Also, i have amenorrhea Also, i feel itchy down there Furthermore, i have vaginal dryness Additionally, i have hormonal acne I also experience my lower belly hurts",GYNECOLOGY & OBSTETRICS
"I have persistent head pain On top of that, i feel lightheaded Furthermore, i have convulsions Plus, i have numbness Plus, i have pins and needles feeling Furthermore, i cannot move my muscles properly Plus, i have a tremor in my hands Plus, i have memory problems I also experience i cannot think clearly Also, i feel like I might fall Also, i have trouble walking Also, i have speech problems On top of that, one side of my face feels weak Additionally, i was unconscious for a period Additionally, i have sharp nerve pain Also, i experience muscle rigidity On top of that, i cannot coordinate my movements well Also, i cannot sleep well",NEUROLOGY
"Patient with chief complaint of cough dyspnea, assessed for cough",GENERAL MEDICINE
"Patient with chief complaint of aortic disection, assessed for joint pain shlder",ORTHOPEDICS
"Patient with chief complaint of b leg swelling, assessed for pure hypercholesterolemia unspecified",ENDOCRINOLOGY
"Patient with chief complaint of transfer, assessed for pericardial effusion noninflammatory",CARDIOLOGY
"my head hurts Furthermore, i have vertigo-like dizziness I also experience i have had seizures Additionally, parts of my body feel numb Furthermore, i feel tingling in my hands Additionally, i have muscle weakness Also, my body shakes involuntarily Additionally, i have memory loss On top of that, i feel muddled and confused Furthermore, i feel like I might fall Furthermore, i struggle to walk Additionally, i have speech problems Furthermore, my facial muscles feel weak Also, i blacked out Also, i feel burning nerve pain Furthermore, i have muscle stiffness On top of that, i have poor coordination Also, i cannot sleep well",NEUROLOGY
I am experiencing weakness hypotension,GENERAL MEDICINE
"I have polycystic ovary syndrome Plus, my periods are not regular Furthermore, i am having pregnancy complications Furthermore, i have menstrual problems Plus, i feel slight cramps during my period On top of that, i have heavy periods Plus, i have scanty periods On top of that, my period is late I also experience i missed my period Plus, i feel itchy down there Plus, i feel dry in the vaginal area Also, i get acne due to hormones Additionally, i have lower abdominal pain",GYNECOLOGY & OBSTETRICS
"Emergency presentation: hypothermia, vitals show severe pain score 13 out of 10",ORTHOPEDICS
I am experiencing wound evaluation,GENERAL MEDICINE
"my baby feels very hot On top of that, my baby has a persistent cough Furthermore, my baby has a cold On top of that, my child is complaining of throat pain Plus, my baby is short of breath Plus, my baby cannot keep milk down I also experience my baby has a stomach ache Furthermore, my baby's skin is irritated I also experience my baby had a seizure Plus, my infant is not drinking milk properly I also experience my baby cries excessively Plus, my child is lethargic On top of that, my baby has lost appetite I also experience my baby is underweight Additionally, my baby has delayed growth Additionally, my baby is developing slowly I also experience my baby has ear pain I also experience my child looks jaundiced Also, my infant shows signs of dehydration Also, my infant has wheezing",PEDIATRICS
"I have been having headaches Plus, i feel dizzy Plus, i had a seizure episode Plus, i feel tingling and numb I also experience i feel tingling in my hands Additionally, my muscles feel weak I also experience i have a tremor in my hands I also experience my memory is getting worse I also experience i cannot think clearly Furthermore, i have trouble maintaining balance I also experience i cannot walk properly Additionally, i cannot speak clearly Additionally, my facial muscles feel weak I also experience i blacked out Furthermore, i have neuropathic pain Also, i have rigid muscles Plus, i have poor coordination Furthermore, i have insomnia",NEUROLOGY
"I was diagnosed with PCOS On top of that, my periods are not regular Plus, i have pregnancy-related problems Also, i have menstrual problems Also, my period pain is mild Also, i experience heavy menstrual bleeding On top of that, i have very light periods On top of that, my period is late Plus, i missed my period On top of that, my vaginal area is very itchy Additionally, i have vaginal dryness Additionally, my acne is hormone-related On top of that, i have pain in my lower stomach area",GYNECOLOGY & OBSTETRICS
"I have back pain Plus, i feel tingling and numb Plus, i walk with difficulty Furthermore, i feel pain in my joints Additionally, i have a stiff neck Additionally, my knee is swollen and painful I also experience my shoulder hurts Additionally, my hip hurts Plus, my bones ache Plus, my muscles are painful Also, i have inflamed swollen joints Additionally, my joints feel rigid Also, i have restricted movement Plus, i have a broken bone On top of that, i experience muscle fatigue and weakness Plus, i feel tingling throughout my body Furthermore, my heel hurts when I walk I also experience i have a sports injury",ORTHOPEDICS
"I have a high temperature Furthermore, i have a persistent cough On top of that, i am constantly fatigued Plus, i feel drained and weak Plus, my head hurts Additionally, i feel unsteady and dizzy Additionally, my whole body aches Furthermore, my stomach is hurting Additionally, i feel nauseous Plus, i have persistent vomiting",GENERAL MEDICINE
"I have upper back pain Furthermore, parts of my body feel numb On top of that, i have trouble walking Furthermore, my joints are aching Additionally, i have a stiff neck I also experience i feel pain in my knee Additionally, i feel pain in my shoulder I also experience i have hip joint pain Also, my bones ache Plus, my muscles are painful On top of that, i have swollen joints I also experience i have joint stiffness Furthermore, i cannot move my joint fully Plus, my bone is broken I also experience my muscles are getting weaker Also, i experience unusual tingling Additionally, i have plantar fasciitis-like heel pain Additionally, i injured myself during exercise",ORTHOPEDICS
"my head hurts On top of that, the room feels like it is spinning Plus, i have convulsions Also, i have numbness in my extremities Also, i have tingling sensations I also experience my muscles feel like they are failing Plus, my hands are shaking Plus, i keep forgetting things Additionally, i am disoriented Additionally, i have balance problems Furthermore, i have trouble walking On top of that, i have trouble speaking Additionally, my face droops On top of that, i was unconscious for a period On top of that, i have nerve pain Additionally, i have rigid muscles Additionally, i feel uncoordinated On top of that, i wake up frequently at night",NEUROLOGY
"Patient with chief complaint of dizziness diplopia, assessed for weakness",GENERAL MEDICINE
"my back is very sore Also, i have numbness Also, i struggle to walk I also experience my joints hurt Additionally, my neck is very painful Also, i feel pain in my knee Additionally, my shoulder is very sore Furthermore, i have hip joint pain Furthermore, i have bone pain On top of that, i have muscle pain On top of that, my joints are swollen On top of that, my joints are stiff Furthermore, i have limited range of motion On top of that, my bone is broken Plus, my muscle strength is declining Also, i have persistent tingling Also, i have heel pain Additionally, i got injured while playing sports",ORTHOPEDICS
"my back hurts Furthermore, i have numbness in my extremities Additionally, i have difficulty walking I also experience i feel pain in my joints Also, i have a stiff neck Additionally, my knee is swollen and painful Additionally, i feel pain in my shoulder I also experience my hip is stiff and painful On top of that, my bones feel sore Additionally, my muscles are painful Also, my joints feel puffy and inflamed On top of that, i feel stiff in my joints Additionally, i have difficulty moving I also experience my bone is broken Furthermore, i have progressive muscle weakness Furthermore, i feel tingling throughout my body Plus, my heel feels painful Additionally, i injured myself during exercise",ORTHOPEDICS
I am experiencing hemodialysis,CARDIOLOGY
"I have vertigo-like dizziness Additionally, i feel like I might throw up I also experience i have intermittent chest pain Additionally, i cannot breathe properly On top of that, i feel my heart racing On top of that, i have an irregular pulse On top of that, my blood pressure is elevated I also experience i have been fainting Also, i have tachycardia Furthermore, i have bradycardia Plus, i feel utterly exhausted Additionally, my legs feel heavy and swollen Additionally, i have pressure and tightness in my chest Also, my ankles are puffy I also experience i am sweating excessively Additionally, i have back pain",CARDIOLOGY
"my head hurts Also, i feel lightheaded Additionally, i have had seizures Plus, i have numbness Furthermore, i have a tingling sensation all over Furthermore, i have muscle weakness Plus, i have a tremor in my hands Plus, my memory is getting worse Plus, i feel confused Additionally, i have trouble maintaining balance On top of that, i struggle to walk Also, i cannot speak clearly Furthermore, i have facial paralysis Plus, i have lost consciousness I also experience i experience shooting nerve pain Additionally, i have rigid muscles I also experience i have poor coordination Furthermore, i have trouble falling asleep",NEUROLOGY
"my baby has a fever Also, my infant is coughing a lot Plus, my infant has a cold Also, my baby's throat is sore Plus, my baby has breathing difficulty Furthermore, my baby is vomiting Plus, my infant has abdominal pain Also, my baby has a skin rash Furthermore, my baby had a seizure episode Furthermore, my baby is not feeding well Plus, my infant cries uncontrollably On top of that, my child is lethargic Also, my child is not eating On top of that, my baby has low birth weight On top of that, my baby has delayed growth Also, my baby is developing slowly Furthermore, my baby has an ear infection I also experience my infant has jaundice Furthermore, my child is not drinking enough fluids Furthermore, my baby wheezes when breathing",PEDIATRICS
"my back is very sore I also experience i feel tingling and numb Also, i have difficulty walking Plus, i have painful joints I also experience i have neck pain Additionally, i have knee pain Additionally, my shoulder hurts Additionally, my hip hurts Plus, i feel deep bone pain On top of that, my muscles ache I also experience i have inflamed swollen joints Plus, my joints feel rigid On top of that, i cannot move my joint fully On top of that, i have a stress fracture Also, i experience muscle fatigue and weakness On top of that, i have a constant tingling sensation Additionally, i have pain in my heel On top of that, i injured myself during exercise",ORTHOPEDICS
"I have upper back pain Also, i feel tingling and numb Furthermore, i have difficulty walking I also experience my joints are aching Plus, my neck is very painful Furthermore, my knee is swollen and painful Additionally, my shoulder hurts Also, i feel pain in my hip I also experience i have bone pain Also, my muscles are painful Additionally, my joints feel puffy and inflamed Plus, i feel stiff in my joints Furthermore, i have difficulty moving Also, i have a stress fracture I also experience my muscle strength is declining Additionally, i feel tingling throughout my body Additionally, i have pain in my heel Furthermore, i injured myself during exercise",ORTHOPEDICS
"Patient with chief complaint of lower back pain, assessed for lumbago",RHEUMATOLOGY
Patient presents with right leg cellulitis,DERMATOLOGY
"my infant is feverish Furthermore, my infant is coughing a lot Furthermore, my baby is sneezing and has a runny nose Also, my baby has a sore throat Plus, my child is struggling to breathe Additionally, my baby cannot keep milk down On top of that, my baby has stomach pain On top of that, my infant has a red rash Plus, my infant had a fit I also experience my child refuses to eat Also, my baby is inconsolable Furthermore, my infant appears weak and floppy Additionally, my baby refuses to eat Also, my child is not gaining weight properly Also, my infant has growth issues Additionally, my baby has developmental delays I also experience my infant cries from ear pain Additionally, my baby's skin is turning yellow I also experience my baby is dehydrated Also, my baby wheezes when breathing",PEDIATRICS
"I am experiencing dizziness Additionally, i feel queasy Plus, i feel a sharp pain in my chest On top of that, i feel breathless Also, i feel my heart pounding On top of that, my heartbeat is irregular Plus, my BP readings are high Also, i have been fainting Plus, i have a rapid pulse Furthermore, my heart rate is low Furthermore, i feel utterly exhausted Also, my ankles and legs are puffy Plus, i feel chest tightness Plus, my ankles are puffy I also experience i am drenched in sweat I also experience i have upper back pain",CARDIOLOGY
"my back hurts I also experience i have numbness Plus, i have difficulty walking On top of that, i have joint pain I also experience i feel pain in my neck I also experience my knee is swollen and painful I also experience my shoulder hurts Additionally, i feel pain in my hip I also experience i feel deep bone pain On top of that, my muscles ache Also, my joints are swollen Furthermore, i have trouble moving my joints Also, my movement is limited Also, my bone is broken Furthermore, i experience muscle fatigue and weakness On top of that, i experience unusual tingling I also experience my heel hurts when I walk Plus, i got injured while playing sports",ORTHOPEDICS
"Patient with chief complaint of eye evaluation, assessed for diabetes uncompl adult",ENDOCRINOLOGY
I am experiencing chest pain transfer,CARDIOLOGY
"I have a high temperature Additionally, i keep coughing Furthermore, i am constantly fatigued On top of that, i feel drained and weak Furthermore, i have a throbbing headache I also experience i feel lightheaded Furthermore, my body is sore Also, i have stomach pain I also experience i feel nauseous Also, i have been throwing up",GENERAL MEDICINE
"I have persistent head pain On top of that, i am experiencing dizziness Plus, i have had seizures On top of that, i have numbness I also experience i have pins and needles feeling Additionally, my muscles feel weak Additionally, i experience involuntary shaking Also, my memory is getting worse Additionally, i feel confused Additionally, i feel unsteady Also, i walk with difficulty Plus, i have speech problems Additionally, i have facial paralysis Additionally, i blacked out Additionally, i have sharp nerve pain I also experience i experience muscle rigidity Also, i feel uncoordinated Furthermore, i have insomnia",NEUROLOGY
"I have upper back pain Furthermore, i have numbness in my extremities Also, i struggle to walk On top of that, i have joint pain Also, i have neck pain I also experience i have knee pain I also experience my shoulder hurts On top of that, i have hip pain I also experience i have persistent bone pain I also experience i have muscle cramps and pain Furthermore, i have swollen joints Also, my joints are stiff Also, i have restricted movement Also, i fractured a bone On top of that, i experience muscle fatigue and weakness I also experience i have persistent tingling Furthermore, i have plantar fasciitis-like heel pain Furthermore, i have a sports injury",ORTHOPEDICS
"I have a throbbing headache On top of that, i feel dizzy Additionally, i have convulsions On top of that, i feel tingling and numb I also experience i have pins and needles feeling I also experience i have muscle weakness Furthermore, my body shakes involuntarily Furthermore, i have memory problems I also experience i am disoriented On top of that, i have balance problems Plus, i walk with difficulty Additionally, i cannot speak clearly On top of that, one side of my face feels weak Plus, i fainted and lost consciousness Plus, i have nerve pain I also experience i experience muscle rigidity Also, i have poor coordination Also, i cannot sleep well",NEUROLOGY
"I was diagnosed with PCOS On top of that, my periods are not regular On top of that, i have problems with my pregnancy On top of that, i have issues with my periods Furthermore, my period pain is mild On top of that, i have heavy periods I also experience my periods are barely there Also, my menstruation is overdue Furthermore, my period did not come this month Furthermore, i have vaginal itching I also experience i feel dry in the vaginal area I also experience i get acne due to hormones Additionally, i feel pain in my lower abdomen",GYNECOLOGY & OBSTETRICS
"Patient with chief complaint of foot laceration, assessed for hypercholesterolemia",ENDOCRINOLOGY
"I have vertigo-like dizziness Also, i feel nauseous Also, my chest hurts Also, i experience breathing difficulty Also, my heart skips beats Additionally, my heartbeat is irregular Furthermore, my BP readings are high Plus, i have been fainting Also, my heart rate is elevated Plus, i have a slow pulse rate Additionally, i have debilitating fatigue Furthermore, my legs are swollen I also experience my chest feels tight I also experience my ankles are swollen I also experience i have night sweats On top of that, i have lower back pain",CARDIOLOGY
"I have cysts on my ovaries Also, i have irregular periods Plus, i have pregnancy-related problems On top of that, i have menstrual problems Furthermore, i have mild menstrual cramps I also experience i have menorrhagia Plus, i have very light periods Also, my menstruation is overdue Furthermore, i have a missed period On top of that, i have vaginal itching Also, my vaginal area lacks moisture On top of that, my acne is hormone-related Plus, my lower belly hurts",GYNECOLOGY & OBSTETRICS
"Emergency presentation: status post fall transfer, vitals show heart rate 116 bpm",ORTHOPEDICS
"I have cysts on my ovaries Additionally, my periods are not regular On top of that, i have pregnancy-related problems On top of that, i have problems during menstruation Also, my period pain is mild On top of that, my periods are very heavy Also, i have scanty periods I also experience my menstruation is overdue On top of that, i have amenorrhea On top of that, my vaginal area is very itchy Additionally, i have vaginal dryness Furthermore, i have persistent acne from hormonal imbalance On top of that, i have lower abdominal pain",GYNECOLOGY & OBSTETRICS
"my head hurts Additionally, the room feels like it is spinning Furthermore, i have had seizures Plus, i have numbness in my extremities Plus, i experience tingling in my feet Additionally, i have muscle weakness Furthermore, my body shakes involuntarily On top of that, i have memory loss Plus, i feel confused I also experience i have poor balance and coordination Plus, i have trouble walking Also, i have trouble speaking Additionally, my face droops On top of that, i fainted and lost consciousness Additionally, i feel burning nerve pain Furthermore, my muscles are tight and stiff On top of that, i cannot coordinate my movements well On top of that, i have sleep problems",NEUROLOGY
"I have persistent head pain Also, i feel unsteady and dizzy Plus, i have had seizures Additionally, i have numbness Also, i experience tingling in my feet Furthermore, i have progressive muscle weakness Furthermore, i have tremors Furthermore, i keep forgetting things Furthermore, i feel muddled and confused Furthermore, i have trouble maintaining balance I also experience i have difficulty walking Also, i have speech problems Additionally, i have facial paralysis Additionally, i have lost consciousness Plus, i have nerve pain I also experience i have rigid muscles Also, i feel uncoordinated Furthermore, i have insomnia",NEUROLOGY
"Patient with chief complaint of lethargy shortness of breath, assessed for acute respiratory failure",PULMONOLOGY
"Patient with chief complaint of weakness abnormal labs, assessed for acute kidney failure unspecified",NEPHROLOGY
"I have a throbbing headache Additionally, i have vertigo-like dizziness Furthermore, i have convulsions Plus, i feel numbness in my body On top of that, i have pins and needles feeling Plus, my muscles feel weak Furthermore, my body shakes involuntarily Furthermore, i have memory loss Additionally, i am disoriented Plus, i have trouble maintaining balance I also experience i struggle to walk Additionally, i cannot speak clearly Plus, one side of my face feels weak I also experience i have lost consciousness Additionally, i feel burning nerve pain Plus, i have muscle stiffness On top of that, i have poor coordination I also experience i have sleep problems",NEUROLOGY
"Patient with chief complaint of head injury status post fall, assessed for fall same lev from slip trip without strike against object init",ORTHOPEDICS
"my head hurts Plus, i have vertigo-like dizziness Also, i experienced a seizure Furthermore, i feel numbness in my body Also, i have tingling sensations I also experience i have progressive muscle weakness On top of that, i experience involuntary shaking Also, my memory is getting worse Additionally, i am disoriented On top of that, i feel like I might fall Plus, i struggle to walk Furthermore, i have difficulty with speech I also experience my facial muscles feel weak Additionally, i was unconscious for a period Plus, i have neuropathic pain Plus, i have muscle stiffness Furthermore, i am clumsy On top of that, i wake up frequently at night",NEUROLOGY
"Patient with chief complaint of dyspnea, assessed for lobar pneumonia unspecified organism",PULMONOLOGY
"Patient with chief complaint of chest pain, assessed for chest pain unspecified",GENERAL MEDICINE
"my baby feels very hot Furthermore, my baby is coughing On top of that, my child has cold symptoms Plus, my baby has a sore throat On top of that, my infant has breathing problems I also experience my baby is vomiting On top of that, my infant has abdominal pain Furthermore, my infant has a red rash Plus, my baby had a seizure I also experience my baby is not feeding well Also, my baby cries excessively Additionally, my infant appears weak and floppy On top of that, my child is not eating Furthermore, my child is not gaining weight properly Also, my infant has growth issues I also experience my child is not meeting milestones I also experience my child is pulling at their ear Furthermore, my infant has jaundice I also experience my child is not drinking enough fluids Plus, my child has a wheezing sound when breathing",PEDIATRICS
"Patient with chief complaint of altered mental status, assessed for diabetes uncompl adult",ENDOCRINOLOGY
"my back hurts On top of that, i have numbness in my extremities I also experience i have difficulty walking Additionally, i feel pain in my joints Also, my neck hurts I also experience i have difficulty with my knee On top of that, i have shoulder pain Additionally, my hip is stiff and painful Additionally, i have persistent bone pain I also experience i have muscle cramps and pain On top of that, i have inflamed swollen joints On top of that, i have joint stiffness Additionally, i have limited range of motion Plus, i have a stress fracture On top of that, i have progressive muscle weakness Plus, i feel tingling throughout my body Additionally, i have plantar fasciitis-like heel pain Also, i have a sports injury",ORTHOPEDICS
"I have a fever Furthermore, i keep coughing Furthermore, i feel exhausted Plus, i lack strength Furthermore, my head hurts Plus, i feel unsteady and dizzy On top of that, my body is sore Also, my abdomen hurts Additionally, i feel like I might throw up I also experience i have persistent vomiting",GENERAL MEDICINE
"I was diagnosed with PCOS Furthermore, i have irregular periods Furthermore, i have pregnancy-related problems I also experience i have issues with my periods Plus, my period pain is mild I also experience i have heavy periods Additionally, i have scanty periods Plus, my period is late I also experience i missed my period Furthermore, i have vaginal itching Furthermore, i experience vaginal dryness I also experience i have persistent acne from hormonal imbalance Also, my lower belly hurts",GYNECOLOGY & OBSTETRICS
"my baby has a fever On top of that, my baby has a persistent cough Plus, my infant has a cold I also experience my infant has throat pain Additionally, my baby is short of breath Furthermore, my baby cannot keep milk down Furthermore, my infant has abdominal pain Plus, my child has a rash on their body Additionally, my baby had a seizure episode Also, my child refuses to eat Furthermore, my baby is inconsolable Additionally, my child is lethargic I also experience my baby refuses to eat Plus, my infant is too small Plus, my baby is smaller than expected Also, my baby has developmental delays Additionally, my infant cries from ear pain Additionally, my baby has yellow skin Also, my baby has dry mouth and no tears Plus, my baby wheezes when breathing",PEDIATRICS
"my head hurts Furthermore, i feel unsteady and dizzy On top of that, i have had seizures Additionally, i have numbness Plus, i feel tingling in my hands On top of that, i cannot move my muscles properly Also, my hands are shaking On top of that, i have memory loss I also experience i am disoriented On top of that, i feel like I might fall Also, i walk with difficulty Additionally, i have speech problems Additionally, my facial muscles feel weak Also, i was unconscious for a period Additionally, i have neuropathic pain On top of that, my muscles feel stiff Also, i cannot coordinate my movements well Additionally, i have trouble falling asleep",NEUROLOGY
"Patient with chief complaint of confusion status post fall, assessed for essential primary hypertension",CARDIOLOGY
"I feel dizzy Plus, i feel queasy I also experience my chest hurts I also experience i have difficulty breathing Additionally, i have heart palpitations Additionally, i feel pulse irregularity I also experience my blood pressure is elevated Plus, i feel like I am going to pass out Additionally, my heart beats very fast Plus, i have a slow pulse rate Additionally, i can barely stay awake Plus, my legs are swollen On top of that, i have a tight feeling in my chest Plus, my ankles are swollen Furthermore, i have excessive sweating Additionally, i have upper back pain",CARDIOLOGY
"Patient with chief complaint of dizziness weakness, assessed for urin tract infection nos",NEPHROLOGY
"my infant is feverish Plus, my infant is coughing a lot Plus, my baby is sneezing and has a runny nose I also experience my child is complaining of throat pain Additionally, my child is struggling to breathe Plus, my baby cannot keep milk down Plus, my baby has stomach pain Also, my baby's skin is irritated On top of that, my child is having convulsions Furthermore, my baby is not feeding well I also experience my child cries all the time Plus, my child is lethargic Additionally, my baby refuses to eat Also, my child is not gaining weight properly Also, my baby has delayed growth I also experience my infant has delayed development On top of that, my infant cries from ear pain Furthermore, my infant has jaundice Additionally, my baby is dehydrated On top of that, my baby wheezes when breathing",PEDIATRICS
"my back is very sore Also, i have numbness On top of that, i walk with difficulty I also experience my joints are aching Additionally, i feel pain in my neck On top of that, my knee hurts I also experience i have shoulder pain I also experience i feel pain in my hip On top of that, my bones ache Additionally, i feel muscle soreness Plus, i have joint swelling Additionally, my joints are stiff Furthermore, my movement is limited Also, i have a stress fracture Plus, my muscle strength is declining Also, i experience unusual tingling On top of that, i have plantar fasciitis-like heel pain I also experience i got injured while playing sports",ORTHOPEDICS
"I have vertigo-like dizziness Plus, i feel queasy I also experience my chest feels tight and painful I also experience i am short of breath Also, i feel my heart racing Furthermore, i feel pulse irregularity On top of that, my BP readings are high Additionally, i have been fainting Furthermore, my heart beats very fast Plus, i have bradycardia Also, i can barely stay awake Also, my ankles and legs are puffy Additionally, i feel chest tightness Plus, my ankles feel swollen and painful Plus, i sweat a lot Also, my back is very sore",CARDIOLOGY
"Patient with chief complaint of l foot pain, assessed for long term current use of insulin",GENERAL MEDICINE
"I have PCOS Furthermore, my menstrual cycle is irregular I also experience i have problems with my pregnancy Also, i have problems during menstruation Plus, i have mild menstrual cramps Plus, i experience heavy menstrual bleeding Additionally, my periods are barely there Also, my period has been delayed Also, i missed my period Plus, my vaginal area is very itchy Plus, my vaginal area lacks moisture Furthermore, i have persistent acne from hormonal imbalance Furthermore, i have lower abdominal pain",GYNECOLOGY & OBSTETRICS
"my child has a high temperature Also, my child has a cough On top of that, my baby has a cold Additionally, my child is complaining of throat pain I also experience my child is struggling to breathe Additionally, my infant is vomiting I also experience my baby has stomach pain I also experience my baby has a skin rash On top of that, my baby had a seizure episode I also experience my baby has poor appetite Plus, my baby cries excessively Furthermore, my infant appears weak and floppy I also experience my baby refuses to eat I also experience my child is not gaining weight properly Also, my child is not growing properly I also experience my baby has developmental delays On top of that, my infant cries from ear pain Additionally, my baby's skin is turning yellow Furthermore, my baby has dry mouth and no tears Plus, my baby wheezes when breathing",PEDIATRICS
Patient presents with transfer motor vehicle collision,CARDIOLOGY
"Painful mouth ulcer, tooth abscess, severe tooth soreness when chewing.",DENTISTRY
I am experiencing diarrhea fever,ENDOCRINOLOGY
"I feel unsteady and dizzy Also, i feel nauseous Plus, my chest feels tight and painful On top of that, i experience breathing difficulty I also experience i have heart palpitations Furthermore, my pulse rate is inconsistent I also experience i have hypertension Furthermore, i feel like I might faint Additionally, my heart rate is elevated Additionally, my heart beats slowly Furthermore, i can barely stay awake On top of that, i have leg edema Also, my chest feels tight Additionally, my ankles are swollen Plus, i am sweating excessively Plus, my back hurts",CARDIOLOGY
I am experiencing seizure,ENDOCRINOLOGY
"I was diagnosed with PCOS On top of that, my menstrual cycle is irregular I also experience i am experiencing issues during pregnancy Also, i have issues with my periods Also, i feel slight cramps during my period I also experience i have menorrhagia Furthermore, my menstrual flow is very light Additionally, my period has been delayed Furthermore, i missed my period Furthermore, my vaginal area is very itchy On top of that, my vaginal area lacks moisture On top of that, my acne is hormone-related Plus, i have pain in my lower stomach area",GYNECOLOGY & OBSTETRICS
I am experiencing abnormal labs weakness,HEMATOLOGY
Patient presents with head bleed,NEUROLOGY
"Patient with chief complaint of abnormal labs, assessed for long term current use of insulin",GENERAL MEDICINE
Patient presents with dizziness,GENERAL MEDICINE
Patient presents with transfer,CARDIOLOGY
"I am running a fever On top of that, i keep coughing I also experience i am constantly fatigued Also, i feel weak all over Furthermore, i have been having headaches Additionally, i feel lightheaded Plus, i have body pain Additionally, my abdomen hurts Plus, i feel queasy I also experience i vomited multiple times",GENERAL MEDICINE
"Patient with chief complaint of status post fall, assessed for diabetes uncompl adult",ENDOCRINOLOGY
"I have cysts on my ovaries I also experience my menstrual cycle is irregular Also, i am experiencing issues during pregnancy I also experience i have menstrual problems On top of that, my period pain is mild Additionally, i have menorrhagia Also, i have very light periods I also experience my period is late On top of that, i have a missed period Additionally, i feel itchy down there On top of that, my vaginal area lacks moisture Furthermore, i get acne due to hormones Also, i have pain in my lower stomach area",GYNECOLOGY & OBSTETRICS
"I have a fever I also experience i have a dry cough Furthermore, i have no energy Also, i have general weakness I also experience i have been having headaches Also, the room feels like it is spinning On top of that, i have generalized body pain Plus, i have abdominal cramps Also, i have nausea Furthermore, i am throwing up",GENERAL MEDICINE
"I feel feverish On top of that, i have a wet cough Furthermore, i feel weak and tired I also experience i feel weak all over I also experience my head hurts I also experience i feel lightheaded On top of that, my whole body aches Additionally, i feel pain in my belly Plus, i feel queasy I also experience i cannot keep food down",GENERAL MEDICINE
"my head hurts Plus, i feel unsteady and dizzy Additionally, i have epilepsy-like seizures Furthermore, parts of my body feel numb Plus, i experience tingling in my feet On top of that, i cannot move my muscles properly Plus, i have tremors Additionally, i keep forgetting things Plus, i feel muddled and confused Additionally, i have balance problems Additionally, i have trouble walking On top of that, i cannot speak clearly Furthermore, my face droops Also, i was unconscious for a period Also, i feel burning nerve pain Furthermore, i experience muscle rigidity Additionally, i have poor coordination Furthermore, i cannot sleep well",NEUROLOGY
"I am running a fever Additionally, i have been coughing for days Additionally, i feel very tired Also, i lack strength Additionally, i have persistent head pain Furthermore, i am experiencing dizziness Additionally, i have generalized body pain Additionally, i have abdominal cramps Plus, i have an upset stomach with nausea Additionally, i have persistent vomiting",GENERAL MEDICINE
Patient presents with sdh sah,ORTHOPEDICS
"Patient with chief complaint of l foot swelling l foot pain, assessed for unspecified atrial fibrillation",CARDIOLOGY
"I feel unsteady and dizzy Also, i have nausea I also experience i feel a sharp pain in my chest Furthermore, i experience breathing difficulty Additionally, my heart skips beats Additionally, i have an uneven heartbeat I also experience my blood pressure is elevated Also, i feel like I might faint Also, i have a fast heartbeat Additionally, i have bradycardia Additionally, i feel utterly exhausted I also experience my legs are swollen I also experience i feel chest tightness Furthermore, my ankles feel swollen and painful On top of that, i am drenched in sweat On top of that, i have upper back pain",CARDIOLOGY
"Patient with chief complaint of lethargy, assessed for other fatigue",GENERAL MEDICINE
"Patient with chief complaint of dyspnea, assessed for anemia unspecified",HEMATOLOGY
"my child has a high temperature Additionally, my child has a cough Additionally, my child has cold symptoms Additionally, my child is complaining of throat pain Furthermore, my baby is short of breath Also, my baby is vomiting Furthermore, my baby has stomach pain Plus, my child has a rash on their body Plus, my baby had a seizure episode Additionally, my infant is not drinking milk properly Plus, my child cries all the time Also, my baby has low energy Also, my infant has no appetite Plus, my child is not gaining weight properly On top of that, my infant has growth issues On top of that, my child is not meeting milestones I also experience my baby has an ear infection I also experience my child looks jaundiced Additionally, my baby is dehydrated On top of that, my baby is wheezing",PEDIATRICS
"I was diagnosed with PCOS On top of that, i have inconsistent menstrual cycles Also, i have pregnancy-related problems I also experience i have problems during menstruation Also, i have mild period pain I also experience i have heavy periods I also experience my periods are barely there Furthermore, my period is late Additionally, i have amenorrhea On top of that, i feel itchy down there On top of that, i have vaginal dryness Additionally, i have hormonal acne Also, i feel pain in my lower abdomen",GYNECOLOGY & OBSTETRICS
"my back is very sore Furthermore, i have numbness in my extremities On top of that, i walk with difficulty Additionally, my joints are aching On top of that, i feel pain in my neck Also, i have knee pain Plus, i have shoulder pain Plus, my hip is stiff and painful Also, i have bone pain I also experience i feel muscle soreness Furthermore, i have swollen joints I also experience i feel stiff in my joints Plus, my movement is limited On top of that, i have a bone fracture Additionally, i experience muscle fatigue and weakness Additionally, i have a constant tingling sensation Furthermore, my heel hurts when I walk Furthermore, i have a sprain from sports",ORTHOPEDICS
I am experiencing clogged foley,UROLOGY
"Patient with chief complaint of shortness of breath, assessed for hypertension nos",CARDIOLOGY
"Redness in both eyes, itching, watery discharge, and gritty feeling.",OPHTHALMOLOGY
"I have back pain Furthermore, i have numbness in my extremities Plus, i cannot walk properly I also experience i have joint pain Also, i have neck pain On top of that, i feel pain in my knee On top of that, my shoulder is very sore Also, i have hip pain Additionally, i have persistent bone pain Plus, i have muscle cramps and pain I also experience i have joint swelling On top of that, i have trouble moving my joints Plus, i have limited range of motion Furthermore, my bone is broken Additionally, my muscles are getting weaker Plus, i have persistent tingling On top of that, my heel feels painful I also experience i have a sports injury",ORTHOPEDICS
I am experiencing confusion status post fall,CARDIOLOGY
"Patient with chief complaint of facial droop, assessed for other conditions of brain",NEUROLOGY
"I feel unsteady and dizzy Plus, i am feeling sick to my stomach Plus, i have chest pain I also experience i have difficulty breathing On top of that, my heart skips beats On top of that, i feel pulse irregularity On top of that, i have hypertension Plus, i have episodes of fainting I also experience my heart beats very fast Plus, i have a slow pulse rate On top of that, i feel utterly exhausted On top of that, my legs feel heavy and swollen Plus, my chest feels constricted Furthermore, i have swollen ankles Furthermore, i am drenched in sweat I also experience my back hurts",CARDIOLOGY
"the room feels like it is spinning I also experience i am feeling sick to my stomach I also experience i have pressure in my chest Also, i experience breathing difficulty Additionally, my heart skips beats On top of that, i have an uneven heartbeat On top of that, i have high blood pressure Plus, i feel like I am going to pass out Also, i have tachycardia On top of that, i have a slow heartbeat On top of that, i can barely stay awake I also experience i have leg edema Also, i feel chest tightness Furthermore, my ankles are swollen Plus, i sweat a lot Also, i have lower back pain",CARDIOLOGY
I am experiencing head bleed,NEUROLOGY
Patient presents with weakness hypotension,GENERAL MEDICINE
"I have persistent head pain Plus, the room feels like it is spinning On top of that, i have had seizures On top of that, i feel numbness in my body I also experience i feel tingling in my hands I also experience i have muscle weakness I also experience my hands are shaking Also, i have memory problems Additionally, i feel confused On top of that, i have balance problems On top of that, i walk with difficulty Furthermore, my speech is slurred I also experience one side of my face feels weak Additionally, i have lost consciousness Additionally, i have sharp nerve pain Additionally, i have muscle stiffness Furthermore, i cannot coordinate my movements well On top of that, i cannot sleep well",NEUROLOGY
"Patient with chief complaint of anemia, assessed for hypoxemia",PULMONOLOGY
I am experiencing anemia neutropenia transfer,UROLOGY
"my back hurts Plus, parts of my body feel numb Furthermore, i walk with difficulty Plus, i have painful joints Plus, my neck hurts On top of that, my knee is swollen and painful Also, i have shoulder pain Furthermore, my hip hurts Furthermore, my bones ache Plus, i feel muscle soreness Additionally, i have inflamed swollen joints Also, my joints are stiff On top of that, i have limited range of motion I also experience i have a bone fracture Furthermore, i experience muscle fatigue and weakness Plus, i have persistent tingling Additionally, i have heel pain I also experience i have a sports injury",ORTHOPEDICS
"my baby has a fever On top of that, my baby has a persistent cough Furthermore, my baby is sneezing and has a runny nose Also, my baby's throat is sore Additionally, my baby has breathing difficulty Furthermore, my infant is vomiting Furthermore, my baby has a stomach ache On top of that, my baby has a skin rash I also experience my infant had a fit I also experience my baby is not feeding well On top of that, my infant cries uncontrollably Also, my baby seems weak On top of that, my baby refuses to eat Plus, my baby is underweight Furthermore, my child is not growing properly Plus, my child is not meeting milestones Additionally, my baby has ear pain On top of that, my baby has yellow skin I also experience my infant shows signs of dehydration I also experience my baby is wheezing",PEDIATRICS
"Patient with chief complaint of weakness hypotension, assessed for dehydration",ENDOCRINOLOGY
"I have cysts on my ovaries Also, my menstrual cycle is irregular Plus, i have problems with my pregnancy On top of that, i experience menstrual difficulties I also experience i have mild menstrual cramps Also, my periods are very heavy Also, my periods are barely there Furthermore, my period is late Plus, i have amenorrhea Also, i have vaginal itching Additionally, i have vaginal dryness Also, i have hormonal acne Furthermore, i have pain in my lower stomach area",GYNECOLOGY & OBSTETRICS
"Patient with chief complaint of hematuria dysuria, assessed for gastrointest hemorr nos",GASTROENTEROLOGY
"Difficulty breathing at night, heavy chest feeling, and noisy wheezing breath.",PULMONOLOGY
"I have back pain On top of that, i have numbness in my extremities On top of that, i have difficulty walking Furthermore, i feel pain in my joints Plus, my neck hurts Plus, i feel pain in my knee Plus, my shoulder hurts On top of that, my hip hurts Plus, i have persistent bone pain Plus, my muscles ache I also experience my joints feel puffy and inflamed Plus, my joints are stiff On top of that, i have restricted movement Additionally, i have a bone fracture Furthermore, my muscle strength is declining Furthermore, i have a constant tingling sensation Additionally, my heel feels painful I also experience i have a sports injury",ORTHOPEDICS
"Patient with chief complaint of aortic disection, assessed for cad unspec vessel native or graft",CARDIOLOGY
"I have migraine-like headaches Additionally, i feel dizzy Furthermore, i have epilepsy-like seizures Additionally, i feel numbness in my body Plus, i have tingling sensations I also experience i have muscle weakness On top of that, i experience involuntary shaking I also experience i have memory problems On top of that, i am disoriented Also, i have trouble maintaining balance Plus, i walk with difficulty Plus, i cannot speak clearly Additionally, my face droops Plus, i fainted and lost consciousness I also experience i experience shooting nerve pain On top of that, i experience muscle rigidity I also experience i have trouble with fine motor tasks Furthermore, i have sleep problems",NEUROLOGY
"I have vertigo-like dizziness Plus, i feel nauseous Furthermore, i have chest pain Also, i am short of breath On top of that, i have irregular heartbeats Furthermore, i feel pulse irregularity I also experience i have hypertension Also, i have episodes of fainting Plus, my heart beats very fast Furthermore, my heart rate is low Additionally, i have extreme fatigue Additionally, my ankles and legs are puffy Furthermore, i have a tight feeling in my chest I also experience my ankles are puffy On top of that, i sweat a lot Additionally, my back hurts",CARDIOLOGY
"Patient with chief complaint of back pain decreased po intake r ear pain, assessed for type 1 diabetes mellitus without complications",ENDOCRINOLOGY
"my back hurts On top of that, i have numbness Also, i walk with difficulty On top of that, i have painful joints I also experience i have a stiff neck Furthermore, my knee is swollen and painful Plus, i feel pain in my shoulder I also experience my hip hurts On top of that, i have persistent bone pain Additionally, i have muscle pain I also experience i have joint swelling Additionally, i feel stiff in my joints Furthermore, i have difficulty moving On top of that, i have a broken bone I also experience my muscles are getting weaker Furthermore, i experience unusual tingling Furthermore, i have pain in my heel I also experience i have a sports injury",ORTHOPEDICS
"my back hurts On top of that, i feel tingling and numb On top of that, i have trouble walking Also, my joints are aching Plus, i feel pain in my neck Also, my knee is swollen and painful Additionally, i have shoulder pain Also, i have hip joint pain Furthermore, i have bone pain Plus, i have muscle cramps and pain On top of that, my joints are swollen Plus, i feel stiff in my joints Plus, i have difficulty moving Additionally, i have a stress fracture On top of that, my muscle strength is declining Furthermore, i experience unusual tingling On top of that, i have plantar fasciitis-like heel pain Also, i have a sprain from sports",ORTHOPEDICS
"I have cysts on my ovaries Furthermore, i have inconsistent menstrual cycles I also experience i am having pregnancy complications Also, i have menstrual problems On top of that, i feel slight cramps during my period Also, i experience heavy menstrual bleeding On top of that, my menstrual flow is very light Additionally, my menstruation is overdue On top of that, i missed my period Plus, i feel itchy down there Plus, i feel dry in the vaginal area On top of that, i have hormonal acne I also experience i have pain in my lower stomach area",GYNECOLOGY & OBSTETRICS
"Patient with chief complaint of l foot swelling l foot pain, assessed for long term current use of insulin",GENERAL MEDICINE
"I feel hot and feverish On top of that, i have a wet cough On top of that, i feel exhausted On top of that, i have general weakness Also, i have migraine-like headaches Plus, i feel dizzy On top of that, i have generalized body pain Furthermore, i have stomach pain Additionally, i feel like I might throw up Also, i vomited multiple times",GENERAL MEDICINE
"I have upper back pain On top of that, i feel tingling and numb I also experience i struggle to walk Furthermore, i have painful joints Plus, my neck is very painful Plus, i feel pain in my knee Plus, i feel pain in my shoulder On top of that, i have hip joint pain Also, my bones feel sore Furthermore, i have muscle cramps and pain On top of that, my joints feel puffy and inflamed Furthermore, my joints feel rigid Furthermore, i have difficulty moving Furthermore, i have a broken bone Plus, my muscles are getting weaker Plus, i have persistent tingling Additionally, i have pain in my heel Furthermore, i have a sports injury",ORTHOPEDICS
"Emergency presentation: hematuria, vitals show severe pain score 8 out of 10",CARDIOLOGY
"Patient with chief complaint of chest pain nausea, assessed for abn lev hormones in specimens from female genital organs",GENERAL MEDICINE
I am experiencing diabetic ketoacidosis transfer,GENERAL MEDICINE
"I have a severe headache On top of that, i feel unsteady and dizzy Furthermore, i have convulsions Plus, i have numbness Additionally, i experience tingling in my feet Furthermore, my muscles feel weak Additionally, i have a tremor in my hands Also, i have memory loss Also, i feel muddled and confused Also, i feel unsteady I also experience i have trouble walking Also, i have difficulty with speech On top of that, i have facial weakness Plus, i fainted and lost consciousness Additionally, i have sharp nerve pain Also, i have muscle stiffness Plus, i feel uncoordinated On top of that, i have trouble falling asleep",NEUROLOGY
"Patient with chief complaint of anemia neutropenia transfer, assessed for hematuria unspecified",UROLOGY
"Patient with chief complaint of car vs pole, assessed for hypotension nos",CARDIOLOGY
"I feel dizzy Also, i have nausea Furthermore, i have intermittent chest pain Also, i have difficulty breathing Also, i feel my heart racing Furthermore, i have an irregular pulse On top of that, my BP readings are high Also, i have episodes of fainting Also, i have a fast heartbeat Also, my heart rate is low Plus, i have extreme fatigue Additionally, my legs are swollen Plus, i have pressure and tightness in my chest Additionally, my ankles feel swollen and painful Additionally, i am sweating excessively On top of that, i have upper back pain",CARDIOLOGY
"I feel lightheaded I also experience i have nausea On top of that, i have chest pain Furthermore, i cannot breathe properly Additionally, my heart is beating fast Also, my pulse rate is inconsistent On top of that, i have been diagnosed with high blood pressure I also experience i fainted recently On top of that, my heart beats very fast Also, my heart rate is low I also experience i can barely stay awake I also experience i have leg edema Plus, i have a tight feeling in my chest On top of that, i have ankle edema On top of that, i have excessive sweating Also, i have back pain",CARDIOLOGY
"I have a severe headache On top of that, i feel dizzy I also experience i have convulsions Furthermore, i feel numbness in my body Additionally, i feel tingling in my hands On top of that, i have muscle weakness Additionally, my hands are shaking Additionally, i keep forgetting things I also experience i have mental confusion Additionally, i have balance problems Plus, i cannot walk properly Additionally, i have speech problems Furthermore, my facial muscles feel weak Furthermore, i fainted and lost consciousness Plus, i experience shooting nerve pain I also experience i experience muscle rigidity On top of that, i have poor coordination Additionally, i have trouble falling asleep",NEUROLOGY
Patient presents with hyperglycemia,CARDIOLOGY
"I feel hot and feverish Furthermore, i have a dry cough Additionally, i feel weak and tired Also, i lack strength Furthermore, i have a throbbing headache I also experience the room feels like it is spinning Additionally, i feel achy all over I also experience i have lower abdominal pain Plus, i feel queasy Plus, i am throwing up",GENERAL MEDICINE
"I have upper back pain On top of that, i feel tingling and numb Furthermore, i have difficulty walking Additionally, i have joint pain Additionally, my neck is very painful Additionally, i have difficulty with my knee Additionally, my shoulder hurts On top of that, my hip is stiff and painful Also, i feel deep bone pain On top of that, i have muscle pain Additionally, my joints feel puffy and inflamed Additionally, i feel stiff in my joints Additionally, i have restricted movement Additionally, i have a stress fracture Additionally, my muscles are getting weaker Furthermore, i have a constant tingling sensation I also experience i have heel pain Also, i have a sports injury",ORTHOPEDICS
"Patient with chief complaint of insomnia, assessed for diabetes uncompl adult",ENDOCRINOLOGY
"I feel hot and feverish On top of that, i have been coughing for days Also, i have no energy I also experience i lack strength I also experience i have a throbbing headache On top of that, the room feels like it is spinning Plus, my body is sore Furthermore, i have stomach pain Additionally, i am feeling sick to my stomach Plus, i am throwing up",GENERAL MEDICINE
"Patient with chief complaint of lower extremity pain, assessed for diabetes uncompl adult",ENDOCRINOLOGY
"I feel dizzy Also, i have an upset stomach with nausea I also experience i have intermittent chest pain Furthermore, i have difficulty breathing Furthermore, my heart skips beats Also, my heartbeat is irregular Additionally, i have hypertension Furthermore, i feel like I am going to pass out Additionally, my heart beats very fast Additionally, i have bradycardia I also experience i feel utterly exhausted On top of that, my legs are swollen Furthermore, i have pressure and tightness in my chest On top of that, i have swollen ankles I also experience i have night sweats Also, i have upper back pain",CARDIOLOGY
"my back hurts I also experience i feel numbness in my body Furthermore, i have difficulty walking Plus, i feel pain in my joints Additionally, i have a stiff neck Furthermore, i have knee pain Additionally, my shoulder hurts I also experience i feel pain in my hip Plus, my bones feel sore Also, my muscles are painful I also experience my joints feel puffy and inflamed Furthermore, i have joint stiffness Plus, i cannot move my joint fully I also experience i have a bone fracture Also, my muscle strength is declining On top of that, i experience unusual tingling I also experience my heel hurts when I walk I also experience i have a sprain from sports",ORTHOPEDICS
"my baby has a fever Plus, my infant is coughing a lot I also experience my infant has a cold I also experience my infant has throat pain Also, my child is struggling to breathe I also experience my baby cannot keep milk down I also experience my infant has abdominal pain On top of that, my child has a rash on their body I also experience my baby had a seizure episode Plus, my baby has poor appetite Additionally, my child cries all the time Additionally, my child is lethargic Additionally, my baby has lost appetite Additionally, my child is not gaining weight properly Plus, my baby is smaller than expected Plus, my baby is developing slowly Plus, my baby has ear pain I also experience my child looks jaundiced Furthermore, my baby is dehydrated Also, my baby wheezes when breathing",PEDIATRICS
"Emergency presentation: ili, vitals show elevated temperature 99.8F, tachypnea respiratory rate 32, low oxygen saturation 88%",NEPHROLOGY
"Emergency presentation: abdominal mass fever, vitals show heart rate 114 bpm",DERMATOLOGY
"Patient with chief complaint of nausea and vomiting, assessed for nausea with vomiting unspecified",GENERAL MEDICINE
"Loss of smell, stuffed nose, post-nasal drip, sinus headache, and ear fullness.",ENT
"Emergency presentation: abdominal pain diarrhea vomiting, vitals show tachypnea respiratory rate 22, severe pain score 10 out of 10",CARDIOLOGY
Patient presents with l eye pain,OPHTHALMOLOGY
"my head hurts Additionally, i feel dizzy Additionally, i have had seizures Furthermore, i feel tingling and numb On top of that, i have tingling sensations Additionally, my muscles feel like they are failing Furthermore, i have tremors Plus, i keep forgetting things Additionally, i am disoriented Additionally, i feel like I might fall Additionally, i cannot walk properly Also, i have speech problems Additionally, my face droops Furthermore, i have lost consciousness Also, i have nerve pain Also, my muscles feel stiff On top of that, i am clumsy Additionally, i have insomnia",NEUROLOGY
"I have vertigo-like dizziness Plus, i feel nauseous Additionally, my chest hurts Plus, i have trouble catching my breath Additionally, i feel my heart pounding I also experience i feel pulse irregularity Plus, my blood pressure is elevated Furthermore, i feel like I might faint Additionally, my heart rate is elevated I also experience i have a slow pulse rate Also, i feel utterly exhausted Also, my ankles and legs are puffy Also, i have pressure and tightness in my chest Additionally, my ankles are swollen Plus, i sweat a lot Additionally, my back is very sore",CARDIOLOGY
"Patient with chief complaint of presyncope weakness, assessed for syncope and collapse",CARDIOLOGY
"I feel lightheaded I also experience i am feeling sick to my stomach Also, my chest hurts Also, i feel breathless Furthermore, my heart is beating fast I also experience my pulse rate is inconsistent Additionally, my blood pressure is elevated I also experience i have been fainting Additionally, i have a rapid pulse On top of that, i have a slow pulse rate Plus, i can barely stay awake Additionally, i have swelling in my legs On top of that, i have a tight feeling in my chest Plus, i have ankle edema Also, i have night sweats I also experience my back is very sore",CARDIOLOGY
"Patient with chief complaint of l foot swelling l foot pain, assessed for essential primary hypertension",CARDIOLOGY
"I feel feverish Also, i have a wet cough Furthermore, i am constantly fatigued Furthermore, i feel physically weak Furthermore, my head hurts Also, i have vertigo-like dizziness I also experience i feel achy all over Plus, my stomach is hurting Also, i feel nauseous On top of that, i have been throwing up",GENERAL MEDICINE
"I am running a fever Also, i have a persistent cough On top of that, i feel weak and tired Plus, i lack strength Additionally, my head hurts Plus, the room feels like it is spinning Plus, i have body pain Additionally, i have abdominal cramps On top of that, i have nausea I also experience i have been throwing up",GENERAL MEDICINE
"Persistent deep bone pain, unexplained weight loss, and chronic fatigue.",ONCOLOGY
"Patient with chief complaint of chest pain transfer, assessed for pericardial effusion noninflammatory",CARDIOLOGY
"my body temperature is high Furthermore, i have been coughing for days Additionally, i have no energy Also, i feel weak all over Furthermore, i have a severe headache I also experience i feel unsteady and dizzy Also, i have generalized body pain Also, i feel pain in my belly I also experience i have nausea I also experience i have been throwing up",GENERAL MEDICINE
"I have upper back pain On top of that, i feel tingling and numb Additionally, i walk with difficulty I also experience my joints hurt Also, i have neck pain Also, my knee hurts On top of that, i feel pain in my shoulder Furthermore, i have hip joint pain On top of that, i have bone pain Furthermore, i have muscle cramps and pain Plus, i have joint swelling Furthermore, i have joint stiffness Furthermore, i have limited range of motion Also, my bone is broken Also, my muscles are getting weaker I also experience i have persistent tingling Plus, i have pain in my heel Additionally, i got injured while playing sports",ORTHOPEDICS
"Emergency presentation: abnormal ct luq abdominal pain, vitals show low oxygen saturation 93%",HEMATOLOGY
"I feel hot and feverish On top of that, i am coughing a lot I also experience i am constantly fatigued Plus, i feel drained and weak Furthermore, i have a throbbing headache On top of that, i feel unsteady and dizzy I also experience i feel achy all over I also experience i have stomach pain Additionally, i feel like I might throw up Furthermore, i have persistent vomiting",GENERAL MEDICINE
"Patient with chief complaint of hypoglycemia, assessed for alcohol abuse with intoxication unspecified",PSYCHIATRY
"Patient with chief complaint of dizziness, assessed for altered mental status",GENERAL MEDICINE
"Patient with chief complaint of hematemesis, assessed for gastrointest hemorr nos",GASTROENTEROLOGY
"I have a throbbing headache Also, i feel lightheaded Furthermore, i have epilepsy-like seizures Plus, i have numbness Plus, i have a tingling sensation all over Also, i cannot move my muscles properly Furthermore, my hands are shaking On top of that, i have memory loss I also experience i have mental confusion Plus, i have trouble maintaining balance Additionally, i cannot walk properly I also experience i cannot speak clearly I also experience my face droops Additionally, i have lost consciousness Plus, i experience shooting nerve pain Additionally, my muscles are tight and stiff Plus, i have trouble with fine motor tasks Additionally, i have insomnia",NEUROLOGY
"Patient with chief complaint of back pain decreased po intake r ear pain, assessed for nonspec elev of levels of transamns lactic acid dehydrgnse",GENERAL MEDICINE
"Hormonal imbalance symptoms, extreme tiredness, mood swings, and abnormal thirst.",ENDOCRINOLOGY
"I am experiencing dizziness Plus, i feel queasy Additionally, i have chest pain Plus, i cannot breathe properly Additionally, my heart skips beats I also experience i have an irregular pulse I also experience i have hypertension Also, i feel like I am going to pass out Furthermore, i have a fast heartbeat Additionally, i have bradycardia On top of that, i can barely stay awake Plus, i have leg edema I also experience my chest feels constricted I also experience my ankles feel swollen and painful Plus, i have night sweats Furthermore, my back hurts",CARDIOLOGY
"my child has a high temperature On top of that, my baby has a persistent cough On top of that, my infant has a cold Furthermore, my infant has throat pain Plus, my infant has breathing problems On top of that, my baby is vomiting Furthermore, my child is crying from stomach pain I also experience my child has a rash on their body Furthermore, my child is having convulsions I also experience my infant is not drinking milk properly On top of that, my infant cries uncontrollably Plus, my baby seems weak Plus, my baby refuses to eat Plus, my baby has low birth weight Furthermore, my baby has delayed growth I also experience my infant has delayed development Also, my baby has ear pain On top of that, my infant has jaundice Furthermore, my baby is dehydrated Plus, my child has a wheezing sound when breathing",PEDIATRICS
"I have polycystic ovary syndrome On top of that, i have inconsistent menstrual cycles Additionally, i am experiencing issues during pregnancy I also experience i experience menstrual difficulties On top of that, i have mild menstrual cramps On top of that, i experience heavy menstrual bleeding Also, my menstrual flow is very light I also experience my menstruation is overdue Furthermore, i missed my period Also, i feel itchy down there I also experience i have vaginal dryness On top of that, i get acne due to hormones I also experience i have lower abdominal pain",GYNECOLOGY & OBSTETRICS
"Patient with chief complaint of right leg pain right leg swelling, assessed for pain in left lower leg",RHEUMATOLOGY
"my back hurts Also, parts of my body feel numb Plus, i have trouble walking On top of that, i feel pain in my joints I also experience my neck hurts On top of that, i have difficulty with my knee Plus, i have shoulder pain Additionally, my hip hurts Furthermore, i have persistent bone pain Also, i feel muscle soreness Plus, i have inflamed swollen joints On top of that, my joints are stiff Furthermore, i cannot move my joint fully Additionally, i fractured a bone Additionally, my muscles are getting weaker Plus, i have a constant tingling sensation Furthermore, i have heel pain I also experience i have a sprain from sports",ORTHOPEDICS
"Patient with chief complaint of hematuria, assessed for type 2 diabetes mellitus without complications",ENDOCRINOLOGY
"Patient with chief complaint of picc evaluation, assessed for amyotrophic lateral sclerosis",NEUROLOGY
"Patient with chief complaint of r foot pain, assessed for type 1 diabetes mellitus with foot ulcer",GASTROENTEROLOGY
"I am experiencing dizziness Additionally, i feel nauseous Also, my chest hurts Furthermore, i am short of breath Furthermore, i feel my heart racing On top of that, my heartbeat is irregular Plus, i have hypertension Additionally, i have episodes of fainting On top of that, my heart beats very fast Also, i have a slow pulse rate On top of that, i have debilitating fatigue I also experience i have leg edema Also, i feel chest tightness Also, i have swollen ankles Also, i have excessive sweating Furthermore, i have lower back pain",CARDIOLOGY
I am experiencing chest pain nstemi transfer,GENERAL MEDICINE
I am experiencing left arm numbness left arm swelling,ENDOCRINOLOGY
"my child has a high temperature I also experience my child has a cough Furthermore, my infant has a cold Additionally, my baby has a sore throat On top of that, my baby has breathing difficulty Furthermore, my baby is vomiting Furthermore, my child is crying from stomach pain I also experience my child has a rash on their body On top of that, my child is having convulsions Also, my infant is not drinking milk properly Furthermore, my baby cries excessively On top of that, my baby has low energy Additionally, my baby has lost appetite Additionally, my child is not gaining weight properly I also experience my baby has delayed growth I also experience my baby is developing slowly Additionally, my baby has an ear infection On top of that, my baby has yellow skin Furthermore, my infant shows signs of dehydration I also experience my infant has wheezing",PEDIATRICS
"I have back pain Furthermore, i have numbness Furthermore, i walk with difficulty Plus, i have painful joints Plus, my neck is very painful Also, i have knee pain On top of that, i feel pain in my shoulder Plus, i have hip pain Plus, i have bone pain On top of that, i feel muscle soreness Plus, i have joint swelling Furthermore, i feel stiff in my joints Plus, i have limited range of motion On top of that, my bone is broken Furthermore, my muscles are getting weaker Also, i have a constant tingling sensation I also experience my heel hurts when I walk Also, i have a sports injury",ORTHOPEDICS
"my baby has a fever Also, my infant is coughing a lot Additionally, my infant has a cold Furthermore, my baby's throat is sore Furthermore, my baby has breathing difficulty I also experience my child has been throwing up On top of that, my child is crying from stomach pain Furthermore, my baby's skin is irritated Furthermore, my infant had a fit I also experience my baby is not feeding well I also experience my baby is inconsolable I also experience my baby has low energy Additionally, my baby refuses to eat Also, my child is not gaining weight properly Furthermore, my infant has growth issues Also, my baby has developmental delays I also experience my infant cries from ear pain Also, my child looks jaundiced Also, my child is not drinking enough fluids I also experience my infant has wheezing",PEDIATRICS
"Patient with chief complaint of nausea and vomiting hyperglycemia, assessed for pneumonia organism unspecified",PULMONOLOGY
I am experiencing transfer motor vehicle collision,CARDIOLOGY
I am experiencing facial droop,ORTHOPEDICS
"I have a high temperature Plus, i am coughing a lot Plus, i am constantly fatigued Also, i feel drained and weak Also, my head hurts Plus, the room feels like it is spinning Additionally, i have generalized body pain Plus, i have stomach pain Furthermore, i feel nauseous Additionally, i have been throwing up",GENERAL MEDICINE
"Patient with chief complaint of head injury neck pain status post fall, assessed for human immunodeficiency virus hiv disease",GENERAL MEDICINE
I am experiencing right leg pain right leg swelling,CARDIOLOGY
"Patient with chief complaint of l weakness unable to ambulate, assessed for weakness",GENERAL MEDICINE
"Patient with chief complaint of seizure, assessed for other convulsions",NEUROLOGY
"my child has a high temperature On top of that, my infant is coughing a lot Plus, my baby has a cold Furthermore, my baby has a sore throat Plus, my baby has breathing difficulty Also, my child has been throwing up Plus, my baby has stomach pain On top of that, my baby has a skin rash Also, my child is having convulsions Also, my child refuses to eat Furthermore, my infant cries uncontrollably Furthermore, my baby has low energy Also, my child is not eating Additionally, my baby has low birth weight Furthermore, my baby is smaller than expected Additionally, my baby has developmental delays On top of that, my child is pulling at their ear I also experience my infant has jaundice Additionally, my baby is dehydrated I also experience my baby is wheezing",PEDIATRICS
"Patient with chief complaint of left arm numbness left arm swelling, assessed for other specified soft tissue disorders",RHEUMATOLOGY
Patient presents with chest pain nausea and vomiting,GENERAL MEDICINE
"my back is very sore Additionally, i have numbness On top of that, i have difficulty walking I also experience i have painful joints Additionally, i feel pain in my neck Also, i have difficulty with my knee Also, my shoulder hurts Additionally, my hip is stiff and painful Plus, my bones feel sore Additionally, i have muscle cramps and pain Plus, i have swollen joints Furthermore, my joints feel rigid Plus, i have restricted movement Additionally, i fractured a bone On top of that, i experience muscle fatigue and weakness Additionally, i have a constant tingling sensation Additionally, i have heel pain On top of that, i got injured while playing sports",ORTHOPEDICS
"I feel hot and feverish I also experience i have a wet cough Furthermore, i feel weak and tired Plus, i lack strength I also experience i have been having headaches Furthermore, the room feels like it is spinning I also experience i have body pain Furthermore, my abdomen hurts I also experience i feel like I might throw up On top of that, i have been vomiting",GENERAL MEDICINE
"I have a high temperature On top of that, i keep coughing Plus, i have no energy Plus, i lack strength On top of that, i have persistent head pain Also, i have vertigo-like dizziness Also, i feel achy all over Additionally, my stomach is hurting On top of that, i feel nauseous On top of that, i am throwing up",GENERAL MEDICINE
"Patient with chief complaint of coffee ground emesis, assessed for type 1 diabetes mellitus with ketoacidosis without coma",NEUROLOGY
"I have cysts on my ovaries On top of that, my menstrual cycle is irregular Additionally, i am experiencing issues during pregnancy Furthermore, i experience menstrual difficulties Additionally, i have mild period pain I also experience i have menorrhagia I also experience my periods are barely there Additionally, my period is late Furthermore, my period did not come this month On top of that, i feel itchy down there Furthermore, my vaginal area lacks moisture On top of that, my acne is hormone-related Plus, i have pain in my lower stomach area",GYNECOLOGY & OBSTETRICS
"Patient with chief complaint of abdominal pain nausea and vomiting, assessed for unspecified cirrhosis of liver",GASTROENTEROLOGY
"Patient with chief complaint of stab wound, assessed for fracture of symphysis of mandible init for clos bone fracture",ORTHOPEDICS
"Patient with chief complaint of resp arrest, assessed for semicoma stupor",NEUROLOGY
"Patient with chief complaint of chest pain dizziness, assessed for chest pain unspecified",GENERAL MEDICINE
Patient presents with hematemesis,GASTROENTEROLOGY
I am experiencing chest pain jaw pain left arm pain,GENERAL MEDICINE
"I have lower back pain On top of that, i feel numbness in my body Plus, i have difficulty walking I also experience i feel pain in my joints Also, my neck hurts Plus, my knee is swollen and painful Also, i feel pain in my shoulder Additionally, my hip is stiff and painful I also experience my bones ache Also, i have muscle pain On top of that, i have inflamed swollen joints Additionally, i have joint stiffness On top of that, i have limited range of motion Additionally, i have a broken bone Also, my muscle strength is declining Additionally, i have persistent tingling Additionally, i have heel pain Also, i got injured while playing sports",ORTHOPEDICS
"I have polycystic ovary syndrome Also, i have irregular periods Furthermore, i have pregnancy-related problems I also experience i have problems during menstruation Plus, i have mild period pain Furthermore, i have menorrhagia On top of that, my periods are barely there I also experience i have a delayed period Also, i missed my period Plus, i have vaginal itching Plus, i have vaginal dryness Also, i get acne due to hormones Additionally, i have pain in my lower stomach area",GYNECOLOGY & OBSTETRICS
"Patient with chief complaint of dislodged abdominal tube, assessed for comp d to graft implant",ORTHOPEDICS
"Patient with chief complaint of assault, assessed for nasal bone bone fracture closed",ORTHOPEDICS
"I have vertigo-like dizziness On top of that, i have an upset stomach with nausea I also experience i feel a sharp pain in my chest Additionally, i cannot breathe properly Plus, i have irregular heartbeats Also, i have an uneven heartbeat Additionally, i have high blood pressure I also experience i feel like I might faint Plus, my heart beats very fast Plus, my heart beats slowly Also, i am incredibly tired Plus, my legs are swollen Plus, i feel chest tightness Also, i have swollen ankles Also, i am drenched in sweat I also experience my back is very sore",CARDIOLOGY
"the room feels like it is spinning Furthermore, i have nausea Additionally, i have chest pain On top of that, i am short of breath Also, my heart skips beats Additionally, i have an uneven heartbeat Also, i have hypertension Furthermore, i feel like I might faint I also experience i have a fast heartbeat Furthermore, i have a slow pulse rate On top of that, i can barely stay awake I also experience my legs feel heavy and swollen I also experience my chest feels tight Plus, my ankles feel swollen and painful Additionally, i have excessive sweating Plus, i have back pain",CARDIOLOGY
"I was diagnosed with PCOS On top of that, my periods are not regular Also, i have pregnancy-related problems Also, i have menstrual problems On top of that, i feel slight cramps during my period On top of that, i experience heavy menstrual bleeding Plus, my periods are barely there I also experience my period has been delayed On top of that, i missed my period Also, i have persistent vaginal itching Furthermore, my vaginal area lacks moisture I also experience my acne is hormone-related Furthermore, my lower belly hurts",GYNECOLOGY & OBSTETRICS
"Patient with chief complaint of status post fall sdh, assessed for chronic kidney disease stage v",NEPHROLOGY
"Patient with chief complaint of dyspnea abnormal lab values, assessed for anemia nos",HEMATOLOGY
"my back is very sore On top of that, parts of my body feel numb Additionally, i have trouble walking Additionally, my joints hurt Plus, my neck hurts Additionally, i have knee pain Additionally, my shoulder hurts Also, my hip is stiff and painful Furthermore, i have bone pain Additionally, i have muscle pain Furthermore, my joints are swollen Plus, i feel stiff in my joints Also, i cannot move my joint fully Plus, i have a broken bone Plus, i have progressive muscle weakness Also, i have persistent tingling I also experience my heel feels painful Additionally, i have a sprain from sports",ORTHOPEDICS
"Patient with chief complaint of etoh suicidal ideation, assessed for unspecified superficial injury of unspecified part of head init encntr",ORTHOPEDICS
"Patient with chief complaint of back pain decreased po intake r ear pain, assessed for long term current use of insulin",GENERAL MEDICINE
"my baby has a fever I also experience my child has a cough On top of that, my infant has a cold On top of that, my child is complaining of throat pain Additionally, my baby is short of breath Furthermore, my child has been throwing up Additionally, my baby has a stomach ache Additionally, my baby's skin is irritated Additionally, my child is having convulsions I also experience my child refuses to eat I also experience my child cries all the time Also, my child is lethargic Plus, my child is not eating Furthermore, my infant is too small Also, my child is not growing properly I also experience my child is not meeting milestones I also experience my child is pulling at their ear Also, my baby has yellow skin Also, my baby has dry mouth and no tears Plus, my baby wheezes when breathing",PEDIATRICS
"I have cysts on my ovaries Furthermore, i have inconsistent menstrual cycles Plus, i have pregnancy-related problems I also experience i have problems during menstruation Plus, my period pain is mild I also experience i have menorrhagia Additionally, my periods are barely there Plus, my period has been delayed I also experience my period did not come this month Furthermore, i feel itchy down there I also experience i experience vaginal dryness Also, i get acne due to hormones Furthermore, my lower belly hurts",GYNECOLOGY & OBSTETRICS
Patient presents with right sided abdominal pain,GASTROENTEROLOGY
"I have polycystic ovary syndrome Additionally, my menstrual cycle is irregular Plus, i have pregnancy-related problems Plus, i have menstrual problems Also, i feel slight cramps during my period Also, i experience heavy menstrual bleeding On top of that, my periods are barely there Furthermore, my menstruation is overdue Furthermore, my period did not come this month Plus, i have persistent vaginal itching Also, my vaginal area lacks moisture On top of that, my acne is hormone-related Furthermore, i have pain in my lower stomach area",GYNECOLOGY & OBSTETRICS
"the room feels like it is spinning Also, i am feeling sick to my stomach Plus, i have intermittent chest pain On top of that, i experience breathing difficulty I also experience i have heart palpitations On top of that, my heartbeat is irregular Furthermore, i have high blood pressure I also experience i feel like I might faint Plus, my heart beats very fast On top of that, i have a slow pulse rate Plus, i have debilitating fatigue Plus, my ankles and legs are puffy Plus, my chest feels constricted Plus, i have swollen ankles On top of that, i have night sweats On top of that, i have upper back pain",CARDIOLOGY
"my child has a high temperature Additionally, my infant is coughing a lot I also experience my child has cold symptoms Also, my baby's throat is sore Furthermore, my baby is short of breath Also, my infant is vomiting On top of that, my infant has abdominal pain Furthermore, my baby's skin is irritated On top of that, my infant had a fit Plus, my child refuses to eat Plus, my baby cries excessively Additionally, my child is lethargic Additionally, my baby has lost appetite Additionally, my infant is too small I also experience my baby is smaller than expected Also, my child is not meeting milestones Furthermore, my child is pulling at their ear Furthermore, my baby's skin is turning yellow Furthermore, my baby is dehydrated Additionally, my baby wheezes when breathing",PEDIATRICS
"I have lower back pain Additionally, i have numbness in my extremities I also experience i cannot walk properly Furthermore, my joints are aching I also experience my neck is very painful Additionally, my knee is swollen and painful On top of that, my shoulder hurts Additionally, i have hip joint pain I also experience i have bone pain Furthermore, my muscles ache Plus, my joints feel puffy and inflamed Plus, my joints feel rigid Plus, i cannot move my joint fully On top of that, i fractured a bone On top of that, my muscles are getting weaker Also, i have persistent tingling On top of that, my heel feels painful Also, i got injured while playing sports",ORTHOPEDICS
"Patient with chief complaint of suicidal ideation, assessed for human immunodeficiency virus hiv disease",GENERAL MEDICINE
"I have lower back pain Furthermore, i feel numbness in my body On top of that, i walk with difficulty Plus, i have joint pain Additionally, i have neck pain I also experience my knee hurts Additionally, my shoulder hurts On top of that, i have hip pain I also experience my bones ache Plus, i have muscle pain On top of that, my joints are swollen Additionally, my joints are stiff I also experience my movement is limited Furthermore, my bone is broken On top of that, my muscles are getting weaker On top of that, i have a constant tingling sensation Plus, i have heel pain Also, i injured myself during exercise",ORTHOPEDICS
"I was diagnosed with PCOS On top of that, my menstrual cycle is irregular On top of that, i am experiencing issues during pregnancy On top of that, i have problems during menstruation Plus, i have mild menstrual cramps On top of that, i have heavy periods Also, my menstrual flow is very light I also experience my period is late Plus, my period did not come this month On top of that, i feel itchy down there Plus, i experience vaginal dryness I also experience i get acne due to hormones Furthermore, my lower belly hurts",GYNECOLOGY & OBSTETRICS
"I have migraine-like headaches Additionally, the room feels like it is spinning Plus, i have epilepsy-like seizures Plus, i feel numbness in my body On top of that, i experience tingling in my feet Additionally, i have progressive muscle weakness Also, my hands are shaking Also, i keep forgetting things Also, i cannot think clearly On top of that, i have balance problems On top of that, i struggle to walk I also experience i have trouble speaking I also experience one side of my face feels weak On top of that, i blacked out Plus, i have sharp nerve pain Also, my muscles are tight and stiff Plus, i am clumsy Additionally, i have insomnia",NEUROLOGY
"I have migraine-like headaches Additionally, i am experiencing dizziness Also, i have convulsions I also experience i feel numbness in my body Additionally, i feel tingling in my hands Furthermore, my muscles feel weak Also, my hands are shaking Furthermore, i have memory loss Plus, i am disoriented Additionally, i have balance problems Also, i have difficulty walking Plus, i have trouble speaking Plus, i have facial paralysis I also experience i had a loss of consciousness Also, i have nerve pain On top of that, i experience muscle rigidity I also experience i cannot coordinate my movements well Plus, i have insomnia",NEUROLOGY
"I am running a fever I also experience i have a wet cough Also, i have no energy Additionally, i feel weak all over Furthermore, i have been having headaches Plus, i feel unsteady and dizzy Additionally, i have generalized body pain Furthermore, my stomach is hurting I also experience i have nausea On top of that, i have persistent vomiting",GENERAL MEDICINE
"I feel unsteady and dizzy Furthermore, i am feeling sick to my stomach Furthermore, my chest hurts Furthermore, i have trouble catching my breath Additionally, i feel my heart racing Plus, i have an uneven heartbeat Plus, my blood pressure is elevated I also experience i have episodes of fainting Plus, i have a rapid pulse On top of that, i have a slow pulse rate Also, i have debilitating fatigue Also, my legs are swollen On top of that, i have a tight feeling in my chest Furthermore, i have swollen ankles I also experience i have excessive sweating Additionally, i have lower back pain",CARDIOLOGY
"my back is very sore Also, i have numbness in my extremities Also, i have difficulty walking Also, my joints are aching Furthermore, i feel pain in my neck On top of that, i feel pain in my knee Furthermore, i have a frozen shoulder I also experience i have hip pain I also experience my bones feel sore Plus, i feel muscle soreness Additionally, i have inflamed swollen joints Additionally, my joints are stiff Also, my movement is limited Also, i have a stress fracture Additionally, i have progressive muscle weakness Also, i experience unusual tingling Plus, i have plantar fasciitis-like heel pain Additionally, i injured myself during exercise",ORTHOPEDICS
"my back is very sore Also, parts of my body feel numb Also, i have difficulty walking Additionally, my joints are aching Additionally, my neck hurts Additionally, i have difficulty with my knee Also, my shoulder hurts Also, my hip hurts Also, my bones feel sore On top of that, my muscles are painful Plus, my joints are swollen I also experience my joints feel rigid I also experience i have difficulty moving I also experience my bone is broken I also experience my muscles are getting weaker Also, i feel tingling throughout my body Also, i have heel pain Also, i have a sports injury",ORTHOPEDICS
"I have polycystic ovary syndrome Furthermore, i have irregular periods Also, i have pregnancy-related problems Also, i have issues with my periods I also experience i have mild menstrual cramps On top of that, i have heavy periods Also, i have scanty periods Furthermore, my period is late Furthermore, i have amenorrhea Furthermore, i have vaginal itching Plus, i feel dry in the vaginal area I also experience i get acne due to hormones Also, i feel pain in my lower abdomen",GYNECOLOGY & OBSTETRICS
"Emergency presentation: abdominal distention, vitals show severe pain score 10 out of 10",GENERAL MEDICINE
"I have a throbbing headache On top of that, i have vertigo-like dizziness I also experience i have convulsions I also experience parts of my body feel numb I also experience i have a tingling sensation all over I also experience i have progressive muscle weakness Plus, my hands are shaking On top of that, i have memory loss Furthermore, i have mental confusion Furthermore, i feel unsteady Plus, i struggle to walk Also, i cannot speak clearly Plus, i have facial weakness I also experience i was unconscious for a period I also experience i have sharp nerve pain Additionally, i have rigid muscles Plus, i am clumsy Furthermore, i cannot sleep well",NEUROLOGY
I am experiencing lethargy,GENERAL MEDICINE
"Patient with chief complaint of psych evaluation, assessed for psychosis nos",PSYCHIATRY
"my baby feels very hot Additionally, my baby has a persistent cough Plus, my child has cold symptoms On top of that, my baby has a sore throat Plus, my infant has breathing problems Additionally, my baby is vomiting Additionally, my infant has abdominal pain Also, my infant has a red rash Plus, my baby had a seizure Also, my baby is not feeding well On top of that, my baby is inconsolable Additionally, my baby seems weak Plus, my child is not eating I also experience my baby is underweight I also experience my baby is smaller than expected Additionally, my baby is developing slowly On top of that, my baby has an ear infection On top of that, my baby has yellow skin Also, my baby has dry mouth and no tears Additionally, my baby is wheezing",PEDIATRICS
"I feel hot and feverish I also experience i am coughing a lot I also experience i feel exhausted Plus, i feel drained and weak I also experience i have a severe headache Also, i have vertigo-like dizziness On top of that, i have widespread body pain Also, i have stomach pain On top of that, i feel nauseous Additionally, i have been throwing up",GENERAL MEDICINE
Patient presents with hypothermia,ORTHOPEDICS
"Patient with chief complaint of hypothermia, assessed for excessive cold nos",GENERAL MEDICINE
"I have migraine-like headaches Also, i feel unsteady and dizzy Additionally, i have convulsions On top of that, i have numbness Also, i have tingling sensations Additionally, i cannot move my muscles properly Furthermore, i experience involuntary shaking Plus, my memory is getting worse On top of that, i am disoriented Also, i have balance problems Additionally, i struggle to walk Also, i cannot speak clearly Additionally, my facial muscles feel weak On top of that, i have lost consciousness Furthermore, i have sharp nerve pain I also experience my muscles are tight and stiff Also, i have poor coordination On top of that, i have sleep problems",NEUROLOGY
"Patient with chief complaint of assault, assessed for alcohol withdrawal",PSYCHIATRY
I am experiencing hyperglycemia,CARDIOLOGY
Patient presents with nausea and vomiting hyperglycemia,PULMONOLOGY
"Patient with chief complaint of right leg pain right leg swelling, assessed for long term current use of insulin",GENERAL MEDICINE
Patient presents with fatigue status post fall,ENDOCRINOLOGY
"I feel hot and feverish On top of that, i have a persistent cough Also, i have no energy On top of that, i have general weakness Furthermore, i have been having headaches Furthermore, the room feels like it is spinning Plus, i have widespread body pain Additionally, my stomach is hurting Additionally, i have an upset stomach with nausea Additionally, i am throwing up",GENERAL MEDICINE
"I have persistent head pain Additionally, i have vertigo-like dizziness Plus, i have convulsions I also experience i have numbness in my extremities I also experience i have a tingling sensation all over Additionally, my muscles feel weak On top of that, my hands are shaking Plus, i cannot remember recent events I also experience i am disoriented Additionally, i feel unsteady Additionally, i cannot walk properly I also experience i cannot speak clearly Plus, one side of my face feels weak On top of that, i blacked out Also, i experience shooting nerve pain Plus, i have rigid muscles Furthermore, i have poor coordination Additionally, i have sleep problems",NEUROLOGY
"I have polycystic ovary syndrome Plus, my menstrual cycle is irregular On top of that, i am experiencing issues during pregnancy Furthermore, i have menstrual problems Also, my period pain is mild I also experience i have heavy periods I also experience i have scanty periods Also, my period has been delayed Furthermore, i have amenorrhea On top of that, i have vaginal itching Plus, i experience vaginal dryness I also experience my acne is hormone-related Plus, i have lower abdominal pain",GYNECOLOGY & OBSTETRICS
"my baby has a fever Additionally, my child has a cough Furthermore, my child has cold symptoms Also, my infant has throat pain Also, my baby has breathing difficulty Additionally, my baby is vomiting Plus, my baby has stomach pain Plus, my baby has a skin rash I also experience my baby had a seizure episode Furthermore, my baby has poor appetite Additionally, my baby cries excessively On top of that, my infant appears weak and floppy Plus, my infant has no appetite I also experience my child is not gaining weight properly Additionally, my baby has delayed growth Also, my baby is developing slowly Plus, my child is pulling at their ear Plus, my baby has yellow skin Plus, my baby has dry mouth and no tears I also experience my baby is wheezing",PEDIATRICS
I am experiencing back pain decreased po intake r ear pain,ENDOCRINOLOGY
"Patient with chief complaint of epigastric pain, assessed for type 1 diabetes mellitus without complications",ENDOCRINOLOGY
"Dry eye irritation, burning feeling in eyes, redness, and eye strain.",OPHTHALMOLOGY
"I have polycystic ovary syndrome Plus, i have inconsistent menstrual cycles Additionally, i have pregnancy-related problems Furthermore, i have menstrual problems Also, i have mild menstrual cramps Also, my periods are very heavy Furthermore, my periods are barely there Also, my period is late I also experience i have a missed period On top of that, my vaginal area is very itchy On top of that, i have vaginal dryness Additionally, my acne is hormone-related Plus, my lower belly hurts",GYNECOLOGY & OBSTETRICS
"I have a severe headache I also experience the room feels like it is spinning Also, i have epilepsy-like seizures On top of that, i feel numbness in my body Plus, i experience tingling in my feet Plus, my muscles feel weak Additionally, i have a tremor in my hands Furthermore, i keep forgetting things Also, i feel confused Plus, i have trouble maintaining balance Furthermore, i walk with difficulty On top of that, my speech is slurred On top of that, i have facial weakness I also experience i have lost consciousness On top of that, i experience shooting nerve pain On top of that, my muscles are tight and stiff Additionally, i cannot coordinate my movements well Furthermore, i wake up frequently at night",NEUROLOGY
"I have vertigo-like dizziness Plus, i feel nauseous On top of that, i have pressure in my chest On top of that, i cannot breathe properly Furthermore, my heart skips beats Also, i have an uneven heartbeat Plus, i have high blood pressure Furthermore, i have been fainting On top of that, i have tachycardia Additionally, i have a slow heartbeat Furthermore, i can barely stay awake Additionally, my legs are swollen Additionally, i have a tight feeling in my chest Furthermore, i have ankle edema Furthermore, i am sweating excessively Plus, i have back pain",CARDIOLOGY
"I was diagnosed with PCOS Additionally, my periods are not regular Plus, i am experiencing issues during pregnancy Plus, i have menstrual problems I also experience i have mild period pain Additionally, i experience heavy menstrual bleeding Furthermore, i have scanty periods I also experience my period is late Also, i missed my period I also experience i feel itchy down there Additionally, my vaginal area lacks moisture Also, my acne is hormone-related Additionally, i have pain in my lower stomach area",GYNECOLOGY & OBSTETRICS
"I was diagnosed with PCOS On top of that, my menstrual cycle is irregular Furthermore, i am having pregnancy complications Furthermore, i have menstrual problems I also experience i have mild menstrual cramps Also, i have menorrhagia Additionally, my menstrual flow is very light Furthermore, i have a delayed period Additionally, i missed my period I also experience i have vaginal itching Also, i have vaginal dryness I also experience i have hormonal acne Furthermore, i have pain in my lower stomach area",GYNECOLOGY & OBSTETRICS
"my back hurts Also, i have numbness Plus, i struggle to walk I also experience my joints hurt Additionally, i feel pain in my neck Also, my knee hurts Furthermore, i have shoulder pain Furthermore, my hip hurts On top of that, my bones feel sore On top of that, my muscles are painful Additionally, my joints feel puffy and inflamed Also, i have joint stiffness I also experience i have limited range of motion Plus, i have a stress fracture Additionally, i experience muscle fatigue and weakness Furthermore, i have a constant tingling sensation On top of that, my heel feels painful Plus, i have a sports injury",ORTHOPEDICS
"I feel feverish Additionally, i keep coughing Additionally, i feel exhausted Also, i feel drained and weak On top of that, i have been having headaches I also experience i have vertigo-like dizziness Also, i feel achy all over Furthermore, i have lower abdominal pain Additionally, i have nausea Also, i have persistent vomiting",GENERAL MEDICINE
Patient presents with left leg pain status post fall,GENERAL MEDICINE
"Patient with chief complaint of hypotension, assessed for anemia unspecified",HEMATOLOGY
"I have back pain On top of that, i feel tingling and numb On top of that, i cannot walk properly On top of that, my joints are aching Also, my neck hurts On top of that, i have knee pain On top of that, my shoulder hurts On top of that, i have hip joint pain Furthermore, i have bone pain Also, my muscles are painful Plus, my joints feel puffy and inflamed Also, my joints feel rigid Additionally, i cannot move my joint fully Furthermore, i have a bone fracture On top of that, i have progressive muscle weakness On top of that, i have persistent tingling Plus, i have heel pain Plus, i got injured while playing sports",ORTHOPEDICS
"I have PCOS Also, i have inconsistent menstrual cycles Plus, i am experiencing issues during pregnancy Also, i have menstrual problems On top of that, my period pain is mild Furthermore, i have heavy periods Plus, my periods are barely there Plus, my period has been delayed Also, i have a missed period Additionally, i have persistent vaginal itching I also experience i have vaginal dryness Plus, my acne is hormone-related Additionally, i have lower abdominal pain",GYNECOLOGY & OBSTETRICS
"my body temperature is high Plus, i have a wet cough I also experience i feel weak and tired Additionally, i feel physically weak Additionally, i have a throbbing headache Plus, i feel lightheaded Furthermore, i feel achy all over Also, i have stomach pain Also, i feel nauseous Furthermore, i have been throwing up",GENERAL MEDICINE
"I have been having headaches I also experience i am experiencing dizziness Plus, i had a seizure episode Furthermore, i feel numbness in my body Also, i have pins and needles feeling Additionally, i cannot move my muscles properly I also experience i have tremors I also experience i have memory loss Furthermore, i am disoriented Additionally, i have poor balance and coordination Plus, i have difficulty walking Plus, i cannot speak clearly Additionally, i have facial paralysis Plus, i had a loss of consciousness I also experience i feel burning nerve pain I also experience i have rigid muscles Furthermore, i cannot coordinate my movements well On top of that, i wake up frequently at night",NEUROLOGY
"Patient with chief complaint of l foot swelling l foot pain, assessed for localized edema",GENERAL MEDICINE
"my baby has a fever Also, my child has a cough Plus, my child has cold symptoms On top of that, my child is complaining of throat pain Additionally, my baby is short of breath Furthermore, my child has been throwing up Furthermore, my child is crying from stomach pain Furthermore, my child has a rash on their body On top of that, my child is having convulsions On top of that, my baby is not feeding well Also, my child cries all the time Additionally, my child is lethargic I also experience my baby refuses to eat Plus, my baby is underweight Plus, my baby has delayed growth Plus, my child is not meeting milestones Plus, my baby has an ear infection Furthermore, my baby's skin is turning yellow On top of that, my baby has dry mouth and no tears Additionally, my baby is wheezing",PEDIATRICS
"I feel hot and feverish Also, i am coughing a lot Additionally, i am constantly fatigued On top of that, i feel weak all over Furthermore, my head hurts Additionally, i feel unsteady and dizzy Additionally, i have widespread body pain Additionally, i have lower abdominal pain Also, i feel queasy Also, i am throwing up",GENERAL MEDICINE
"Ear pain, ear discharge, blocked ears, and persistent throat irritation.",ENT
"my infant is feverish Furthermore, my baby is coughing Furthermore, my child has cold symptoms I also experience my infant has throat pain Furthermore, my baby has breathing difficulty Plus, my child has been throwing up Plus, my baby has stomach pain Also, my child has a rash on their body Furthermore, my baby had a seizure episode I also experience my baby is not feeding well I also experience my child cries all the time Also, my infant appears weak and floppy I also experience my child is not eating On top of that, my child is not gaining weight properly Plus, my infant has growth issues I also experience my baby has developmental delays Additionally, my child is pulling at their ear Additionally, my baby's skin is turning yellow Furthermore, my child is not drinking enough fluids Also, my baby wheezes when breathing",PEDIATRICS
"Patient with chief complaint of r foot pain, assessed for type 1 diabetes mellitus with hyperglycemia",ENDOCRINOLOGY
"Patient with chief complaint of diarrhea hypotension, assessed for dependence on renal dialysis",NEPHROLOGY
"I feel feverish I also experience i keep coughing Furthermore, i am constantly fatigued Additionally, i have general weakness Furthermore, my head hurts Also, i feel dizzy Furthermore, my body is sore On top of that, i have lower abdominal pain Also, i feel queasy Furthermore, i have been throwing up",GENERAL MEDICINE
"I have back pain Also, i feel tingling and numb Plus, i have difficulty walking Additionally, i feel pain in my joints Furthermore, my neck hurts I also experience my knee is swollen and painful I also experience i have a frozen shoulder Plus, i have hip joint pain Also, i have persistent bone pain Also, i have muscle pain I also experience i have inflamed swollen joints Additionally, my joints are stiff On top of that, i have limited range of motion I also experience my bone is broken Also, my muscle strength is declining Furthermore, i have a constant tingling sensation On top of that, i have heel pain Additionally, i got injured while playing sports",ORTHOPEDICS
"my infant is feverish Also, my infant is coughing a lot Furthermore, my baby has a cold I also experience my baby's throat is sore Furthermore, my child is struggling to breathe Additionally, my infant is vomiting Additionally, my infant has abdominal pain I also experience my baby's skin is irritated Plus, my baby had a seizure episode On top of that, my baby is not feeding well Furthermore, my baby is inconsolable Additionally, my infant appears weak and floppy Furthermore, my infant has no appetite I also experience my child is not gaining weight properly Furthermore, my baby is smaller than expected I also experience my child is not meeting milestones I also experience my baby has ear pain On top of that, my infant has jaundice Furthermore, my infant shows signs of dehydration On top of that, my baby wheezes when breathing",PEDIATRICS
"I feel dizzy Also, i feel nauseous On top of that, i feel a sharp pain in my chest Additionally, i have difficulty breathing I also experience my heart is beating fast On top of that, i have an irregular pulse Also, my BP readings are high I also experience i have been fainting Plus, my heart rate is elevated Also, i have a slow pulse rate Additionally, i have debilitating fatigue On top of that, my legs feel heavy and swollen On top of that, my chest feels tight Additionally, my ankles feel swollen and painful Also, i have excessive sweating Additionally, i have back pain",CARDIOLOGY
"I feel hot and feverish On top of that, i have a persistent cough On top of that, i feel very tired Plus, i feel drained and weak Also, my head hurts Plus, i am experiencing dizziness I also experience my whole body aches Also, my abdomen hurts Also, i have an upset stomach with nausea Also, i have been vomiting",GENERAL MEDICINE
"Wisdom tooth pain, swollen cheek, difficulty opening mouth, and gum inflammation.",DENTISTRY
"Patient with chief complaint of elevated inr, assessed for abnormal coagulation profile",GENERAL MEDICINE
I am experiencing foot laceration,ENDOCRINOLOGY
"Patient with chief complaint of dehydration nausea rash, assessed for hyperlipidemia unspecified",ENDOCRINOLOGY
"Patient with chief complaint of hypotension, assessed for sepsis unspecified organism",GENERAL MEDICINE
I am experiencing r foot ulcer cellulitis,CARDIOLOGY
"I feel dizzy I also experience i feel like I might throw up Furthermore, my chest feels tight and painful I also experience i have trouble catching my breath Additionally, i feel my heart pounding Also, i feel pulse irregularity Furthermore, my BP readings are high On top of that, i fainted recently Plus, my heart rate is elevated I also experience i have a slow pulse rate Additionally, i have extreme fatigue Furthermore, my legs feel heavy and swollen Also, my chest feels tight Furthermore, my ankles are puffy Also, i have excessive sweating Additionally, my back is very sore",CARDIOLOGY
"Patient with chief complaint of abdominal pain nausea vomiting and diarrhea, assessed for vasc insuff intest nos",GASTROENTEROLOGY
"my baby has a fever Also, my infant is coughing a lot On top of that, my infant has a cold Additionally, my infant has throat pain I also experience my baby has breathing difficulty On top of that, my infant is vomiting Plus, my baby has a stomach ache Furthermore, my infant has a red rash I also experience my child is having convulsions Also, my baby has poor appetite Also, my baby cries excessively Also, my baby has low energy I also experience my child is not eating I also experience my baby has low birth weight I also experience my infant has growth issues Additionally, my baby is developing slowly On top of that, my baby has ear pain Additionally, my child looks jaundiced Also, my baby has dry mouth and no tears I also experience my child has a wheezing sound when breathing",PEDIATRICS
I am experiencing depression anxiety,PSYCHIATRY
"I have a high temperature On top of that, i have a wet cough Furthermore, i have no energy I also experience i feel weak all over I also experience i have migraine-like headaches Furthermore, i feel dizzy Plus, i feel achy all over Also, my stomach is hurting On top of that, i have an upset stomach with nausea Also, i am throwing up",GENERAL MEDICINE
"my baby has a fever Furthermore, my infant is coughing a lot Additionally, my child has cold symptoms Plus, my infant has throat pain On top of that, my infant has breathing problems I also experience my baby cannot keep milk down Also, my child is crying from stomach pain Additionally, my child has a rash on their body Plus, my child is having convulsions Additionally, my infant is not drinking milk properly I also experience my baby is inconsolable Additionally, my infant appears weak and floppy Furthermore, my infant has no appetite Furthermore, my baby is underweight Additionally, my baby is smaller than expected Also, my baby has developmental delays Furthermore, my child is pulling at their ear Also, my baby has yellow skin On top of that, my baby is dehydrated Additionally, my baby is wheezing",PEDIATRICS
"Patient with chief complaint of l foot pain wound evaluation, assessed for essential primary hypertension",CARDIOLOGY
"my baby feels very hot I also experience my baby is coughing Also, my baby is sneezing and has a runny nose Additionally, my infant has throat pain Additionally, my infant has breathing problems Furthermore, my baby is vomiting Also, my child is crying from stomach pain Furthermore, my infant has a red rash Plus, my baby had a seizure Furthermore, my infant is not drinking milk properly Also, my child cries all the time Also, my baby has low energy Furthermore, my infant has no appetite Additionally, my baby is underweight On top of that, my infant has growth issues Also, my baby has developmental delays Also, my baby has an ear infection I also experience my infant has jaundice Additionally, my child is not drinking enough fluids On top of that, my infant has wheezing",PEDIATRICS
"the room feels like it is spinning On top of that, i feel like I might throw up Also, i feel a sharp pain in my chest On top of that, i have trouble catching my breath Plus, my heart is beating fast I also experience my pulse rate is inconsistent Additionally, i have high blood pressure Plus, i feel like I am going to pass out On top of that, my heart beats very fast I also experience my heart rate is low Plus, i have extreme fatigue Additionally, my legs feel heavy and swollen Plus, i have a tight feeling in my chest Furthermore, my ankles feel swollen and painful Furthermore, i have excessive sweating I also experience i have lower back pain",CARDIOLOGY
"I feel dizzy Furthermore, i have an upset stomach with nausea Furthermore, i have intermittent chest pain I also experience i am short of breath On top of that, i have heart palpitations Plus, i feel pulse irregularity Plus, i have hypertension Plus, i feel like I might faint Furthermore, i have a fast heartbeat I also experience my heart beats slowly On top of that, i can barely stay awake Additionally, my legs feel heavy and swollen Furthermore, i have a tight feeling in my chest I also experience i have swollen ankles Furthermore, i am sweating excessively Additionally, i have back pain",CARDIOLOGY
"the room feels like it is spinning Additionally, i feel queasy Additionally, i have pressure in my chest Also, i experience breathing difficulty Furthermore, i have heart palpitations I also experience my heartbeat is irregular Furthermore, my BP readings are high On top of that, i feel like I am going to pass out Plus, my heart rate is elevated Also, my heart beats slowly Also, i have debilitating fatigue On top of that, my legs feel heavy and swollen I also experience my chest feels tight I also experience my ankles feel swollen and painful Furthermore, i am drenched in sweat Furthermore, my back is very sore",CARDIOLOGY
"my back is very sore I also experience i feel numbness in my body Also, i have difficulty walking On top of that, my joints hurt On top of that, i feel pain in my neck On top of that, i have knee pain I also experience i have shoulder pain Plus, my hip hurts Also, my bones ache Also, my muscles ache Additionally, i have swollen joints Plus, my joints feel rigid Also, i have restricted movement Additionally, i fractured a bone Additionally, my muscle strength is declining Plus, i have persistent tingling I also experience i have heel pain Also, i have a sprain from sports",ORTHOPEDICS
"Patient with chief complaint of laryngitis shortness of breath with talking, assessed for cough",GENERAL MEDICINE
"I have a high temperature Plus, i am coughing a lot On top of that, i have no energy Additionally, i feel drained and weak Additionally, i have persistent head pain On top of that, i feel lightheaded Plus, i feel achy all over Also, i have lower abdominal pain Plus, i feel queasy I also experience i have been throwing up",GENERAL MEDICINE
"I feel dizzy I also experience i have an upset stomach with nausea Additionally, i have chest pain On top of that, i have trouble catching my breath On top of that, i have heart palpitations Furthermore, my heartbeat is irregular Additionally, i have high blood pressure Also, i have episodes of fainting Furthermore, i have a rapid pulse Additionally, i have a slow heartbeat Also, i have extreme fatigue Additionally, i have swelling in my legs On top of that, my chest feels constricted I also experience my ankles feel swollen and painful Additionally, i am drenched in sweat I also experience i have lower back pain",CARDIOLOGY
"I have back pain Also, i feel tingling and numb On top of that, i have trouble walking On top of that, i have joint pain Furthermore, i have a stiff neck On top of that, i have difficulty with my knee I also experience i have shoulder pain Furthermore, my hip hurts Furthermore, my bones feel sore Plus, i have muscle pain I also experience i have inflamed swollen joints I also experience my joints are stiff On top of that, i have restricted movement Furthermore, i have a stress fracture Additionally, my muscles are getting weaker Furthermore, i have persistent tingling On top of that, i have plantar fasciitis-like heel pain Furthermore, i injured myself during exercise",ORTHOPEDICS
"my baby has a fever Also, my child has a cough Plus, my baby is sneezing and has a runny nose Additionally, my baby has a sore throat Additionally, my child is struggling to breathe I also experience my child has been throwing up On top of that, my infant has abdominal pain I also experience my infant has a red rash On top of that, my infant had a fit Also, my infant is not drinking milk properly I also experience my infant cries uncontrollably Furthermore, my baby seems weak On top of that, my infant has no appetite Plus, my child is not gaining weight properly Plus, my baby has delayed growth Plus, my child is not meeting milestones Plus, my infant cries from ear pain I also experience my infant has jaundice On top of that, my infant shows signs of dehydration Plus, my child has a wheezing sound when breathing",PEDIATRICS
"I feel dizzy Also, i feel queasy I also experience i feel a sharp pain in my chest Furthermore, i have trouble catching my breath Plus, i have irregular heartbeats Also, my pulse rate is inconsistent On top of that, my blood pressure is elevated Additionally, i fainted recently Plus, my heart beats very fast On top of that, my heart rate is low Additionally, i can barely stay awake Plus, my ankles and legs are puffy Additionally, my chest feels tight I also experience i have ankle edema Additionally, i am drenched in sweat Additionally, my back is very sore",CARDIOLOGY
"Patient with chief complaint of facial droop, assessed for malignant neoplasm nos",ONCOLOGY
"Emergency presentation: transfer cva, vitals show severe pain score 7 out of 10",GENERAL MEDICINE
"I have cysts on my ovaries Also, my periods are not regular Additionally, i am having pregnancy complications I also experience i have issues with my periods Furthermore, i have mild period pain I also experience i experience heavy menstrual bleeding Additionally, i have scanty periods Also, i have a delayed period Additionally, i have amenorrhea On top of that, my vaginal area is very itchy I also experience i experience vaginal dryness Additionally, my acne is hormone-related Furthermore, i have pain in my lower stomach area",GYNECOLOGY & OBSTETRICS
"I have polycystic ovary syndrome Plus, my menstrual cycle is irregular On top of that, i am experiencing issues during pregnancy Additionally, i have issues with my periods Furthermore, my period pain is mild I also experience i have heavy periods Additionally, i have scanty periods Additionally, my period has been delayed Plus, i have a missed period Also, i feel itchy down there Additionally, i experience vaginal dryness Additionally, i get acne due to hormones Also, i have pain in my lower stomach area",GYNECOLOGY & OBSTETRICS
"Patient with chief complaint of cough dyspnea, assessed for fever unspecified",GENERAL MEDICINE
"my infant is feverish Plus, my baby has a persistent cough Plus, my child has cold symptoms Plus, my baby's throat is sore Additionally, my child is struggling to breathe Also, my infant is vomiting Also, my baby has a stomach ache Furthermore, my baby has a skin rash Also, my baby had a seizure Plus, my child refuses to eat On top of that, my baby is inconsolable On top of that, my baby has low energy On top of that, my infant has no appetite Furthermore, my baby is underweight I also experience my infant has growth issues I also experience my baby is developing slowly Furthermore, my baby has an ear infection On top of that, my infant has jaundice I also experience my infant shows signs of dehydration Additionally, my baby wheezes when breathing",PEDIATRICS
"Patient with chief complaint of car vs pole, assessed for lung contusion closed",PULMONOLOGY
"my body temperature is high Furthermore, i am coughing a lot Also, i have no energy Additionally, i feel physically weak Also, my head hurts Furthermore, i have vertigo-like dizziness I also experience i have widespread body pain Furthermore, my stomach is hurting Also, i am feeling sick to my stomach Additionally, i have persistent vomiting",GENERAL MEDICINE
"Symmetrical joint inflammation, wrist and knee pain, joint redness, and stiffness.",RHEUMATOLOGY
Patient presents with picc line infection,GENERAL MEDICINE
I am experiencing weakness abnormal labs,CARDIOLOGY
"I have persistent head pain On top of that, i feel dizzy Furthermore, i have convulsions I also experience i have numbness I also experience i experience tingling in my feet On top of that, i have muscle weakness Furthermore, i have tremors Plus, i have memory problems Furthermore, i feel muddled and confused On top of that, i have trouble maintaining balance I also experience i cannot walk properly Furthermore, i have speech problems Furthermore, my facial muscles feel weak I also experience i fainted and lost consciousness Also, i experience shooting nerve pain Furthermore, i have muscle stiffness Furthermore, i have poor coordination On top of that, i have insomnia",NEUROLOGY
"my baby has a fever On top of that, my baby has a persistent cough On top of that, my baby has a cold Furthermore, my infant has throat pain On top of that, my baby is short of breath Plus, my child has been throwing up I also experience my child is crying from stomach pain On top of that, my baby has a skin rash Plus, my child is having convulsions Furthermore, my baby has poor appetite Additionally, my infant cries uncontrollably I also experience my baby has low energy I also experience my baby has lost appetite I also experience my infant is too small Furthermore, my child is not growing properly Plus, my child is not meeting milestones Additionally, my child is pulling at their ear Also, my child looks jaundiced I also experience my infant shows signs of dehydration Additionally, my baby is wheezing",PEDIATRICS
"my back hurts Also, i feel numbness in my body I also experience i have trouble walking Additionally, my joints hurt Also, my neck hurts Furthermore, my knee hurts I also experience my shoulder is very sore Plus, i feel pain in my hip I also experience my bones feel sore On top of that, i feel muscle soreness I also experience my joints feel puffy and inflamed Plus, i have joint stiffness Plus, my movement is limited On top of that, my bone is broken I also experience i have progressive muscle weakness Plus, i feel tingling throughout my body I also experience my heel hurts when I walk On top of that, i have a sports injury",ORTHOPEDICS
I am experiencing shortness of breath abnl labs,PULMONOLOGY
Patient presents with status post fall sdh,ENDOCRINOLOGY
"my body temperature is high Plus, i have a wet cough Plus, i have no energy Also, i feel physically weak Also, my head hurts Additionally, i am experiencing dizziness Additionally, i have generalized body pain Plus, i have abdominal cramps Also, i have an upset stomach with nausea On top of that, i am throwing up",GENERAL MEDICINE
Patient presents with right leg pain right leg swelling,CARDIOLOGY
"I was diagnosed with PCOS Furthermore, i have inconsistent menstrual cycles Furthermore, i have problems with my pregnancy Also, i have issues with my periods Additionally, i have mild period pain On top of that, my periods are very heavy Plus, my periods are barely there Furthermore, my menstruation is overdue Furthermore, i missed my period Additionally, i have vaginal itching Also, my vaginal area lacks moisture Furthermore, i get acne due to hormones I also experience my lower belly hurts",GYNECOLOGY & OBSTETRICS
I am experiencing status post cardiac arrest,CARDIOLOGY
"my baby feels very hot Also, my baby is coughing Additionally, my baby has a cold Furthermore, my infant has throat pain Plus, my child is struggling to breathe Also, my child has been throwing up On top of that, my child is crying from stomach pain On top of that, my infant has a red rash On top of that, my baby had a seizure episode Plus, my infant is not drinking milk properly Furthermore, my infant cries uncontrollably Furthermore, my baby seems weak I also experience my child is not eating Plus, my infant is too small Also, my baby is smaller than expected Also, my child is not meeting milestones Additionally, my baby has ear pain On top of that, my infant has jaundice Furthermore, my infant shows signs of dehydration On top of that, my baby is wheezing",PEDIATRICS
I am experiencing abdominal pain abdominal distention,GENERAL MEDICINE
"I have polycystic ovary syndrome Also, i have inconsistent menstrual cycles I also experience i am having pregnancy complications Additionally, i experience menstrual difficulties Plus, i feel slight cramps during my period On top of that, i have menorrhagia I also experience i have scanty periods Also, i have a delayed period Furthermore, i missed my period Plus, i have persistent vaginal itching Additionally, i experience vaginal dryness Also, i have persistent acne from hormonal imbalance I also experience i have lower abdominal pain",GYNECOLOGY & OBSTETRICS
"Heat intolerance, sweating, rapid pulse, trembling hands, and weight loss.",ENDOCRINOLOGY
"I have a throbbing headache Furthermore, i feel lightheaded Also, i have epilepsy-like seizures Also, i feel numbness in my body On top of that, i have a tingling sensation all over I also experience i have muscle weakness On top of that, i experience involuntary shaking I also experience i cannot remember recent events Additionally, i have mental confusion Furthermore, i feel unsteady Additionally, i have trouble walking I also experience i have speech problems Additionally, i have facial paralysis Plus, i was unconscious for a period Furthermore, i have neuropathic pain Plus, i have muscle stiffness Plus, i have trouble with fine motor tasks I also experience i have insomnia",NEUROLOGY
"Emergency presentation: dyspnea, vitals show elevated temperature 99.1F, low oxygen saturation 94%",CARDIOLOGY
"I have lower back pain Also, i have numbness in my extremities Also, i have difficulty walking Also, i have painful joints I also experience my neck hurts Plus, my knee hurts I also experience i have a frozen shoulder On top of that, i have hip pain I also experience i have bone pain Also, i have muscle pain Furthermore, i have joint swelling Also, i have trouble moving my joints Also, my movement is limited On top of that, i have a stress fracture On top of that, i have progressive muscle weakness Furthermore, i experience unusual tingling Plus, i have pain in my heel Additionally, i have a sports injury",ORTHOPEDICS
"Patient with chief complaint of leg pain wound evaluation, assessed for oth places as the place of occurrence of the external cause",GENERAL MEDICINE
"Patient with chief complaint of r foot pain, assessed for hypertension nos",CARDIOLOGY
Patient presents with dehydration nausea rash,ENDOCRINOLOGY
Patient presents with hemodialysis,CARDIOLOGY
"I was diagnosed with PCOS Furthermore, my menstrual cycle is irregular On top of that, i have pregnancy-related problems On top of that, i have problems during menstruation Additionally, i have mild period pain Furthermore, i experience heavy menstrual bleeding Also, i have very light periods I also experience my period is late I also experience i have a missed period On top of that, i have vaginal itching Additionally, i feel dry in the vaginal area Plus, i have persistent acne from hormonal imbalance On top of that, i feel pain in my lower abdomen",GYNECOLOGY & OBSTETRICS
"my head hurts Furthermore, i feel lightheaded Also, i have convulsions Also, i have numbness in my extremities I also experience i experience tingling in my feet On top of that, i cannot move my muscles properly Additionally, i experience involuntary shaking I also experience i keep forgetting things On top of that, i feel confused Additionally, i have poor balance and coordination Plus, i walk with difficulty Furthermore, my speech is slurred Plus, my facial muscles feel weak Plus, i have lost consciousness On top of that, i feel burning nerve pain Additionally, my muscles are tight and stiff Furthermore, i feel uncoordinated I also experience i have insomnia",NEUROLOGY
"my baby feels very hot Furthermore, my baby is coughing Additionally, my child has cold symptoms I also experience my baby has a sore throat Additionally, my baby has breathing difficulty Additionally, my baby is vomiting On top of that, my baby has a stomach ache Also, my child has a rash on their body Also, my baby had a seizure Plus, my baby is not feeding well On top of that, my child cries all the time I also experience my child is lethargic Also, my infant has no appetite Furthermore, my infant is too small I also experience my baby has delayed growth On top of that, my baby has developmental delays On top of that, my baby has an ear infection Additionally, my baby's skin is turning yellow Additionally, my baby has dry mouth and no tears Also, my baby is wheezing",PEDIATRICS
"my child has a high temperature Plus, my baby has a persistent cough Plus, my baby is sneezing and has a runny nose I also experience my child is complaining of throat pain I also experience my baby is short of breath Also, my infant is vomiting Plus, my baby has stomach pain Also, my infant has a red rash Plus, my baby had a seizure episode Plus, my child refuses to eat I also experience my baby cries excessively Furthermore, my infant appears weak and floppy On top of that, my baby refuses to eat On top of that, my infant is too small I also experience my child is not growing properly Furthermore, my infant has delayed development Plus, my infant cries from ear pain Furthermore, my baby's skin is turning yellow On top of that, my baby is dehydrated Plus, my infant has wheezing",PEDIATRICS
"Patient with chief complaint of r foot pain, assessed for hypercholesterolemia",ENDOCRINOLOGY
"I feel hot and feverish On top of that, i am coughing a lot Plus, i feel very tired Also, i lack strength Plus, i have migraine-like headaches Also, i have vertigo-like dizziness Furthermore, my whole body aches Plus, i have stomach pain I also experience i have an upset stomach with nausea On top of that, i am throwing up",GENERAL MEDICINE
"my baby feels very hot Additionally, my child has a cough On top of that, my infant has a cold Also, my child is complaining of throat pain Additionally, my infant has breathing problems On top of that, my child has been throwing up Plus, my infant has abdominal pain Also, my child has a rash on their body Also, my baby had a seizure episode Furthermore, my child refuses to eat Plus, my baby cries excessively Plus, my infant appears weak and floppy Additionally, my infant has no appetite On top of that, my baby is underweight Additionally, my baby is smaller than expected Also, my baby is developing slowly On top of that, my baby has ear pain Also, my baby's skin is turning yellow Additionally, my baby is dehydrated Additionally, my child has a wheezing sound when breathing",PEDIATRICS
"Patient with chief complaint of cardiac arrest transfer, assessed for respiratory arrest",PULMONOLOGY
"Patient with chief complaint of shortness of breath abnl labs, assessed for pneumonia organism unspecified",PULMONOLOGY
"Patient with chief complaint of shortness of breath abnl labs, assessed for alzheimer s disease",NEUROLOGY
"I was diagnosed with PCOS Plus, my periods are not regular Plus, i have pregnancy-related problems Furthermore, i experience menstrual difficulties Furthermore, my period pain is mild Plus, i experience heavy menstrual bleeding Plus, i have very light periods Also, my period has been delayed Plus, i have a missed period Plus, i have persistent vaginal itching Furthermore, i feel dry in the vaginal area On top of that, i have hormonal acne On top of that, i have pain in my lower stomach area",GYNECOLOGY & OBSTETRICS
"I have polycystic ovary syndrome On top of that, my menstrual cycle is irregular On top of that, i am having pregnancy complications I also experience i have issues with my periods Additionally, i have mild period pain On top of that, i have menorrhagia I also experience i have very light periods Plus, my menstruation is overdue Also, i have a missed period I also experience my vaginal area is very itchy On top of that, i have vaginal dryness Plus, i get acne due to hormones Plus, i have lower abdominal pain",GYNECOLOGY & OBSTETRICS
Patient presents with lethargy,GENERAL MEDICINE
"I have lower back pain Additionally, i feel tingling and numb Additionally, i struggle to walk On top of that, i feel pain in my joints I also experience i have neck pain Furthermore, i have knee pain Plus, i have a frozen shoulder Plus, i feel pain in my hip On top of that, i feel deep bone pain On top of that, i feel muscle soreness I also experience i have joint swelling On top of that, i have trouble moving my joints Plus, i have restricted movement On top of that, my bone is broken Also, my muscles are getting weaker I also experience i have a constant tingling sensation I also experience i have heel pain I also experience i got injured while playing sports",ORTHOPEDICS
"my baby has a fever Also, my baby has a persistent cough Also, my baby is sneezing and has a runny nose I also experience my baby has a sore throat Additionally, my baby is short of breath Plus, my child has been throwing up On top of that, my child is crying from stomach pain Also, my baby has a skin rash I also experience my infant had a fit Additionally, my baby is not feeding well Plus, my baby is inconsolable Plus, my infant appears weak and floppy Additionally, my baby has lost appetite Plus, my infant is too small Plus, my infant has growth issues Also, my baby has developmental delays On top of that, my infant cries from ear pain Plus, my infant has jaundice Plus, my child is not drinking enough fluids Additionally, my child has a wheezing sound when breathing",PEDIATRICS
"my baby has a fever On top of that, my infant is coughing a lot I also experience my child has cold symptoms Also, my child is complaining of throat pain I also experience my baby has breathing difficulty Also, my baby is vomiting Plus, my child is crying from stomach pain Additionally, my infant has a red rash Plus, my baby had a seizure Also, my infant is not drinking milk properly I also experience my baby cries excessively Also, my infant appears weak and floppy I also experience my infant has no appetite Furthermore, my child is not gaining weight properly Furthermore, my child is not growing properly Additionally, my baby has developmental delays I also experience my baby has ear pain Also, my baby's skin is turning yellow Additionally, my baby has dry mouth and no tears Additionally, my baby wheezes when breathing",PEDIATRICS
"I have persistent head pain On top of that, i feel lightheaded On top of that, i have had seizures Plus, i feel tingling and numb Also, i experience tingling in my feet Also, i have progressive muscle weakness Furthermore, i have tremors Also, i have memory loss Plus, i am disoriented On top of that, i have balance problems Additionally, i walk with difficulty On top of that, i have trouble speaking On top of that, i have facial paralysis Additionally, i was unconscious for a period Additionally, i feel burning nerve pain Also, my muscles are tight and stiff I also experience i am clumsy Also, i have trouble falling asleep",NEUROLOGY
Patient presents with laryngitis shortness of breath with talking,GENERAL MEDICINE
"I have migraine-like headaches Furthermore, i have vertigo-like dizziness Additionally, i experienced a seizure Furthermore, i have numbness in my extremities On top of that, i have a tingling sensation all over I also experience i cannot move my muscles properly Plus, my hands are shaking Also, i have memory problems On top of that, i feel muddled and confused Also, i have poor balance and coordination Furthermore, i struggle to walk Furthermore, i have speech problems On top of that, my face droops Plus, i fainted and lost consciousness Furthermore, i have nerve pain Also, i have muscle stiffness Also, i feel uncoordinated On top of that, i wake up frequently at night",NEUROLOGY
"Patient with chief complaint of dyspnea, assessed for dyspnea unspecified",PULMONOLOGY
"Patient with chief complaint of abnormal ct luq abdominal pain, assessed for infarction of spleen",HEMATOLOGY
"I have lower back pain Additionally, i have numbness Also, i cannot walk properly Also, i feel pain in my joints On top of that, i have neck pain Plus, i have knee pain On top of that, my shoulder hurts I also experience my hip is stiff and painful Furthermore, i feel deep bone pain Additionally, my muscles are painful On top of that, i have inflamed swollen joints Furthermore, i feel stiff in my joints Plus, i have difficulty moving Furthermore, i have a broken bone I also experience my muscles are getting weaker Additionally, i have persistent tingling I also experience my heel feels painful Also, i have a sports injury",ORTHOPEDICS
"I have a high temperature Also, i have a wet cough Plus, i feel very tired Additionally, i feel drained and weak Furthermore, i have been having headaches Furthermore, i am experiencing dizziness Additionally, i have generalized body pain I also experience i have lower abdominal pain Also, i feel nauseous Furthermore, i cannot keep food down",GENERAL MEDICINE
"I have vertigo-like dizziness Furthermore, i have nausea Furthermore, my chest feels tight and painful Additionally, i cannot breathe properly On top of that, my heart is beating fast I also experience i have an uneven heartbeat On top of that, my BP readings are high Also, i feel like I might faint Additionally, i have tachycardia Also, i have a slow heartbeat Additionally, i am incredibly tired Also, my legs are swollen I also experience i have pressure and tightness in my chest Additionally, my ankles are swollen Furthermore, i have excessive sweating I also experience i have back pain",CARDIOLOGY
"I have PCOS I also experience i have irregular periods On top of that, i have problems with my pregnancy Plus, i have issues with my periods I also experience i feel slight cramps during my period On top of that, my periods are very heavy Also, i have scanty periods I also experience my menstruation is overdue Furthermore, i missed my period On top of that, i feel itchy down there I also experience i have vaginal dryness Plus, i have hormonal acne Plus, i have lower abdominal pain",GYNECOLOGY & OBSTETRICS
"I have a severe headache Also, i feel dizzy Furthermore, i have had seizures I also experience i feel numbness in my body I also experience i experience tingling in my feet Also, i cannot move my muscles properly Plus, i have tremors I also experience i keep forgetting things Additionally, i feel confused Plus, i feel like I might fall On top of that, i have difficulty walking Plus, my speech is slurred Also, my facial muscles feel weak I also experience i had a loss of consciousness I also experience i have nerve pain I also experience i have muscle stiffness I also experience i have poor coordination Plus, i wake up frequently at night",NEUROLOGY
"Patient with chief complaint of t spine bone fracture displacement, assessed for car occupant driver passenger injured in unspecified traf init",GENERAL MEDICINE
"I feel hot and feverish Plus, i have a wet cough Additionally, i am constantly fatigued Additionally, i feel weak all over On top of that, my head hurts I also experience i feel unsteady and dizzy Additionally, i have generalized body pain Also, i have abdominal cramps Furthermore, i feel nauseous Plus, i cannot keep food down",GENERAL MEDICINE
"I have a fever Additionally, i have a persistent cough Also, i feel weak and tired Plus, i feel physically weak Also, i have persistent head pain On top of that, i feel unsteady and dizzy Additionally, my whole body aches I also experience i have stomach pain Also, i feel queasy Plus, i have been vomiting",GENERAL MEDICINE
"I have lower back pain Plus, i have numbness Plus, i have difficulty walking Also, i feel pain in my joints I also experience i have a stiff neck Additionally, my knee is swollen and painful Additionally, i feel pain in my shoulder Furthermore, i have hip joint pain Furthermore, i have persistent bone pain I also experience i feel muscle soreness I also experience i have inflamed swollen joints Additionally, my joints are stiff On top of that, i have difficulty moving Additionally, i have a stress fracture I also experience i experience muscle fatigue and weakness Furthermore, i experience unusual tingling On top of that, my heel hurts when I walk Furthermore, i got injured while playing sports",ORTHOPEDICS
"I have a throbbing headache Additionally, i feel unsteady and dizzy Furthermore, i had a seizure episode I also experience i have numbness Additionally, i have tingling sensations Plus, my muscles feel weak I also experience i experience involuntary shaking Additionally, i have memory problems Additionally, i have mental confusion Additionally, i have balance problems Also, i struggle to walk On top of that, i have speech problems Additionally, i have facial paralysis Also, i fainted and lost consciousness On top of that, i have nerve pain On top of that, i have muscle stiffness Additionally, i cannot coordinate my movements well I also experience i have insomnia",NEUROLOGY
"I have persistent head pain Additionally, i feel unsteady and dizzy On top of that, i experienced a seizure Additionally, i have numbness in my extremities Plus, i have a tingling sensation all over Plus, my muscles feel like they are failing I also experience i have tremors Additionally, my memory is getting worse Furthermore, i am disoriented Also, i have poor balance and coordination I also experience i cannot walk properly Furthermore, i have speech problems I also experience one side of my face feels weak Plus, i blacked out I also experience i experience shooting nerve pain I also experience i have muscle stiffness I also experience i am clumsy Furthermore, i wake up frequently at night",NEUROLOGY
"Patient with chief complaint of abdominal distention, assessed for unspecified viral hepatitis c without hepatic coma",NEUROLOGY
"Throbbing pain behind the eyes, blurry vision, and floaters in visual field.",OPHTHALMOLOGY
"I was diagnosed with PCOS On top of that, my menstrual cycle is irregular I also experience i am experiencing issues during pregnancy Additionally, i have issues with my periods Also, my period pain is mild I also experience i experience heavy menstrual bleeding I also experience my periods are barely there Plus, my period is late I also experience i have amenorrhea Plus, i feel itchy down there I also experience i have vaginal dryness On top of that, i have hormonal acne On top of that, i have pain in my lower stomach area",GYNECOLOGY & OBSTETRICS
"I feel unsteady and dizzy On top of that, i feel queasy I also experience i have pressure in my chest Furthermore, i have difficulty breathing Furthermore, i have heart palpitations Also, i feel pulse irregularity Furthermore, my BP readings are high Furthermore, i feel like I might faint Furthermore, i have a rapid pulse Furthermore, i have a slow pulse rate I also experience i have debilitating fatigue On top of that, my legs are swollen On top of that, my chest feels constricted Also, my ankles are puffy Additionally, i have excessive sweating Additionally, i have back pain",CARDIOLOGY
"my baby feels very hot I also experience my baby is coughing I also experience my infant has a cold I also experience my baby's throat is sore I also experience my infant has breathing problems Additionally, my baby is vomiting Additionally, my child is crying from stomach pain Also, my child has a rash on their body I also experience my baby had a seizure On top of that, my baby is not feeding well Plus, my baby cries excessively On top of that, my infant appears weak and floppy Also, my baby refuses to eat I also experience my child is not gaining weight properly I also experience my child is not growing properly Furthermore, my child is not meeting milestones On top of that, my child is pulling at their ear I also experience my infant has jaundice Also, my child is not drinking enough fluids I also experience my child has a wheezing sound when breathing",PEDIATRICS
"I feel dizzy I also experience i have nausea I also experience my chest hurts On top of that, i experience breathing difficulty Additionally, my heart is beating fast Furthermore, i feel pulse irregularity Additionally, i have been diagnosed with high blood pressure On top of that, i have been fainting Plus, i have a fast heartbeat Furthermore, my heart rate is low Furthermore, i am incredibly tired Additionally, my legs feel heavy and swollen Also, my chest feels tight I also experience my ankles feel swollen and painful Furthermore, i have night sweats Additionally, i have lower back pain",CARDIOLOGY
"Feeling overwhelmed by stress, panic attacks, social anxiety, and emotional distress.",PSYCHIATRY
"I feel lightheaded Also, i feel queasy Furthermore, my chest feels tight and painful Also, i feel breathless I also experience my heart skips beats On top of that, my pulse rate is inconsistent Additionally, my BP readings are high On top of that, i feel like I am going to pass out On top of that, my heart beats very fast Additionally, my heart rate is low Furthermore, i feel utterly exhausted I also experience i have leg edema Furthermore, my chest feels constricted Plus, my ankles feel swollen and painful Plus, i am sweating excessively Also, i have upper back pain",CARDIOLOGY
Patient presents with dyspnea productive cough,NEPHROLOGY
Patient presents with head injury status post fall,CARDIOLOGY
"my head hurts I also experience i have vertigo-like dizziness Additionally, i had a seizure episode Also, i feel tingling and numb On top of that, i have tingling sensations I also experience i have muscle weakness I also experience my hands are shaking Furthermore, my memory is getting worse Also, i feel muddled and confused Additionally, i feel like I might fall Furthermore, i struggle to walk Also, i have difficulty with speech Additionally, one side of my face feels weak On top of that, i blacked out Also, i have nerve pain Plus, my muscles feel stiff Furthermore, i am clumsy I also experience i have insomnia",NEUROLOGY
"I feel unsteady and dizzy On top of that, i have nausea Plus, i have chest pain Plus, i have difficulty breathing I also experience i have heart palpitations I also experience i feel pulse irregularity Additionally, my blood pressure is elevated Additionally, i fainted recently Also, i have tachycardia Additionally, i have bradycardia On top of that, i feel utterly exhausted Additionally, my legs feel heavy and swollen On top of that, my chest feels constricted Furthermore, my ankles are puffy On top of that, i have night sweats On top of that, i have lower back pain",CARDIOLOGY
"Emergency presentation: abdominal pain back pain, vitals show severe pain score 9 out of 10",GASTROENTEROLOGY
"Emergency presentation: abdominal pain, vitals show severe pain score 8 out of 10",GASTROENTEROLOGY
"I feel lightheaded On top of that, i feel queasy On top of that, my chest feels tight and painful Furthermore, i have trouble catching my breath Additionally, i have heart palpitations I also experience i have an uneven heartbeat I also experience my blood pressure is elevated I also experience i feel like I might faint Additionally, i have a fast heartbeat Additionally, i have bradycardia Additionally, i have extreme fatigue Additionally, i have leg edema Also, my chest feels tight I also experience my ankles feel swollen and painful Also, i am drenched in sweat Furthermore, i have upper back pain",CARDIOLOGY
"I have been having headaches Furthermore, i am experiencing dizziness Furthermore, i have had seizures Plus, i feel numbness in my body On top of that, i experience tingling in my feet Additionally, i have muscle weakness Plus, i have tremors Additionally, i have memory loss Plus, i have mental confusion I also experience i have balance problems I also experience i cannot walk properly Also, i have trouble speaking Additionally, one side of my face feels weak Additionally, i fainted and lost consciousness Also, i have nerve pain Furthermore, my muscles are tight and stiff Furthermore, i feel uncoordinated Additionally, i have sleep problems",NEUROLOGY
I am experiencing fever,GENERAL MEDICINE
"I have lower back pain Plus, i have numbness in my extremities Furthermore, i cannot walk properly Furthermore, i have painful joints Also, my neck is very painful Additionally, i feel pain in my knee Plus, my shoulder is very sore Additionally, my hip hurts Additionally, my bones ache Additionally, i have muscle pain I also experience my joints feel puffy and inflamed Additionally, i have trouble moving my joints Also, i have restricted movement On top of that, i fractured a bone Plus, i experience muscle fatigue and weakness Plus, i have persistent tingling Furthermore, i have plantar fasciitis-like heel pain I also experience i have a sports injury",ORTHOPEDICS
"Patient with chief complaint of status post cardiac arrest, assessed for cardiac arrest cause unspecified",CARDIOLOGY
I am experiencing status post fall r wrist pain r wrist injury,CARDIOLOGY
"my back is very sore On top of that, i feel tingling and numb Also, i have trouble walking Additionally, i have painful joints On top of that, i have a stiff neck Also, i have knee pain Also, i have a frozen shoulder Also, i feel pain in my hip I also experience i have bone pain Furthermore, i have muscle cramps and pain On top of that, my joints are swollen Plus, i have trouble moving my joints Additionally, i cannot move my joint fully Furthermore, my bone is broken On top of that, my muscle strength is declining Also, i have a constant tingling sensation Additionally, i have pain in my heel On top of that, i have a sprain from sports",ORTHOPEDICS
"I have back pain Furthermore, i feel numbness in my body I also experience i have difficulty walking Furthermore, i feel pain in my joints Additionally, i have neck pain Furthermore, my knee hurts I also experience my shoulder hurts Plus, i have hip pain Plus, i have bone pain I also experience i feel muscle soreness On top of that, my joints feel puffy and inflamed Plus, my joints are stiff Plus, my movement is limited Also, i fractured a bone On top of that, my muscle strength is declining I also experience i have a constant tingling sensation Also, my heel feels painful I also experience i have a sprain from sports",ORTHOPEDICS
"I feel unsteady and dizzy Furthermore, i feel like I might throw up I also experience i have chest pain Also, i cannot breathe properly Additionally, my heart is beating fast Plus, i have an irregular pulse Also, my BP readings are high Furthermore, i feel like I might faint Furthermore, my heart rate is elevated Plus, i have a slow heartbeat On top of that, i can barely stay awake I also experience my legs feel heavy and swollen On top of that, i feel chest tightness On top of that, my ankles feel swollen and painful Additionally, i am drenched in sweat I also experience my back is very sore",CARDIOLOGY
"Patient with chief complaint of status post fall r wrist pain r wrist injury, assessed for hypertension nos",CARDIOLOGY
"Emergency presentation: transfer pe, vitals show heart rate 124 bpm, tachypnea respiratory rate 32",PULMONOLOGY
"I am experiencing dizziness Furthermore, i am feeling sick to my stomach Furthermore, my chest hurts On top of that, i am short of breath Additionally, i have irregular heartbeats Additionally, my pulse rate is inconsistent Plus, i have high blood pressure Also, i have episodes of fainting Also, my heart beats very fast Furthermore, i have bradycardia I also experience i am incredibly tired Also, i have swelling in my legs Plus, i have pressure and tightness in my chest Additionally, my ankles are swollen Also, i am sweating excessively Plus, i have lower back pain",CARDIOLOGY
"Patient with chief complaint of lower back pain status post fall, assessed for striking against oth object w subsequent fall init encntr",ORTHOPEDICS
"I have vertigo-like dizziness On top of that, i have an upset stomach with nausea Additionally, i have intermittent chest pain On top of that, i cannot breathe properly Additionally, my heart is beating fast I also experience i have an irregular pulse On top of that, my blood pressure is elevated Plus, i feel like I might faint Additionally, i have a fast heartbeat Also, my heart rate is low Furthermore, i have extreme fatigue I also experience my legs are swollen Additionally, my chest feels tight I also experience my ankles are swollen I also experience i have excessive sweating Also, i have upper back pain",CARDIOLOGY
"my baby feels very hot Furthermore, my baby has a persistent cough On top of that, my baby is sneezing and has a runny nose Also, my baby has a sore throat Furthermore, my child is struggling to breathe Plus, my baby cannot keep milk down I also experience my baby has a stomach ache Also, my baby has a skin rash Additionally, my child is having convulsions I also experience my child refuses to eat On top of that, my child cries all the time I also experience my infant appears weak and floppy I also experience my child is not eating I also experience my infant is too small On top of that, my child is not growing properly Furthermore, my baby has developmental delays Additionally, my child is pulling at their ear I also experience my baby has yellow skin Additionally, my infant shows signs of dehydration Plus, my child has a wheezing sound when breathing",PEDIATRICS
"I have persistent head pain On top of that, i have vertigo-like dizziness Plus, i have had seizures Additionally, parts of my body feel numb Additionally, i have tingling sensations Also, my muscles feel like they are failing Furthermore, my hands are shaking Additionally, i have memory problems Plus, i cannot think clearly Furthermore, i have poor balance and coordination Also, i struggle to walk I also experience i have difficulty with speech I also experience my facial muscles feel weak I also experience i was unconscious for a period Additionally, i have nerve pain Furthermore, i experience muscle rigidity Also, i have trouble with fine motor tasks Furthermore, i cannot sleep well",NEUROLOGY
"Patient with chief complaint of abdominal pain nausea and vomiting, assessed for nausea with vomiting unspecified",GENERAL MEDICINE
Patient presents with rectal pain,GASTROENTEROLOGY
"my child has a high temperature On top of that, my baby has a persistent cough On top of that, my child has cold symptoms I also experience my infant has throat pain Additionally, my child is struggling to breathe On top of that, my baby cannot keep milk down On top of that, my child is crying from stomach pain Plus, my child has a rash on their body Additionally, my baby had a seizure episode Furthermore, my child refuses to eat Furthermore, my infant cries uncontrollably Additionally, my infant appears weak and floppy On top of that, my child is not eating Furthermore, my baby has low birth weight I also experience my baby has delayed growth Plus, my baby is developing slowly Furthermore, my infant cries from ear pain Plus, my baby has yellow skin On top of that, my child is not drinking enough fluids I also experience my infant has wheezing",PEDIATRICS
Patient presents with assault,ORTHOPEDICS
Patient presents with left eye swelling redness,CARDIOLOGY
"my body temperature is high Additionally, i have a wet cough I also experience i am constantly fatigued Plus, i have general weakness Additionally, i have persistent head pain I also experience i have vertigo-like dizziness Additionally, i have generalized body pain Plus, i feel pain in my belly Plus, i have nausea On top of that, i have been throwing up",GENERAL MEDICINE
I am experiencing transfer dyspnea,PULMONOLOGY
I am experiencing transfer status post fall,ORTHOPEDICS
"I have back pain Furthermore, i feel numbness in my body Plus, i cannot walk properly Additionally, i feel pain in my joints I also experience i have neck pain I also experience my knee is swollen and painful Plus, my shoulder is very sore Additionally, i feel pain in my hip Furthermore, i have bone pain Plus, i have muscle cramps and pain Additionally, i have inflamed swollen joints I also experience my joints feel rigid Plus, i have restricted movement On top of that, i have a broken bone Plus, my muscle strength is declining Plus, i have a constant tingling sensation Plus, my heel feels painful I also experience i have a sports injury",ORTHOPEDICS
"my child has a high temperature Furthermore, my baby is coughing On top of that, my child has cold symptoms I also experience my infant has throat pain Plus, my infant has breathing problems I also experience my infant is vomiting Additionally, my baby has stomach pain Plus, my infant has a red rash Furthermore, my baby had a seizure Plus, my baby has poor appetite Also, my infant cries uncontrollably Additionally, my child is lethargic Furthermore, my baby refuses to eat I also experience my baby has low birth weight Additionally, my infant has growth issues Furthermore, my child is not meeting milestones Plus, my baby has ear pain Plus, my child looks jaundiced Plus, my infant shows signs of dehydration Plus, my infant has wheezing",PEDIATRICS
Patient presents with abdominal pain back pain,GASTROENTEROLOGY
"my infant is feverish Also, my baby has a persistent cough On top of that, my baby is sneezing and has a runny nose Also, my child is complaining of throat pain Also, my child is struggling to breathe Furthermore, my infant is vomiting On top of that, my baby has stomach pain Furthermore, my infant has a red rash Also, my child is having convulsions Additionally, my infant is not drinking milk properly Also, my infant cries uncontrollably I also experience my child is lethargic Plus, my baby refuses to eat On top of that, my infant is too small I also experience my baby is smaller than expected Additionally, my baby has developmental delays Furthermore, my baby has an ear infection Also, my infant has jaundice On top of that, my baby is dehydrated Plus, my infant has wheezing",PEDIATRICS
"I have a fever On top of that, i have a dry cough Plus, i feel weak and tired Also, i feel physically weak On top of that, i have migraine-like headaches On top of that, i feel lightheaded I also experience my whole body aches Plus, i have lower abdominal pain Furthermore, i have an upset stomach with nausea Also, i have persistent vomiting",GENERAL MEDICINE
"I have a high temperature Furthermore, i have a persistent cough Plus, i feel exhausted I also experience i lack strength On top of that, i have a severe headache Furthermore, the room feels like it is spinning Also, i have generalized body pain On top of that, i have lower abdominal pain Additionally, i have an upset stomach with nausea I also experience i have persistent vomiting",GENERAL MEDICINE
"Patient with chief complaint of coffee ground emesis, assessed for acidosis",NEPHROLOGY
"Patient with chief complaint of hypotension, assessed for asymptomatic hiv infection",GENERAL MEDICINE
"my body temperature is high Furthermore, i have a dry cough On top of that, i feel weak and tired I also experience i feel drained and weak Furthermore, i have persistent head pain Plus, i feel lightheaded Plus, i feel achy all over I also experience i have stomach pain I also experience i have nausea Also, i have persistent vomiting",GENERAL MEDICINE
"Patient with chief complaint of foot laceration, assessed for diabetes uncompl adult",ENDOCRINOLOGY
"Patient with chief complaint of back pain, assessed for fracture of bony thorax part unspecified init for clos bone fracture",ORTHOPEDICS
"I have upper back pain Plus, i have numbness Plus, i walk with difficulty I also experience my joints hurt Plus, i have neck pain I also experience i have difficulty with my knee On top of that, i have a frozen shoulder Additionally, i feel pain in my hip Additionally, i have persistent bone pain Furthermore, i have muscle pain Plus, i have inflamed swollen joints Plus, my joints are stiff Additionally, my movement is limited I also experience i have a stress fracture On top of that, my muscle strength is declining Also, i have persistent tingling On top of that, my heel feels painful Plus, i got injured while playing sports",ORTHOPEDICS
"I have cysts on my ovaries Also, i have inconsistent menstrual cycles On top of that, i am having pregnancy complications Also, i have problems during menstruation I also experience i have mild period pain Additionally, i experience heavy menstrual bleeding Furthermore, i have scanty periods Also, my period is late I also experience i have amenorrhea On top of that, i feel itchy down there Plus, i experience vaginal dryness Plus, my acne is hormone-related Plus, i feel pain in my lower abdomen",GYNECOLOGY & OBSTETRICS
"Patient with chief complaint of r foot pain, assessed for long term current use of insulin",GENERAL MEDICINE
"I have persistent head pain Also, the room feels like it is spinning Additionally, i have convulsions Plus, i have numbness Plus, i experience tingling in my feet Plus, i cannot move my muscles properly Also, my body shakes involuntarily Plus, i have memory problems Plus, i cannot think clearly Additionally, i have trouble maintaining balance I also experience i have difficulty walking Plus, i have difficulty with speech Also, i have facial weakness Also, i was unconscious for a period On top of that, i have neuropathic pain Plus, i experience muscle rigidity Additionally, i have poor coordination Also, i wake up frequently at night",NEUROLOGY
"my infant is feverish On top of that, my baby has a persistent cough Additionally, my infant has a cold Additionally, my infant has throat pain On top of that, my child is struggling to breathe Also, my child has been throwing up Furthermore, my child is crying from stomach pain Additionally, my child has a rash on their body Plus, my infant had a fit Plus, my baby is not feeding well I also experience my infant cries uncontrollably Additionally, my infant appears weak and floppy Additionally, my infant has no appetite I also experience my infant is too small Plus, my baby is smaller than expected Plus, my baby has developmental delays Additionally, my child is pulling at their ear Also, my baby's skin is turning yellow I also experience my baby has dry mouth and no tears I also experience my infant has wheezing",PEDIATRICS
"Patient with chief complaint of eye pain, assessed for unspecified corneal ulcer right eye",GASTROENTEROLOGY
"I have a throbbing headache Additionally, i am experiencing dizziness Additionally, i experienced a seizure Also, i have numbness I also experience i have pins and needles feeling Also, i cannot move my muscles properly Plus, i have tremors I also experience i cannot remember recent events I also experience i feel muddled and confused Also, i feel unsteady Also, i have difficulty walking Furthermore, i have trouble speaking I also experience i have facial weakness I also experience i fainted and lost consciousness Additionally, i have sharp nerve pain Additionally, i have muscle stiffness Plus, i feel uncoordinated Furthermore, i have sleep problems",NEUROLOGY
"Patient with chief complaint of fever, assessed for adv eff medicinal nos",GENERAL MEDICINE
"my baby feels very hot Also, my baby has a persistent cough Plus, my child has cold symptoms Also, my child is complaining of throat pain Furthermore, my baby is short of breath Also, my child has been throwing up Furthermore, my baby has stomach pain I also experience my baby has a skin rash I also experience my infant had a fit Furthermore, my baby has poor appetite Furthermore, my baby is inconsolable Plus, my child is lethargic On top of that, my baby has lost appetite I also experience my baby has low birth weight Furthermore, my child is not growing properly I also experience my child is not meeting milestones Also, my baby has ear pain On top of that, my child looks jaundiced Also, my baby is dehydrated Also, my child has a wheezing sound when breathing",PEDIATRICS
I am experiencing chest pain nausea and vomiting,GENERAL MEDICINE
"I have cysts on my ovaries Additionally, i have inconsistent menstrual cycles Furthermore, i am having pregnancy complications I also experience i experience menstrual difficulties Furthermore, my period pain is mild Furthermore, i experience heavy menstrual bleeding Additionally, my menstrual flow is very light Also, i have a delayed period Additionally, i have a missed period Furthermore, i have vaginal itching Plus, i experience vaginal dryness Furthermore, my acne is hormone-related Furthermore, my lower belly hurts",GYNECOLOGY & OBSTETRICS
I am experiencing abdominal pain transfer,NEPHROLOGY
Patient presents with diarrhea fever,ENDOCRINOLOGY
"my baby has a fever Also, my baby is coughing Plus, my baby is sneezing and has a runny nose Additionally, my baby's throat is sore Plus, my child is struggling to breathe Also, my baby is vomiting On top of that, my baby has stomach pain On top of that, my infant has a red rash Furthermore, my infant had a fit I also experience my infant is not drinking milk properly Plus, my infant cries uncontrollably Also, my infant appears weak and floppy I also experience my baby refuses to eat On top of that, my baby is underweight Also, my baby is smaller than expected On top of that, my child is not meeting milestones Plus, my infant cries from ear pain Also, my infant has jaundice Additionally, my baby is dehydrated Additionally, my child has a wheezing sound when breathing",PEDIATRICS
"Emergency presentation: chest pain, vitals show severe pain score 6 out of 10",GENERAL MEDICINE
"Patient with chief complaint of lethargy shortness of breath, assessed for pleural effusion nos",PULMONOLOGY
I am experiencing dizziness,GENERAL MEDICINE
"I have a fever I also experience i have a wet cough Furthermore, i feel very tired Also, i have general weakness I also experience i have persistent head pain Also, the room feels like it is spinning Furthermore, my body is sore Additionally, i feel pain in my belly Plus, i have an upset stomach with nausea I also experience i have persistent vomiting",GENERAL MEDICINE
"I have migraine-like headaches I also experience the room feels like it is spinning I also experience i experienced a seizure Plus, i have numbness in my extremities Plus, i feel tingling in my hands Also, i have muscle weakness Additionally, my hands are shaking Plus, i keep forgetting things Furthermore, i cannot think clearly On top of that, i have poor balance and coordination Additionally, i struggle to walk Furthermore, i have speech problems Also, my face droops Plus, i blacked out Also, i feel burning nerve pain On top of that, i have muscle stiffness Additionally, i have trouble with fine motor tasks On top of that, i have sleep problems",NEUROLOGY
Patient presents with ili,NEPHROLOGY
"I feel lightheaded I also experience i feel queasy Furthermore, my chest feels tight and painful I also experience i am short of breath Additionally, my heart is beating fast Additionally, i have an uneven heartbeat Furthermore, my blood pressure is elevated Also, i feel like I might faint I also experience i have a fast heartbeat Plus, my heart beats slowly On top of that, i have debilitating fatigue Also, my legs feel heavy and swollen Plus, i have pressure and tightness in my chest I also experience my ankles feel swollen and painful Furthermore, i am sweating excessively Also, my back hurts",CARDIOLOGY
"I was diagnosed with PCOS Plus, i have inconsistent menstrual cycles I also experience i have pregnancy-related problems Also, i have menstrual problems Also, i feel slight cramps during my period On top of that, i experience heavy menstrual bleeding Furthermore, my menstrual flow is very light Also, my period has been delayed Also, i missed my period On top of that, my vaginal area is very itchy Plus, i have vaginal dryness Additionally, i have hormonal acne Furthermore, my lower belly hurts",GYNECOLOGY & OBSTETRICS
"I have migraine-like headaches On top of that, i feel lightheaded Plus, i experienced a seizure On top of that, parts of my body feel numb Also, i have a tingling sensation all over Plus, i cannot move my muscles properly On top of that, my hands are shaking I also experience my memory is getting worse On top of that, i feel confused I also experience i feel like I might fall Furthermore, i struggle to walk Furthermore, i have speech problems Additionally, one side of my face feels weak Additionally, i was unconscious for a period Also, i experience shooting nerve pain I also experience i have muscle stiffness I also experience i feel uncoordinated Also, i have insomnia",NEUROLOGY
"Patient with chief complaint of fever, assessed for septic shock",GENERAL MEDICINE
"Emergency presentation: nausea and vomiting tachycardia, vitals show elevated temperature 100.3F, heart rate 140 bpm",DERMATOLOGY
"Patient with chief complaint of back pain decreased po intake r ear pain, assessed for enlarged lymph nodes unspecified",HEMATOLOGY
"I have back pain I also experience i feel numbness in my body Furthermore, i have difficulty walking On top of that, i have joint pain Additionally, i have neck pain Furthermore, i feel pain in my knee Furthermore, i have shoulder pain Also, i feel pain in my hip Plus, i feel deep bone pain Additionally, my muscles ache Additionally, i have swollen joints Additionally, i have joint stiffness I also experience i have restricted movement Also, i have a bone fracture Plus, i experience muscle fatigue and weakness Plus, i experience unusual tingling I also experience my heel feels painful Additionally, i injured myself during exercise",ORTHOPEDICS
"I am experiencing dizziness Plus, i am feeling sick to my stomach On top of that, my chest feels tight and painful On top of that, i experience breathing difficulty I also experience my heart is beating fast On top of that, i feel pulse irregularity On top of that, my blood pressure is elevated Plus, i feel like I might faint Furthermore, i have a rapid pulse I also experience i have a slow pulse rate Also, i feel utterly exhausted Plus, my legs are swollen Also, i have a tight feeling in my chest Also, my ankles feel swollen and painful I also experience i have night sweats Additionally, my back is very sore",CARDIOLOGY
"I am running a fever On top of that, i have a wet cough I also experience i have fatigue On top of that, i lack strength Furthermore, i have a throbbing headache On top of that, i feel lightheaded Additionally, my whole body aches Also, i have stomach pain On top of that, i feel like I might throw up Furthermore, i vomited multiple times",GENERAL MEDICINE
"I have cysts on my ovaries Additionally, i have inconsistent menstrual cycles On top of that, i have pregnancy-related problems I also experience i have menstrual problems Additionally, i have mild period pain Plus, i have menorrhagia Furthermore, my periods are barely there Furthermore, my period has been delayed On top of that, i have a missed period Furthermore, i feel itchy down there On top of that, i have vaginal dryness On top of that, my acne is hormone-related On top of that, i have pain in my lower stomach area",GYNECOLOGY & OBSTETRICS
"Emergency presentation: fever neutropenia, vitals show heart rate 57 bpm",GENERAL MEDICINE
"I have cysts on my ovaries I also experience my periods are not regular Furthermore, i am experiencing issues during pregnancy I also experience i have menstrual problems Additionally, i feel slight cramps during my period Furthermore, my periods are very heavy Also, my periods are barely there I also experience my period has been delayed Furthermore, i have a missed period Furthermore, i have persistent vaginal itching Furthermore, i feel dry in the vaginal area I also experience i have hormonal acne Plus, i have lower abdominal pain",GYNECOLOGY & OBSTETRICS
"I have a severe headache Furthermore, i feel dizzy Plus, i experienced a seizure Furthermore, i have numbness in my extremities Plus, i experience tingling in my feet Also, i have progressive muscle weakness Plus, i have a tremor in my hands Additionally, i have memory loss Additionally, i am disoriented On top of that, i have poor balance and coordination Furthermore, i have difficulty walking On top of that, i have difficulty with speech Additionally, my facial muscles feel weak I also experience i had a loss of consciousness Plus, i feel burning nerve pain I also experience my muscles are tight and stiff I also experience i have trouble with fine motor tasks On top of that, i have insomnia",NEUROLOGY
"I have a severe headache Furthermore, i feel dizzy Furthermore, i have convulsions Furthermore, parts of my body feel numb I also experience i feel tingling in my hands Additionally, i have muscle weakness Plus, my body shakes involuntarily Furthermore, my memory is getting worse Also, i have mental confusion I also experience i feel like I might fall On top of that, i have difficulty walking I also experience i cannot speak clearly Additionally, i have facial weakness Additionally, i fainted and lost consciousness Furthermore, i have neuropathic pain On top of that, my muscles feel stiff I also experience i have trouble with fine motor tasks Also, i have trouble falling asleep",NEUROLOGY
I am experiencing anemia,PULMONOLOGY
"I have cysts on my ovaries Plus, my menstrual cycle is irregular I also experience i have problems with my pregnancy Also, i experience menstrual difficulties Plus, i have mild menstrual cramps Furthermore, i experience heavy menstrual bleeding Additionally, my periods are barely there Plus, i have a delayed period I also experience i missed my period Furthermore, my vaginal area is very itchy On top of that, i feel dry in the vaginal area Also, i have hormonal acne I also experience i have lower abdominal pain",GYNECOLOGY & OBSTETRICS
"Emergency presentation: lower back pain status post fall, vitals show heart rate 102 bpm, severe pain score 8 out of 10",CARDIOLOGY
"I feel lightheaded I also experience i feel queasy Additionally, i have chest pain Also, i am short of breath Furthermore, my heart is beating fast Additionally, my pulse rate is inconsistent Additionally, my BP readings are high On top of that, i fainted recently On top of that, i have a rapid pulse On top of that, i have bradycardia I also experience i can barely stay awake Furthermore, i have swelling in my legs Furthermore, i have pressure and tightness in my chest Additionally, my ankles feel swollen and painful On top of that, i sweat a lot On top of that, i have lower back pain",CARDIOLOGY
"Patient with chief complaint of infection, assessed for history of of breast malignancy",ONCOLOGY
"my body temperature is high Furthermore, i am coughing a lot I also experience i feel exhausted Furthermore, i have general weakness I also experience my head hurts Also, the room feels like it is spinning Furthermore, my whole body aches Furthermore, i have stomach pain Additionally, i am feeling sick to my stomach On top of that, i have been throwing up",GENERAL MEDICINE
"I feel unsteady and dizzy Plus, i feel like I might throw up I also experience i have chest pain Furthermore, i cannot breathe properly Plus, my heart skips beats Also, my pulse rate is inconsistent I also experience i have been diagnosed with high blood pressure Also, i feel like I am going to pass out On top of that, my heart beats very fast On top of that, i have bradycardia Additionally, i have extreme fatigue Furthermore, i have leg edema I also experience i have pressure and tightness in my chest Plus, my ankles are swollen On top of that, i sweat a lot Furthermore, i have upper back pain",CARDIOLOGY
"Patient with chief complaint of rlq abdominal pain, assessed for right lower quadrant pain",GENERAL MEDICINE
"Patient with chief complaint of etoh suicidal ideation, assessed for alcohol abuse with intoxication unspecified",PSYCHIATRY
"I am experiencing dizziness On top of that, i feel nauseous Additionally, i have chest pain On top of that, i have difficulty breathing Furthermore, i feel my heart pounding Furthermore, i have an irregular pulse Also, my blood pressure is elevated Furthermore, i feel like I am going to pass out Furthermore, my heart beats very fast Plus, my heart beats slowly Plus, i have extreme fatigue Furthermore, my ankles and legs are puffy Also, i have a tight feeling in my chest Also, my ankles feel swollen and painful On top of that, i have excessive sweating Furthermore, i have back pain",CARDIOLOGY
"I have persistent head pain I also experience i have vertigo-like dizziness Plus, i have convulsions Also, parts of my body feel numb Furthermore, i experience tingling in my feet Also, my muscles feel weak Also, my body shakes involuntarily Plus, i have memory problems Furthermore, i cannot think clearly I also experience i have balance problems I also experience i cannot walk properly Additionally, i have difficulty with speech Furthermore, my face droops Additionally, i was unconscious for a period Plus, i have neuropathic pain Also, i have muscle stiffness I also experience i am clumsy Also, i have trouble falling asleep",NEUROLOGY
"Patient with chief complaint of clogged foley, assessed for other cystostomy complication",UROLOGY
I am experiencing abnormal labs etoh hypotension,NEPHROLOGY
"my head hurts Also, i have vertigo-like dizziness On top of that, i have epilepsy-like seizures Additionally, parts of my body feel numb I also experience i have pins and needles feeling Plus, my muscles feel weak On top of that, i experience involuntary shaking On top of that, i have memory loss I also experience i have mental confusion I also experience i feel like I might fall Plus, i walk with difficulty Also, my speech is slurred On top of that, i have facial weakness On top of that, i fainted and lost consciousness Also, i have nerve pain Plus, i experience muscle rigidity Also, i have trouble with fine motor tasks On top of that, i have sleep problems",NEUROLOGY
"my baby feels very hot Plus, my child has a cough Furthermore, my baby is sneezing and has a runny nose I also experience my child is complaining of throat pain I also experience my baby is short of breath Plus, my child has been throwing up I also experience my child is crying from stomach pain Plus, my child has a rash on their body Additionally, my baby had a seizure episode Also, my child refuses to eat Additionally, my infant cries uncontrollably Also, my infant appears weak and floppy Additionally, my child is not eating Plus, my baby is underweight Furthermore, my infant has growth issues Additionally, my infant has delayed development Additionally, my baby has an ear infection I also experience my baby has yellow skin Additionally, my baby is dehydrated I also experience my baby wheezes when breathing",PEDIATRICS
"the room feels like it is spinning Plus, i feel like I might throw up On top of that, i have intermittent chest pain On top of that, i feel breathless I also experience i feel my heart pounding Also, i feel pulse irregularity Additionally, i have hypertension Additionally, i feel like I am going to pass out Also, i have tachycardia Additionally, i have a slow pulse rate Additionally, i feel utterly exhausted Also, i have leg edema I also experience my chest feels tight Furthermore, my ankles are puffy Additionally, i have night sweats On top of that, my back hurts",CARDIOLOGY
"I am running a fever On top of that, i keep coughing Plus, i have fatigue I also experience i feel drained and weak Additionally, i have a severe headache On top of that, i feel unsteady and dizzy Additionally, i feel achy all over Also, my abdomen hurts Plus, i feel queasy On top of that, i have persistent vomiting",GENERAL MEDICINE
"I have back pain Plus, i have numbness Additionally, i cannot walk properly Plus, i feel pain in my joints Furthermore, i have a stiff neck Furthermore, i feel pain in my knee On top of that, i have shoulder pain Also, i have hip joint pain Also, my bones feel sore Additionally, my muscles are painful Furthermore, i have swollen joints Plus, i have trouble moving my joints Also, i have difficulty moving Plus, i have a bone fracture I also experience my muscle strength is declining Additionally, i have persistent tingling Furthermore, i have plantar fasciitis-like heel pain Furthermore, i got injured while playing sports",ORTHOPEDICS
"Patient with chief complaint of presyncope weakness, assessed for long term current use of insulin",GENERAL MEDICINE
"the room feels like it is spinning On top of that, i have nausea Furthermore, i have chest pain Also, i have difficulty breathing On top of that, i have heart palpitations Also, i have an irregular pulse Additionally, my BP readings are high Additionally, i fainted recently On top of that, i have tachycardia Additionally, i have bradycardia On top of that, i am incredibly tired Additionally, i have leg edema Furthermore, i have pressure and tightness in my chest Additionally, my ankles feel swollen and painful Additionally, i sweat a lot Additionally, my back hurts",CARDIOLOGY
"I feel hot and feverish I also experience i am coughing a lot On top of that, i feel exhausted Plus, i feel drained and weak Furthermore, i have persistent head pain Furthermore, i feel lightheaded On top of that, i feel achy all over I also experience my stomach is hurting Furthermore, i feel queasy Furthermore, i am throwing up",GENERAL MEDICINE
"I have been having headaches Also, the room feels like it is spinning Also, i experienced a seizure Furthermore, i have numbness in my extremities Plus, i have a tingling sensation all over Furthermore, i have muscle weakness Also, i have a tremor in my hands Additionally, i cannot remember recent events Furthermore, i am disoriented Additionally, i feel like I might fall Plus, i have trouble walking Also, i have difficulty with speech Also, i have facial weakness Additionally, i blacked out Plus, i feel burning nerve pain Also, my muscles feel stiff Furthermore, i cannot coordinate my movements well Additionally, i have sleep problems",NEUROLOGY
"Emergency presentation: diarrhea fever, vitals show heart rate 125 bpm, tachypnea respiratory rate 22",ENDOCRINOLOGY
"I have polycystic ovary syndrome On top of that, my periods are not regular Also, i have problems with my pregnancy Furthermore, i have issues with my periods On top of that, i feel slight cramps during my period Also, i experience heavy menstrual bleeding Additionally, my menstrual flow is very light Furthermore, my period has been delayed Plus, i have a missed period Additionally, i feel itchy down there Also, my vaginal area lacks moisture I also experience my acne is hormone-related Plus, i have pain in my lower stomach area",GYNECOLOGY & OBSTETRICS
"Patient with chief complaint of urinary retention lower abdominal pain, assessed for accident nos",GENERAL MEDICINE
"I am experiencing dizziness Also, i feel like I might throw up Plus, i have intermittent chest pain On top of that, i cannot breathe properly I also experience my heart is beating fast Additionally, my heartbeat is irregular Also, i have high blood pressure Plus, i feel like I am going to pass out Also, my heart beats very fast On top of that, my heart rate is low On top of that, i have debilitating fatigue Also, my ankles and legs are puffy Furthermore, my chest feels tight On top of that, my ankles are swollen Additionally, i am sweating excessively I also experience i have back pain",CARDIOLOGY
"my head hurts On top of that, the room feels like it is spinning On top of that, i have epilepsy-like seizures Furthermore, parts of my body feel numb Furthermore, i have a tingling sensation all over Furthermore, i have progressive muscle weakness Also, i have a tremor in my hands Furthermore, i have memory problems I also experience i cannot think clearly I also experience i have balance problems Furthermore, i have trouble walking Plus, my speech is slurred Plus, one side of my face feels weak On top of that, i had a loss of consciousness Additionally, i have neuropathic pain Additionally, i have muscle stiffness Plus, i am clumsy Plus, i cannot sleep well",NEUROLOGY
"Patient with chief complaint of elevated inr, assessed for long term use antigoagulant",GENERAL MEDICINE
"Patient with chief complaint of anemia, assessed for pleural effusion not elsewhere classified",PULMONOLOGY
"I feel dizzy Furthermore, i have nausea I also experience i feel a sharp pain in my chest I also experience i experience breathing difficulty Also, my heart skips beats Also, my pulse rate is inconsistent I also experience my BP readings are high Also, i feel like I might faint Furthermore, my heart rate is elevated I also experience my heart rate is low I also experience i can barely stay awake Additionally, my ankles and legs are puffy Furthermore, i have a tight feeling in my chest Furthermore, i have ankle edema Plus, i have excessive sweating Plus, i have lower back pain",CARDIOLOGY
"I have a fever On top of that, i keep coughing On top of that, i feel exhausted Additionally, my body feels weak On top of that, i have migraine-like headaches I also experience i feel dizzy Furthermore, i have body pain Furthermore, i have abdominal cramps Also, i am feeling sick to my stomach Also, i have been throwing up",GENERAL MEDICINE
"I have cysts on my ovaries Also, my periods are not regular Plus, i am experiencing issues during pregnancy Additionally, i have menstrual problems Furthermore, i have mild menstrual cramps On top of that, i have menorrhagia Plus, i have scanty periods Additionally, my period is late Also, i have amenorrhea Also, my vaginal area is very itchy I also experience my vaginal area lacks moisture Additionally, i get acne due to hormones Also, i have lower abdominal pain",GYNECOLOGY & OBSTETRICS
"Patient with chief complaint of motor vehicle collision intubated trauma, assessed for car driver injured in collision w car in traf init",GENERAL MEDICINE
"my child has a high temperature Also, my infant is coughing a lot Furthermore, my infant has a cold On top of that, my infant has throat pain Additionally, my baby has breathing difficulty Also, my child has been throwing up Also, my infant has abdominal pain Also, my infant has a red rash Furthermore, my child is having convulsions On top of that, my baby is not feeding well Plus, my baby cries excessively Additionally, my child is lethargic On top of that, my child is not eating On top of that, my infant is too small Additionally, my baby has delayed growth Also, my baby is developing slowly Plus, my baby has an ear infection I also experience my infant has jaundice I also experience my baby has dry mouth and no tears Additionally, my infant has wheezing",PEDIATRICS
"Patient with chief complaint of hemodialysis, assessed for oth places as the place of occurrence of the external cause",GENERAL MEDICINE
"I have a fever Also, i am coughing a lot Additionally, i feel very tired On top of that, i have general weakness I also experience i have been having headaches Plus, i feel unsteady and dizzy Also, i have generalized body pain On top of that, i have stomach pain Also, i am feeling sick to my stomach I also experience i am throwing up",GENERAL MEDICINE
"Patient with chief complaint of r foot ulcer cellulitis, assessed for diab w manif nec adult",ENDOCRINOLOGY
"I have PCOS Furthermore, i have inconsistent menstrual cycles Furthermore, i have problems with my pregnancy Also, i experience menstrual difficulties On top of that, i have mild menstrual cramps Furthermore, my periods are very heavy I also experience my periods are barely there I also experience my period has been delayed On top of that, i have a missed period Plus, i have persistent vaginal itching Additionally, my vaginal area lacks moisture I also experience i have persistent acne from hormonal imbalance Furthermore, i have lower abdominal pain",GYNECOLOGY & OBSTETRICS
I am experiencing l foot pain wound evaluation,CARDIOLOGY
"I have upper back pain On top of that, i feel numbness in my body I also experience i have difficulty walking I also experience i have joint pain Furthermore, i feel pain in my neck Also, my knee is swollen and painful On top of that, my shoulder is very sore Additionally, my hip is stiff and painful I also experience i have bone pain Plus, i have muscle pain Furthermore, my joints feel puffy and inflamed On top of that, my joints feel rigid On top of that, my movement is limited Additionally, i have a broken bone On top of that, i have progressive muscle weakness Additionally, i have a constant tingling sensation On top of that, my heel feels painful Additionally, i injured myself during exercise",ORTHOPEDICS
"Patient with chief complaint of seizure, assessed for hypertension nos",CARDIOLOGY
"I have PCOS Also, my periods are not regular Also, i am having pregnancy complications Plus, i have menstrual problems Additionally, my period pain is mild Plus, i have menorrhagia On top of that, my menstrual flow is very light On top of that, i have a delayed period Furthermore, i missed my period Additionally, i feel itchy down there Additionally, i experience vaginal dryness Additionally, i have hormonal acne On top of that, i feel pain in my lower abdomen",GYNECOLOGY & OBSTETRICS
"I have vertigo-like dizziness On top of that, i am feeling sick to my stomach I also experience my chest feels tight and painful I also experience i cannot breathe properly Additionally, i feel my heart pounding Also, my heartbeat is irregular I also experience i have high blood pressure I also experience i have episodes of fainting Plus, i have tachycardia I also experience my heart rate is low Also, i feel utterly exhausted I also experience my ankles and legs are puffy I also experience i feel chest tightness Furthermore, my ankles feel swollen and painful Also, i have excessive sweating I also experience my back is very sore",CARDIOLOGY
"Patient with chief complaint of abnormal labs hyperglycemia, assessed for type 1 diabetes mellitus with hyperglycemia",ENDOCRINOLOGY
Patient presents with abdominal mass fever,DERMATOLOGY
"I have polycystic ovary syndrome Additionally, i have irregular periods Additionally, i am having pregnancy complications Also, i have menstrual problems Also, i have mild menstrual cramps I also experience i have menorrhagia On top of that, my periods are barely there On top of that, my period is late Plus, i have a missed period Plus, i feel itchy down there Additionally, i experience vaginal dryness Also, i get acne due to hormones Additionally, i have pain in my lower stomach area",GYNECOLOGY & OBSTETRICS
"I feel dizzy Also, i am feeling sick to my stomach Furthermore, my chest hurts Also, i experience breathing difficulty Also, my heart skips beats On top of that, my pulse rate is inconsistent On top of that, my BP readings are high I also experience i have episodes of fainting I also experience i have a fast heartbeat I also experience my heart beats slowly On top of that, i can barely stay awake Plus, i have swelling in my legs Plus, my chest feels tight On top of that, my ankles are puffy Plus, i am drenched in sweat Furthermore, i have upper back pain",CARDIOLOGY
I am experiencing toe pain,CARDIOLOGY
Patient presents with etoh suicidal ideation,PSYCHIATRY
"Patient with chief complaint of picc line infection, assessed for removal vascular catheter",GENERAL MEDICINE
"I feel hot and feverish Also, i have a wet cough On top of that, i have no energy Plus, i feel drained and weak Additionally, i have been having headaches Plus, i feel lightheaded On top of that, i have generalized body pain On top of that, i have abdominal cramps Also, i have an upset stomach with nausea Additionally, i have been vomiting",GENERAL MEDICINE
"I have vertigo-like dizziness I also experience i have nausea Plus, i have chest pain On top of that, i experience breathing difficulty Additionally, i have irregular heartbeats I also experience i have an irregular pulse Also, my blood pressure is elevated Furthermore, i feel like I am going to pass out Furthermore, i have a rapid pulse On top of that, my heart rate is low On top of that, i have debilitating fatigue On top of that, i have leg edema Additionally, i have a tight feeling in my chest On top of that, i have ankle edema On top of that, i am sweating excessively Also, my back hurts",CARDIOLOGY
"Severe sharp kidney stone pain in the side and back, with cloudy urine.",UROLOGY
"my back hurts I also experience i feel numbness in my body Also, i walk with difficulty Additionally, my joints hurt Furthermore, i have a stiff neck Additionally, i feel pain in my knee I also experience i have a frozen shoulder Furthermore, i have hip pain Plus, i have bone pain Furthermore, my muscles ache Plus, i have inflamed swollen joints Furthermore, my joints feel rigid I also experience i have restricted movement Furthermore, my bone is broken Additionally, my muscle strength is declining Additionally, i have a constant tingling sensation Also, i have heel pain Furthermore, i got injured while playing sports",ORTHOPEDICS
"my infant is feverish Additionally, my child has a cough I also experience my baby is sneezing and has a runny nose Additionally, my baby's throat is sore Plus, my infant has breathing problems Also, my baby cannot keep milk down Furthermore, my baby has stomach pain On top of that, my baby's skin is irritated Furthermore, my baby had a seizure On top of that, my baby is not feeding well Furthermore, my child cries all the time I also experience my baby seems weak Also, my child is not eating Plus, my infant is too small Plus, my child is not growing properly Additionally, my baby has developmental delays Plus, my baby has an ear infection Furthermore, my child looks jaundiced Additionally, my infant shows signs of dehydration Also, my infant has wheezing",PEDIATRICS
"my baby has a fever Plus, my child has a cough On top of that, my baby has a cold I also experience my infant has throat pain On top of that, my baby is short of breath Furthermore, my child has been throwing up I also experience my baby has a stomach ache Also, my baby has a skin rash Furthermore, my baby had a seizure episode On top of that, my child refuses to eat Furthermore, my baby cries excessively I also experience my baby seems weak Also, my child is not eating Furthermore, my infant is too small Furthermore, my child is not growing properly Furthermore, my infant has delayed development Plus, my baby has ear pain Also, my baby's skin is turning yellow Additionally, my infant shows signs of dehydration On top of that, my child has a wheezing sound when breathing",PEDIATRICS
"I have a high temperature I also experience i am coughing a lot Furthermore, i have no energy On top of that, i have general weakness Furthermore, i have a throbbing headache Furthermore, the room feels like it is spinning Additionally, i feel achy all over On top of that, i have lower abdominal pain I also experience i feel nauseous Also, i am throwing up",GENERAL MEDICINE
"Patient with chief complaint of nausea and vomiting, assessed for essential primary hypertension",CARDIOLOGY
"Patient with chief complaint of abdominal pain right sided abdominal pain, assessed for unspecified intestnl obst unspecified as to partial versus complete obst",GASTROENTEROLOGY
"I have a throbbing headache Also, i feel unsteady and dizzy Additionally, i have epilepsy-like seizures Plus, i feel tingling and numb Plus, i have a tingling sensation all over Also, my muscles feel like they are failing I also experience my hands are shaking Furthermore, i keep forgetting things Additionally, i cannot think clearly Additionally, i have trouble maintaining balance On top of that, i walk with difficulty Additionally, my speech is slurred Also, my face droops Furthermore, i blacked out Additionally, i have nerve pain On top of that, i experience muscle rigidity I also experience i feel uncoordinated On top of that, i cannot sleep well",NEUROLOGY
"I have lower back pain Also, i feel numbness in my body Plus, i struggle to walk Plus, i feel pain in my joints I also experience my neck is very painful Plus, i have difficulty with my knee Also, i have shoulder pain I also experience i have hip pain On top of that, my bones ache Plus, i have muscle pain Furthermore, my joints are swollen Also, i have joint stiffness Furthermore, i have limited range of motion Also, i fractured a bone Furthermore, my muscles are getting weaker Additionally, i have a constant tingling sensation I also experience i have plantar fasciitis-like heel pain Additionally, i have a sprain from sports",ORTHOPEDICS
"I have a high temperature Additionally, i have a wet cough Plus, i have fatigue On top of that, i feel drained and weak Also, my head hurts Plus, i am experiencing dizziness Also, my whole body aches Also, i have lower abdominal pain On top of that, i feel queasy Also, i have been throwing up",GENERAL MEDICINE
"my infant is feverish Furthermore, my infant is coughing a lot On top of that, my infant has a cold Furthermore, my baby's throat is sore Additionally, my baby is short of breath Also, my baby cannot keep milk down Additionally, my baby has a stomach ache On top of that, my child has a rash on their body Plus, my infant had a fit Also, my baby has poor appetite Also, my child cries all the time On top of that, my baby seems weak Additionally, my child is not eating I also experience my child is not gaining weight properly Additionally, my baby is smaller than expected On top of that, my baby has developmental delays Additionally, my infant cries from ear pain Also, my baby has yellow skin Also, my child is not drinking enough fluids On top of that, my baby wheezes when breathing",PEDIATRICS
"Patient with chief complaint of left eye swelling redness, assessed for chronic kidney disease unspecified",NEPHROLOGY
"my body temperature is high Plus, i am coughing a lot I also experience i have fatigue Furthermore, i lack strength Also, i have a severe headache Additionally, i am experiencing dizziness Furthermore, i have body pain On top of that, i feel pain in my belly Furthermore, i have nausea On top of that, i have persistent vomiting",GENERAL MEDICINE
Patient presents with psych evaluation,PSYCHIATRY
"Patient with chief complaint of diarrhea hypotension, assessed for elevated white blood cell count unspecified",HEMATOLOGY
"I was diagnosed with PCOS Plus, i have inconsistent menstrual cycles Plus, i have problems with my pregnancy I also experience i experience menstrual difficulties Plus, i feel slight cramps during my period Plus, i have heavy periods Plus, i have very light periods I also experience my menstruation is overdue On top of that, my period did not come this month I also experience i have persistent vaginal itching Furthermore, my vaginal area lacks moisture I also experience i get acne due to hormones On top of that, i feel pain in my lower abdomen",GYNECOLOGY & OBSTETRICS
"I am running a fever Plus, i have been coughing for days On top of that, i have fatigue Furthermore, i feel physically weak Furthermore, i have been having headaches Furthermore, i feel unsteady and dizzy Furthermore, i have generalized body pain Plus, i have abdominal cramps I also experience i have nausea I also experience i have been throwing up",GENERAL MEDICINE
"my back hurts Also, i feel tingling and numb Additionally, i have trouble walking Additionally, my joints hurt On top of that, my neck hurts Also, i have knee pain Furthermore, my shoulder hurts Furthermore, i have hip joint pain Also, i feel deep bone pain Furthermore, i have muscle cramps and pain I also experience my joints feel puffy and inflamed I also experience i have trouble moving my joints On top of that, my movement is limited I also experience i fractured a bone Also, my muscles are getting weaker Plus, i have persistent tingling Furthermore, my heel hurts when I walk Furthermore, i injured myself during exercise",ORTHOPEDICS
"my back hurts Plus, i have numbness in my extremities Also, i walk with difficulty Furthermore, my joints hurt Furthermore, i have a stiff neck Also, i feel pain in my knee I also experience my shoulder is very sore I also experience my hip is stiff and painful Furthermore, my bones ache On top of that, my muscles are painful Also, i have joint swelling I also experience i have joint stiffness Furthermore, i have restricted movement I also experience my bone is broken Plus, my muscle strength is declining Furthermore, i experience unusual tingling Furthermore, i have plantar fasciitis-like heel pain Also, i got injured while playing sports",ORTHOPEDICS
"I feel unsteady and dizzy Additionally, i am feeling sick to my stomach Also, i feel a sharp pain in my chest On top of that, i have difficulty breathing Plus, i feel my heart racing I also experience i feel pulse irregularity Additionally, my blood pressure is elevated Also, i have episodes of fainting I also experience my heart rate is elevated Also, i have bradycardia Also, i can barely stay awake Also, i have swelling in my legs Additionally, my chest feels constricted Also, i have swollen ankles On top of that, i am drenched in sweat On top of that, i have back pain",CARDIOLOGY
"Patient with chief complaint of altered mental status, assessed for accident nos",GENERAL MEDICINE
"Patient with chief complaint of hyperglycemia overdose, assessed for long term current use of insulin",GENERAL MEDICINE
I am experiencing transfer cva,GENERAL MEDICINE
"Patient with chief complaint of diarrhea fever, assessed for diarrhea",GENERAL MEDICINE
"I have a high temperature Also, i have a persistent cough Plus, i am constantly fatigued Additionally, my body feels weak On top of that, my head hurts Additionally, i have vertigo-like dizziness Furthermore, my body is sore Additionally, i have lower abdominal pain Also, i am feeling sick to my stomach Also, i have been throwing up",GENERAL MEDICINE
"I feel dizzy Plus, i am feeling sick to my stomach On top of that, i feel a sharp pain in my chest Plus, i am short of breath Additionally, i feel my heart racing Also, my heartbeat is irregular I also experience i have hypertension Also, i have episodes of fainting Additionally, i have a rapid pulse Also, i have a slow heartbeat Also, i feel utterly exhausted Also, my ankles and legs are puffy Additionally, my chest feels tight Additionally, my ankles are swollen Additionally, i have night sweats I also experience i have upper back pain",CARDIOLOGY
"I have PCOS Also, i have irregular periods Also, i have problems with my pregnancy I also experience i have issues with my periods I also experience my period pain is mild Plus, i experience heavy menstrual bleeding Additionally, i have scanty periods On top of that, my period has been delayed I also experience my period did not come this month Additionally, my vaginal area is very itchy I also experience i experience vaginal dryness On top of that, i have persistent acne from hormonal imbalance Furthermore, my lower belly hurts",GYNECOLOGY & OBSTETRICS
"I have back pain Plus, parts of my body feel numb Additionally, i have trouble walking Additionally, my joints hurt Plus, i have a stiff neck Furthermore, i have difficulty with my knee Also, i have shoulder pain Also, my hip hurts On top of that, my bones ache Also, my muscles ache I also experience i have joint swelling Plus, i have trouble moving my joints Plus, i have limited range of motion Also, i have a stress fracture Plus, i have progressive muscle weakness On top of that, i feel tingling throughout my body Additionally, my heel feels painful On top of that, i have a sprain from sports",ORTHOPEDICS
"I have been having headaches Additionally, i have vertigo-like dizziness Additionally, i have had seizures Plus, i have numbness Also, i have a tingling sensation all over On top of that, i have progressive muscle weakness Additionally, i experience involuntary shaking On top of that, i keep forgetting things On top of that, i am disoriented On top of that, i have trouble maintaining balance Additionally, i have difficulty walking Plus, i have speech problems I also experience i have facial paralysis Plus, i blacked out Furthermore, i have nerve pain Additionally, my muscles feel stiff I also experience i cannot coordinate my movements well On top of that, i have insomnia",NEUROLOGY
"I have back pain I also experience i feel numbness in my body Additionally, i cannot walk properly Additionally, my joints are aching Also, my neck hurts Also, my knee hurts I also experience i have a frozen shoulder On top of that, my hip is stiff and painful I also experience my bones ache I also experience my muscles ache Additionally, i have swollen joints On top of that, i feel stiff in my joints I also experience i have limited range of motion Plus, i have a bone fracture I also experience my muscles are getting weaker Also, i experience unusual tingling Plus, i have plantar fasciitis-like heel pain Furthermore, i injured myself during exercise",ORTHOPEDICS
"Emergency presentation: head injury status post fall, vitals show severe pain score 8 out of 10",CARDIOLOGY
"Patient with chief complaint of urinary retention, assessed for acute kidney failure unspecified",NEPHROLOGY
"I have PCOS Furthermore, my menstrual cycle is irregular Also, i am experiencing issues during pregnancy Additionally, i have menstrual problems Additionally, i have mild period pain I also experience i have menorrhagia Plus, my periods are barely there Plus, my menstruation is overdue Plus, i have a missed period Furthermore, i feel itchy down there Additionally, i feel dry in the vaginal area Plus, i get acne due to hormones Furthermore, my lower belly hurts",GYNECOLOGY & OBSTETRICS
"I feel hot and feverish Also, i have a persistent cough I also experience i feel weak and tired Plus, i lack strength On top of that, i have persistent head pain Additionally, the room feels like it is spinning Furthermore, i feel achy all over Plus, my stomach is hurting I also experience i feel queasy Plus, i have persistent vomiting",GENERAL MEDICINE
"Patient with chief complaint of dehydration nausea rash, assessed for long term current use of insulin",GENERAL MEDICINE
"I feel lightheaded On top of that, i am feeling sick to my stomach I also experience my chest hurts I also experience i am short of breath On top of that, i feel my heart racing I also experience i have an uneven heartbeat On top of that, i have hypertension On top of that, i have been fainting Plus, my heart beats very fast On top of that, i have a slow pulse rate I also experience i have extreme fatigue Furthermore, my legs are swollen Plus, my chest feels constricted Plus, my ankles are swollen Furthermore, i am sweating excessively On top of that, my back hurts",CARDIOLOGY
"the room feels like it is spinning I also experience i have nausea Plus, i have intermittent chest pain On top of that, i experience breathing difficulty On top of that, i feel my heart racing Plus, i feel pulse irregularity Plus, my blood pressure is elevated I also experience i have been fainting I also experience i have a fast heartbeat Furthermore, my heart rate is low Plus, i can barely stay awake Additionally, my ankles and legs are puffy Furthermore, my chest feels constricted Additionally, my ankles feel swollen and painful Furthermore, i sweat a lot Additionally, i have lower back pain",CARDIOLOGY
"Patient with chief complaint of head injury status post fall, assessed for long term current use of insulin",GENERAL MEDICINE
"I have a high temperature Also, i keep coughing I also experience i am constantly fatigued Furthermore, i feel physically weak I also experience my head hurts Furthermore, i am experiencing dizziness Furthermore, my body is sore On top of that, i feel pain in my belly Also, i have an upset stomach with nausea Additionally, i have been throwing up",GENERAL MEDICINE
Patient presents with lower back pain status post fall,CARDIOLOGY
Patient presents with abdominal pain transfer,NEPHROLOGY
"Patient with chief complaint of dizziness diplopia, assessed for long term current use of insulin",GENERAL MEDICINE
"Patient with chief complaint of nausea vomiting and diarrhea abdominal pain, assessed for abdominal pain unspec site",GASTROENTEROLOGY
"Patient with chief complaint of dyspnea, assessed for congestive heart failure unspec",CARDIOLOGY
"Patient with chief complaint of back pain, assessed for fracture of one rib left side init for clos bone fracture",ORTHOPEDICS
I am experiencing sdh sah,ORTHOPEDICS
"Patient with chief complaint of nausea and vomiting tinnitus, assessed for tinnitus left ear",ENT
"Patient with chief complaint of hemodialysis, assessed for dependence on renal dialysis",NEPHROLOGY
"my infant is feverish Additionally, my baby has a persistent cough Also, my infant has a cold On top of that, my child is complaining of throat pain On top of that, my infant has breathing problems Plus, my child has been throwing up Also, my baby has a stomach ache On top of that, my infant has a red rash Furthermore, my infant had a fit On top of that, my child refuses to eat Also, my baby cries excessively Plus, my child is lethargic Plus, my baby has lost appetite Also, my infant is too small Additionally, my infant has growth issues Plus, my baby has developmental delays On top of that, my child is pulling at their ear Plus, my child looks jaundiced Plus, my infant shows signs of dehydration On top of that, my baby is wheezing",PEDIATRICS
"I have cysts on my ovaries Plus, i have irregular periods On top of that, i have pregnancy-related problems On top of that, i have menstrual problems Additionally, i have mild menstrual cramps Additionally, i have heavy periods I also experience my periods are barely there Plus, my period has been delayed Plus, i have amenorrhea Also, my vaginal area is very itchy Also, i experience vaginal dryness Also, i have persistent acne from hormonal imbalance Additionally, i have lower abdominal pain",GYNECOLOGY & OBSTETRICS
"Patient with chief complaint of cardiac arrest transfer, assessed for other pneumothorax",PULMONOLOGY
"I feel feverish Additionally, i have a wet cough Furthermore, i have no energy I also experience i lack strength I also experience i have migraine-like headaches Also, i have vertigo-like dizziness I also experience my body is sore Furthermore, my stomach is hurting On top of that, i am feeling sick to my stomach On top of that, i have been throwing up",GENERAL MEDICINE
Patient presents with shortness of breath abnl labs,PULMONOLOGY
I am experiencing diarrhea hypotension,NEPHROLOGY
"Patient with chief complaint of shortness of breath, assessed for cardiac pacemaker status",CARDIOLOGY
"Patient with chief complaint of left leg pain status post fall, assessed for displaced intertrochanteric fracture of left femur init",ORTHOPEDICS
"my infant is feverish I also experience my child has a cough Furthermore, my infant has a cold Also, my baby has a sore throat Furthermore, my baby has breathing difficulty Plus, my infant is vomiting Also, my child is crying from stomach pain Also, my infant has a red rash Additionally, my child is having convulsions Plus, my infant is not drinking milk properly Furthermore, my child cries all the time Also, my baby seems weak Additionally, my baby refuses to eat On top of that, my infant is too small Furthermore, my baby is smaller than expected Furthermore, my baby is developing slowly Also, my child is pulling at their ear On top of that, my child looks jaundiced On top of that, my infant shows signs of dehydration Additionally, my infant has wheezing",PEDIATRICS
"I have polycystic ovary syndrome I also experience my periods are not regular Furthermore, i have pregnancy-related problems Furthermore, i have issues with my periods Also, i feel slight cramps during my period Also, i experience heavy menstrual bleeding Plus, i have very light periods Also, i have a delayed period On top of that, i missed my period Furthermore, my vaginal area is very itchy Furthermore, i feel dry in the vaginal area Furthermore, i get acne due to hormones Additionally, i feel pain in my lower abdomen",GYNECOLOGY & OBSTETRICS
"my head hurts Also, i feel lightheaded Furthermore, i have epilepsy-like seizures I also experience i feel tingling and numb On top of that, i have a tingling sensation all over Plus, i have muscle weakness Additionally, i have tremors I also experience i have memory loss Also, i feel muddled and confused Plus, i have trouble maintaining balance Also, i struggle to walk Furthermore, i have difficulty with speech Plus, i have facial paralysis Plus, i had a loss of consciousness Furthermore, i have nerve pain Also, my muscles are tight and stiff I also experience i have poor coordination Additionally, i have trouble falling asleep",NEUROLOGY
I am experiencing stab wound,ORTHOPEDICS
"my back is very sore Plus, i have numbness in my extremities I also experience i walk with difficulty On top of that, my joints are aching Plus, my neck is very painful Additionally, i have difficulty with my knee Additionally, i have a frozen shoulder Furthermore, i feel pain in my hip Plus, my bones feel sore Also, my muscles are painful Furthermore, i have inflamed swollen joints Also, i have trouble moving my joints Plus, i have limited range of motion Furthermore, i have a broken bone Plus, i experience muscle fatigue and weakness Plus, i feel tingling throughout my body Additionally, my heel feels painful Additionally, i have a sprain from sports",ORTHOPEDICS
"Patient with chief complaint of hyperglycemia, assessed for diabetes uncompl juven",ENDOCRINOLOGY
"I feel unsteady and dizzy Additionally, i feel nauseous Additionally, my chest feels tight and painful On top of that, i feel breathless Also, i have irregular heartbeats Also, i have an uneven heartbeat On top of that, my blood pressure is elevated Furthermore, i have episodes of fainting Furthermore, my heart rate is elevated Additionally, i have bradycardia I also experience i have extreme fatigue Furthermore, i have swelling in my legs Furthermore, i feel chest tightness Plus, i have swollen ankles I also experience i have night sweats Also, i have upper back pain",CARDIOLOGY
"I have a throbbing headache On top of that, i am experiencing dizziness Furthermore, i have epilepsy-like seizures Also, i have numbness in my extremities On top of that, i have a tingling sensation all over On top of that, my muscles feel like they are failing Furthermore, i have a tremor in my hands On top of that, i cannot remember recent events Additionally, i feel muddled and confused On top of that, i feel unsteady Plus, i struggle to walk I also experience i have trouble speaking On top of that, my facial muscles feel weak I also experience i fainted and lost consciousness Additionally, i experience shooting nerve pain I also experience my muscles feel stiff Furthermore, i have trouble with fine motor tasks I also experience i wake up frequently at night",NEUROLOGY
"Patient with chief complaint of head injury status post fall, assessed for other specified injuries of head initial encounter",ORTHOPEDICS
"I have persistent head pain I also experience the room feels like it is spinning On top of that, i have had seizures Plus, i feel tingling and numb I also experience i have a tingling sensation all over On top of that, my muscles feel weak Furthermore, my body shakes involuntarily Additionally, i keep forgetting things Furthermore, i am disoriented I also experience i feel unsteady Furthermore, i cannot walk properly Furthermore, i cannot speak clearly Additionally, one side of my face feels weak Furthermore, i fainted and lost consciousness Furthermore, i have sharp nerve pain On top of that, my muscles feel stiff Furthermore, i cannot coordinate my movements well On top of that, i wake up frequently at night",NEUROLOGY
I am experiencing aortic disection,CARDIOLOGY
"my infant is feverish On top of that, my child has a cough On top of that, my baby has a cold Furthermore, my baby's throat is sore Also, my infant has breathing problems On top of that, my baby is vomiting Additionally, my infant has abdominal pain Additionally, my infant has a red rash Also, my baby had a seizure episode Also, my baby is not feeding well On top of that, my baby is inconsolable I also experience my baby seems weak Also, my baby has lost appetite Furthermore, my baby is underweight Plus, my child is not growing properly On top of that, my baby has developmental delays Plus, my child is pulling at their ear I also experience my baby's skin is turning yellow Also, my baby has dry mouth and no tears Additionally, my child has a wheezing sound when breathing",PEDIATRICS
"Patient with chief complaint of weakness, assessed for weakness",GENERAL MEDICINE
"my baby has a fever Furthermore, my baby is coughing Furthermore, my baby has a cold Furthermore, my baby's throat is sore Additionally, my baby has breathing difficulty Additionally, my infant is vomiting I also experience my baby has a stomach ache Furthermore, my child has a rash on their body On top of that, my infant had a fit I also experience my infant is not drinking milk properly Furthermore, my baby is inconsolable I also experience my child is lethargic Plus, my infant has no appetite I also experience my infant is too small I also experience my child is not growing properly Furthermore, my baby is developing slowly Plus, my baby has ear pain I also experience my child looks jaundiced Plus, my infant shows signs of dehydration Furthermore, my child has a wheezing sound when breathing",PEDIATRICS
"Patient with chief complaint of abdominal pain transfer, assessed for acute kidney failure unspecified",NEPHROLOGY
"I have lower back pain Also, i have numbness in my extremities On top of that, i have difficulty walking Also, my joints are aching Additionally, my neck hurts Furthermore, my knee hurts Plus, i feel pain in my shoulder Additionally, i have hip pain On top of that, i feel deep bone pain Furthermore, i have muscle pain Furthermore, i have joint swelling Furthermore, i have trouble moving my joints Furthermore, my movement is limited Additionally, i have a broken bone Plus, i experience muscle fatigue and weakness I also experience i have persistent tingling I also experience my heel feels painful Plus, i have a sports injury",ORTHOPEDICS
"Patient with chief complaint of transfer motor vehicle collision, assessed for traumatic subdural hem",NEUROLOGY
"my infant is feverish On top of that, my child has a cough Furthermore, my baby is sneezing and has a runny nose I also experience my child is complaining of throat pain Additionally, my infant has breathing problems On top of that, my infant is vomiting Also, my child is crying from stomach pain Furthermore, my baby has a skin rash On top of that, my baby had a seizure On top of that, my baby is not feeding well I also experience my infant cries uncontrollably On top of that, my baby seems weak On top of that, my child is not eating I also experience my baby is underweight I also experience my baby has delayed growth Also, my child is not meeting milestones Plus, my baby has an ear infection On top of that, my child looks jaundiced I also experience my child is not drinking enough fluids Also, my baby wheezes when breathing",PEDIATRICS
"I have persistent head pain Plus, i feel unsteady and dizzy Additionally, i have epilepsy-like seizures Additionally, i have numbness Plus, i have a tingling sensation all over I also experience my muscles feel like they are failing On top of that, i have tremors Additionally, i have memory problems Furthermore, i cannot think clearly Additionally, i have balance problems Furthermore, i struggle to walk Furthermore, my speech is slurred I also experience my facial muscles feel weak Additionally, i have lost consciousness Plus, i have nerve pain On top of that, i experience muscle rigidity Additionally, i am clumsy Also, i have insomnia",NEUROLOGY
Patient presents with fever,GENERAL MEDICINE
"Emergency presentation: lower back pain, vitals show heart rate 118 bpm, tachypnea respiratory rate 22, severe pain score 10 out of 10",RHEUMATOLOGY
"Patient with chief complaint of abdominal pain abdominal distention, assessed for other ascites",GASTROENTEROLOGY
"Patient with chief complaint of chest pain, assessed for pneumonia organism unspecified",PULMONOLOGY
"Emergency presentation: chest pain jaw pain left arm pain, vitals show heart rate 55 bpm",GENERAL MEDICINE
"the room feels like it is spinning I also experience i have nausea On top of that, i have chest pain On top of that, i have difficulty breathing Additionally, my heart is beating fast I also experience i feel pulse irregularity Furthermore, i have high blood pressure On top of that, i feel like I am going to pass out On top of that, i have a rapid pulse On top of that, i have a slow pulse rate I also experience i am incredibly tired Additionally, my ankles and legs are puffy Plus, i have pressure and tightness in my chest Plus, my ankles feel swollen and painful Also, i am drenched in sweat Also, i have back pain",CARDIOLOGY
"my baby has a fever Furthermore, my baby is coughing Furthermore, my baby is sneezing and has a runny nose On top of that, my infant has throat pain Also, my baby is short of breath I also experience my infant is vomiting I also experience my infant has abdominal pain I also experience my infant has a red rash Additionally, my baby had a seizure On top of that, my infant is not drinking milk properly Furthermore, my child cries all the time Plus, my infant appears weak and floppy Additionally, my child is not eating On top of that, my baby is underweight Additionally, my infant has growth issues Plus, my baby is developing slowly I also experience my baby has an ear infection Furthermore, my baby has yellow skin Also, my baby has dry mouth and no tears Furthermore, my baby wheezes when breathing",PEDIATRICS
"Blurry vision in my left eye, severe eye pain, and sensitivity to light.",OPHTHALMOLOGY
"I have a throbbing headache Additionally, i have vertigo-like dizziness Additionally, i have had seizures Plus, i feel tingling and numb I also experience i feel tingling in my hands On top of that, i cannot move my muscles properly Furthermore, i have a tremor in my hands Furthermore, i keep forgetting things Plus, i am disoriented I also experience i have trouble maintaining balance On top of that, i cannot walk properly Additionally, i have speech problems Also, my facial muscles feel weak Plus, i had a loss of consciousness Plus, i have nerve pain Additionally, i have muscle stiffness Plus, i am clumsy Furthermore, i cannot sleep well",NEUROLOGY
"Emergency presentation: dyspnea transfer, vitals show elevated temperature 99.3F, severe pain score 7 out of 10",PULMONOLOGY
"Patient with chief complaint of hyperglycemia overdose, assessed for type 2 diabetes mellitus with hyperglycemia",ENDOCRINOLOGY
"I have a high temperature On top of that, i have a dry cough On top of that, i feel weak and tired Plus, i lack strength Furthermore, i have a severe headache I also experience the room feels like it is spinning On top of that, my body is sore Also, my abdomen hurts Also, i feel queasy I also experience i have been vomiting",GENERAL MEDICINE
"I feel hot and feverish I also experience i have a persistent cough I also experience i have no energy Additionally, i lack strength Furthermore, i have a throbbing headache Also, i feel lightheaded On top of that, i have body pain Furthermore, i have lower abdominal pain Plus, i feel like I might throw up On top of that, i vomited multiple times",GENERAL MEDICINE
"Emergency presentation: r rib pain, vitals show elevated temperature 99.4F, low oxygen saturation 86%, severe pain score 8 out of 10",PULMONOLOGY
"I have a severe headache On top of that, i feel lightheaded Furthermore, i have had seizures Plus, i feel tingling and numb I also experience i have pins and needles feeling Also, i cannot move my muscles properly Plus, my hands are shaking Furthermore, i keep forgetting things On top of that, i am disoriented Plus, i have balance problems Furthermore, i have difficulty walking Plus, i cannot speak clearly Furthermore, one side of my face feels weak Plus, i had a loss of consciousness Also, i have nerve pain Also, i have muscle stiffness Additionally, i am clumsy Furthermore, i wake up frequently at night",NEUROLOGY
"Patient with chief complaint of lower back pain status post fall, assessed for low back pain",RHEUMATOLOGY
Patient presents with allergic reaction,CARDIOLOGY
"Patient with chief complaint of hypotension, assessed for hypotension unspecified",CARDIOLOGY
I am experiencing abdominal pain,GASTROENTEROLOGY
"Patient with chief complaint of abdominal pain back pain, assessed for abdominal pain llq",GASTROENTEROLOGY
Patient presents with transfer abnormal ekg,CARDIOLOGY
"Patient with chief complaint of presyncope weakness, assessed for pure hypercholesterolemia unspecified",ENDOCRINOLOGY
"Patient with chief complaint of head bleed, assessed for intracerebral hemorrhage",NEUROLOGY
"Patient with chief complaint of altered mental status, assessed for septicemia nos",GENERAL MEDICINE
"I have upper back pain I also experience i feel numbness in my body Plus, i struggle to walk On top of that, i have joint pain Plus, i have neck pain Furthermore, i feel pain in my knee Furthermore, my shoulder hurts Also, i feel pain in my hip On top of that, i have persistent bone pain Plus, my muscles ache I also experience my joints are swollen Also, my joints are stiff On top of that, my movement is limited On top of that, my bone is broken Additionally, i have progressive muscle weakness Additionally, i have a constant tingling sensation Also, i have heel pain I also experience i got injured while playing sports",ORTHOPEDICS
"I feel dizzy On top of that, i have nausea I also experience i have chest pain Also, i feel breathless I also experience my heart skips beats Plus, i have an uneven heartbeat Furthermore, my blood pressure is elevated I also experience i feel like I am going to pass out On top of that, i have a rapid pulse Additionally, i have a slow pulse rate Additionally, i am incredibly tired On top of that, my ankles and legs are puffy Furthermore, i have a tight feeling in my chest I also experience my ankles are puffy On top of that, i am drenched in sweat Plus, i have upper back pain",CARDIOLOGY
"Patient with chief complaint of car vs pole, assessed for bone fracture c6 vertebra closed",ORTHOPEDICS
"my head hurts On top of that, i feel unsteady and dizzy On top of that, i have epilepsy-like seizures Additionally, i have numbness in my extremities Additionally, i feel tingling in my hands Plus, my muscles feel weak On top of that, i experience involuntary shaking I also experience my memory is getting worse Also, i have mental confusion Furthermore, i have poor balance and coordination I also experience i struggle to walk Additionally, i have speech problems Additionally, my facial muscles feel weak I also experience i blacked out Also, i feel burning nerve pain Also, my muscles are tight and stiff Furthermore, i am clumsy On top of that, i have insomnia",NEUROLOGY
"I have cysts on my ovaries Also, i have inconsistent menstrual cycles On top of that, i have pregnancy-related problems Also, i experience menstrual difficulties Also, i have mild menstrual cramps On top of that, my periods are very heavy On top of that, i have very light periods Also, my period has been delayed Also, i missed my period Furthermore, i feel itchy down there I also experience my vaginal area lacks moisture Also, i have hormonal acne I also experience i have lower abdominal pain",GYNECOLOGY & OBSTETRICS
"my baby feels very hot Plus, my baby has a persistent cough Furthermore, my child has cold symptoms Plus, my infant has throat pain Also, my baby has breathing difficulty Additionally, my baby is vomiting Also, my infant has abdominal pain Also, my baby has a skin rash Furthermore, my child is having convulsions Also, my child refuses to eat On top of that, my baby is inconsolable I also experience my baby seems weak Plus, my baby refuses to eat Also, my child is not gaining weight properly Also, my baby is smaller than expected Furthermore, my child is not meeting milestones Additionally, my baby has ear pain Also, my child looks jaundiced Additionally, my child is not drinking enough fluids Also, my baby wheezes when breathing",PEDIATRICS
Patient presents with car vs pole,CARDIOLOGY
"I have upper back pain Plus, i have numbness in my extremities Furthermore, i cannot walk properly I also experience my joints hurt Plus, i have a stiff neck Furthermore, i have difficulty with my knee Also, my shoulder is very sore Plus, i feel pain in my hip Furthermore, i have bone pain I also experience my muscles ache On top of that, i have inflamed swollen joints Furthermore, my joints are stiff Furthermore, i have difficulty moving Additionally, i have a stress fracture Also, i experience muscle fatigue and weakness Additionally, i experience unusual tingling Furthermore, i have heel pain On top of that, i injured myself during exercise",ORTHOPEDICS
"Patient with chief complaint of l eye pain, assessed for ocular pain right eye",OPHTHALMOLOGY
"I was diagnosed with PCOS On top of that, i have irregular periods Plus, i have pregnancy-related problems Furthermore, i have issues with my periods Also, i have mild menstrual cramps On top of that, i have heavy periods Plus, my menstrual flow is very light Also, my period has been delayed Furthermore, my period did not come this month Also, my vaginal area is very itchy On top of that, i experience vaginal dryness Plus, my acne is hormone-related On top of that, i have pain in my lower stomach area",GYNECOLOGY & OBSTETRICS
"I have back pain Also, i feel tingling and numb Also, i have difficulty walking Also, i feel pain in my joints On top of that, my neck hurts Plus, my knee hurts I also experience my shoulder hurts Plus, my hip hurts I also experience i feel deep bone pain On top of that, my muscles ache Also, i have inflamed swollen joints Plus, i feel stiff in my joints Also, i have difficulty moving Plus, i fractured a bone Additionally, i have progressive muscle weakness Additionally, i have persistent tingling Plus, my heel hurts when I walk Also, i got injured while playing sports",ORTHOPEDICS
"I have persistent head pain Additionally, i feel dizzy On top of that, i had a seizure episode Plus, i have numbness Furthermore, i have a tingling sensation all over I also experience i have muscle weakness Plus, my body shakes involuntarily On top of that, i cannot remember recent events On top of that, i feel muddled and confused I also experience i feel unsteady Also, i have difficulty walking I also experience i cannot speak clearly Plus, my face droops Furthermore, i had a loss of consciousness Also, i feel burning nerve pain Plus, my muscles feel stiff I also experience i cannot coordinate my movements well Also, i have sleep problems",NEUROLOGY
"I feel dizzy Also, i am feeling sick to my stomach I also experience my chest feels tight and painful Additionally, i cannot breathe properly On top of that, i have heart palpitations On top of that, i have an uneven heartbeat Also, i have high blood pressure Also, i have episodes of fainting On top of that, i have tachycardia I also experience i have a slow heartbeat Furthermore, i have extreme fatigue Additionally, my legs are swollen On top of that, i feel chest tightness Furthermore, my ankles feel swollen and painful I also experience i sweat a lot Plus, i have upper back pain",CARDIOLOGY
I am experiencing hypertension,CARDIOLOGY
I am experiencing picc evaluation,GENERAL MEDICINE
I am experiencing suicidal ideation,GENERAL MEDICINE
I am experiencing abdominal pain dysuria,GENERAL MEDICINE
"Patient with chief complaint of confusion status post fall, assessed for headache",GENERAL MEDICINE
"I feel lightheaded On top of that, i feel nauseous Plus, i have pressure in my chest On top of that, i cannot breathe properly Furthermore, my heart skips beats I also experience my pulse rate is inconsistent On top of that, i have hypertension Also, i have episodes of fainting Also, i have a fast heartbeat On top of that, my heart rate is low On top of that, i feel utterly exhausted Additionally, my legs feel heavy and swollen On top of that, i feel chest tightness I also experience my ankles are puffy On top of that, i have night sweats Additionally, my back is very sore",CARDIOLOGY
I am experiencing right leg pain weakness,CARDIOLOGY
"Burning sensation when urinating, frequent urgent need to urinate, and bladder pain.",UROLOGY
"I feel lightheaded Also, i am feeling sick to my stomach Additionally, i have chest pain I also experience i experience breathing difficulty On top of that, my heart skips beats Plus, i have an irregular pulse Furthermore, i have been diagnosed with high blood pressure Furthermore, i feel like I am going to pass out Plus, i have a fast heartbeat I also experience i have a slow pulse rate Plus, i have extreme fatigue Furthermore, i have leg edema Plus, my chest feels tight Furthermore, my ankles are puffy On top of that, i have night sweats I also experience i have lower back pain",CARDIOLOGY
"I have a severe headache On top of that, i feel unsteady and dizzy Plus, i had a seizure episode Additionally, i have numbness in my extremities I also experience i experience tingling in my feet On top of that, i cannot move my muscles properly Also, i have tremors I also experience my memory is getting worse Plus, i have mental confusion Plus, i feel like I might fall Plus, i have trouble walking I also experience i cannot speak clearly Also, my face droops Plus, i was unconscious for a period Plus, i experience shooting nerve pain Plus, i have muscle stiffness On top of that, i cannot coordinate my movements well On top of that, i have sleep problems",NEUROLOGY
"I have migraine-like headaches On top of that, i feel dizzy On top of that, i have epilepsy-like seizures Also, i have numbness On top of that, i have a tingling sensation all over On top of that, i cannot move my muscles properly Also, i experience involuntary shaking Additionally, i cannot remember recent events Additionally, i feel muddled and confused Plus, i have balance problems I also experience i struggle to walk Additionally, i have trouble speaking On top of that, i have facial paralysis Additionally, i have lost consciousness Furthermore, i have sharp nerve pain I also experience i have rigid muscles Additionally, i am clumsy I also experience i wake up frequently at night",NEUROLOGY
"my baby has a fever Furthermore, my child has a cough Also, my baby is sneezing and has a runny nose On top of that, my baby has a sore throat On top of that, my child is struggling to breathe I also experience my infant is vomiting I also experience my baby has stomach pain Furthermore, my baby's skin is irritated Plus, my baby had a seizure episode Additionally, my child refuses to eat I also experience my baby is inconsolable I also experience my child is lethargic I also experience my baby refuses to eat Additionally, my baby is underweight Furthermore, my baby has delayed growth Plus, my infant has delayed development Also, my baby has an ear infection I also experience my baby has yellow skin Additionally, my child is not drinking enough fluids Also, my infant has wheezing",PEDIATRICS
"I feel lightheaded Also, i feel queasy Also, i have intermittent chest pain Plus, i experience breathing difficulty Also, i feel my heart pounding Also, i have an irregular pulse Furthermore, i have high blood pressure Additionally, i have episodes of fainting I also experience my heart rate is elevated Furthermore, i have bradycardia Plus, i have debilitating fatigue On top of that, i have swelling in my legs Plus, my chest feels constricted On top of that, i have ankle edema On top of that, i am drenched in sweat Also, i have lower back pain",CARDIOLOGY
"my head hurts I also experience i am experiencing dizziness On top of that, i experienced a seizure Plus, parts of my body feel numb Additionally, i have tingling sensations Additionally, i have muscle weakness Plus, my body shakes involuntarily On top of that, i have memory loss I also experience i feel confused I also experience i have balance problems On top of that, i have trouble walking I also experience i cannot speak clearly Additionally, my facial muscles feel weak On top of that, i blacked out Furthermore, i have sharp nerve pain Also, my muscles are tight and stiff Plus, i cannot coordinate my movements well On top of that, i have trouble falling asleep",NEUROLOGY
"my body temperature is high On top of that, i have a persistent cough Additionally, i feel exhausted Furthermore, i have general weakness Furthermore, i have persistent head pain Also, the room feels like it is spinning On top of that, my body is sore Furthermore, i feel pain in my belly Furthermore, i feel like I might throw up Also, i have been vomiting",GENERAL MEDICINE
"I have polycystic ovary syndrome I also experience i have irregular periods Furthermore, i am having pregnancy complications On top of that, i have issues with my periods I also experience i have mild period pain Plus, i experience heavy menstrual bleeding Furthermore, i have scanty periods Also, my menstruation is overdue I also experience my period did not come this month On top of that, i have persistent vaginal itching Furthermore, my vaginal area lacks moisture Also, i get acne due to hormones Additionally, i feel pain in my lower abdomen",GYNECOLOGY & OBSTETRICS
"my body temperature is high On top of that, i have a persistent cough Plus, i feel exhausted Also, i feel physically weak Furthermore, i have been having headaches On top of that, the room feels like it is spinning Furthermore, i have generalized body pain On top of that, i have abdominal cramps Additionally, i feel like I might throw up Also, i cannot keep food down",GENERAL MEDICINE
"Patient with chief complaint of abdominal pain, assessed for abdominal pain other specied",GASTROENTEROLOGY
"I have upper back pain Also, i have numbness Also, i have trouble walking On top of that, i have painful joints I also experience my neck is very painful Furthermore, i feel pain in my knee Plus, my shoulder hurts On top of that, i have hip pain Furthermore, i have bone pain I also experience my muscles ache Furthermore, my joints are swollen Plus, i feel stiff in my joints Plus, my movement is limited Plus, i have a bone fracture On top of that, my muscles are getting weaker Furthermore, i have persistent tingling On top of that, my heel hurts when I walk On top of that, i injured myself during exercise",ORTHOPEDICS
"I have polycystic ovary syndrome I also experience i have irregular periods Furthermore, i am experiencing issues during pregnancy I also experience i have issues with my periods Furthermore, i have mild menstrual cramps On top of that, my periods are very heavy On top of that, my menstrual flow is very light Furthermore, my period is late I also experience i missed my period Furthermore, my vaginal area is very itchy On top of that, i feel dry in the vaginal area Additionally, i have persistent acne from hormonal imbalance Additionally, my lower belly hurts",GYNECOLOGY & OBSTETRICS
I am experiencing lower back pain,RHEUMATOLOGY
"I have a high temperature On top of that, i have been coughing for days Furthermore, i feel exhausted Additionally, i feel drained and weak Also, i have a throbbing headache Plus, i am experiencing dizziness On top of that, my whole body aches Plus, my stomach is hurting Additionally, i feel like I might throw up Additionally, i cannot keep food down",GENERAL MEDICINE
"Patient with chief complaint of eye evaluation, assessed for long term current use of insulin",GENERAL MEDICINE
"I am running a fever Furthermore, i am coughing a lot I also experience i feel weak and tired Plus, i have general weakness On top of that, my head hurts I also experience i feel dizzy Additionally, i have body pain On top of that, i have abdominal cramps I also experience i have an upset stomach with nausea Furthermore, i am throwing up",GENERAL MEDICINE
Patient presents with wound evaluation transfer,ORTHOPEDICS
I am experiencing dyspnea on exertion,ENDOCRINOLOGY
"I was diagnosed with PCOS Also, my menstrual cycle is irregular Additionally, i am having pregnancy complications Plus, i have problems during menstruation Furthermore, i have mild menstrual cramps Additionally, my periods are very heavy I also experience my periods are barely there On top of that, my period has been delayed Also, i have amenorrhea Also, my vaginal area is very itchy I also experience i experience vaginal dryness Furthermore, i get acne due to hormones Furthermore, my lower belly hurts",GYNECOLOGY & OBSTETRICS
"Patient with chief complaint of left arm numbness left arm swelling, assessed for anastomos bypass or grft cause abn react compl without misadvnt",GENERAL MEDICINE
"my baby has a fever Furthermore, my baby is coughing Plus, my baby is sneezing and has a runny nose Also, my baby has a sore throat Plus, my infant has breathing problems I also experience my baby is vomiting I also experience my baby has stomach pain Furthermore, my baby has a skin rash I also experience my infant had a fit Additionally, my child refuses to eat Also, my child cries all the time Also, my child is lethargic Also, my infant has no appetite Plus, my child is not gaining weight properly Plus, my infant has growth issues Plus, my infant has delayed development Furthermore, my baby has ear pain On top of that, my infant has jaundice Additionally, my baby is dehydrated Additionally, my baby wheezes when breathing",PEDIATRICS
"I have a severe headache I also experience the room feels like it is spinning I also experience i had a seizure episode I also experience i feel tingling and numb Also, i have pins and needles feeling Furthermore, i have progressive muscle weakness Furthermore, my hands are shaking Furthermore, i keep forgetting things Also, i feel confused I also experience i have poor balance and coordination On top of that, i struggle to walk Furthermore, i cannot speak clearly Additionally, my face droops On top of that, i was unconscious for a period Also, i have nerve pain On top of that, my muscles are tight and stiff On top of that, i have poor coordination I also experience i have sleep problems",NEUROLOGY
Patient presents with chest pain,GENERAL MEDICINE
"Patient with chief complaint of r foot ulcer cellulitis, assessed for cellulitis of foot",DERMATOLOGY
"I feel lightheaded Plus, i have nausea Additionally, i have intermittent chest pain On top of that, i am short of breath Additionally, my heart is beating fast Also, my heartbeat is irregular Plus, i have high blood pressure Additionally, i fainted recently Plus, i have tachycardia Furthermore, my heart beats slowly Furthermore, i feel utterly exhausted On top of that, my legs are swollen Furthermore, i have a tight feeling in my chest Furthermore, my ankles are puffy On top of that, i am drenched in sweat On top of that, i have back pain",CARDIOLOGY
"my infant is feverish On top of that, my baby has a persistent cough On top of that, my child has cold symptoms Also, my infant has throat pain Plus, my baby is short of breath Additionally, my baby cannot keep milk down Plus, my baby has stomach pain Also, my infant has a red rash Additionally, my baby had a seizure Additionally, my infant is not drinking milk properly Also, my baby is inconsolable Furthermore, my baby seems weak Furthermore, my infant has no appetite Additionally, my infant is too small Plus, my baby is smaller than expected Also, my infant has delayed development Furthermore, my baby has ear pain Furthermore, my child looks jaundiced Plus, my baby is dehydrated Plus, my baby is wheezing",PEDIATRICS
I am experiencing status post arrest,NEPHROLOGY
"I feel feverish On top of that, i have a persistent cough Plus, i feel exhausted Also, i lack strength Plus, i have been having headaches On top of that, the room feels like it is spinning On top of that, my body is sore Furthermore, my stomach is hurting Also, i feel queasy Additionally, i have persistent vomiting",GENERAL MEDICINE
"I feel feverish I also experience i have a wet cough I also experience i have fatigue I also experience my body feels weak Also, i have migraine-like headaches On top of that, i have vertigo-like dizziness On top of that, i have widespread body pain Plus, i feel pain in my belly Additionally, i feel like I might throw up On top of that, i have been throwing up",GENERAL MEDICINE
"Patient with chief complaint of wound evaluation, assessed for exposure to other specified factors initial encounter",GENERAL MEDICINE
"Patient with chief complaint of elevated inr, assessed for atrial fibrillation",CARDIOLOGY
"my infant is feverish On top of that, my child has a cough On top of that, my child has cold symptoms Furthermore, my child is complaining of throat pain Also, my infant has breathing problems I also experience my child has been throwing up Plus, my child is crying from stomach pain On top of that, my baby has a skin rash Also, my infant had a fit Additionally, my baby is not feeding well Plus, my infant cries uncontrollably Furthermore, my infant appears weak and floppy On top of that, my baby refuses to eat On top of that, my infant is too small Additionally, my baby is smaller than expected Also, my infant has delayed development Furthermore, my infant cries from ear pain Also, my baby has yellow skin On top of that, my infant shows signs of dehydration Also, my infant has wheezing",PEDIATRICS
"I have a high temperature On top of that, i have a persistent cough On top of that, i am constantly fatigued I also experience i have general weakness Furthermore, i have persistent head pain Plus, the room feels like it is spinning On top of that, i have generalized body pain On top of that, i have lower abdominal pain Additionally, i feel nauseous Also, i have been vomiting",GENERAL MEDICINE
"I was diagnosed with PCOS Furthermore, my periods are not regular Plus, i am having pregnancy complications Plus, i have issues with my periods Additionally, i have mild menstrual cramps Plus, i experience heavy menstrual bleeding On top of that, i have very light periods Additionally, my period has been delayed Plus, i have a missed period On top of that, i have persistent vaginal itching Furthermore, i feel dry in the vaginal area On top of that, i have hormonal acne Plus, i have pain in my lower stomach area",GYNECOLOGY & OBSTETRICS
"my infant is feverish Also, my infant is coughing a lot Plus, my baby is sneezing and has a runny nose Also, my baby's throat is sore Plus, my child is struggling to breathe Furthermore, my infant is vomiting Furthermore, my child is crying from stomach pain Additionally, my baby's skin is irritated Additionally, my baby had a seizure I also experience my baby is not feeding well Also, my baby cries excessively I also experience my child is lethargic On top of that, my baby has lost appetite Additionally, my infant is too small On top of that, my baby has delayed growth Also, my baby has developmental delays On top of that, my baby has an ear infection On top of that, my infant has jaundice On top of that, my baby is dehydrated Additionally, my baby wheezes when breathing",PEDIATRICS
"my back is very sore Furthermore, i feel numbness in my body Additionally, i walk with difficulty I also experience i have painful joints Furthermore, i have neck pain Also, i have knee pain Furthermore, i have a frozen shoulder Furthermore, my hip is stiff and painful I also experience i have persistent bone pain Also, my muscles ache Furthermore, my joints are swollen Furthermore, i have joint stiffness Additionally, i have difficulty moving Also, i fractured a bone Additionally, my muscles are getting weaker On top of that, i experience unusual tingling Additionally, i have heel pain Furthermore, i have a sports injury",ORTHOPEDICS
"I have lower back pain Plus, i feel numbness in my body Plus, i have difficulty walking On top of that, i feel pain in my joints On top of that, i have neck pain Additionally, i have difficulty with my knee Also, i have a frozen shoulder I also experience i have hip pain On top of that, i feel deep bone pain Furthermore, my muscles are painful Plus, my joints feel puffy and inflamed Additionally, i have joint stiffness On top of that, i have limited range of motion On top of that, i fractured a bone On top of that, my muscles are getting weaker Also, i have a constant tingling sensation I also experience i have heel pain Additionally, i have a sprain from sports",ORTHOPEDICS
"Emergency presentation: abdominal distention abdominal pain lethagic, vitals show severe pain score 13 out of 10",NEUROLOGY
"Emergency presentation: right leg pain right leg swelling, vitals show severe pain score 8 out of 10",RHEUMATOLOGY
I am experiencing car vs pole,CARDIOLOGY
"I have polycystic ovary syndrome Furthermore, my periods are not regular I also experience i am having pregnancy complications Also, i experience menstrual difficulties I also experience i feel slight cramps during my period I also experience i experience heavy menstrual bleeding Additionally, i have scanty periods Additionally, my period is late Plus, i have amenorrhea On top of that, i have vaginal itching On top of that, i experience vaginal dryness Additionally, my acne is hormone-related Furthermore, my lower belly hurts",GYNECOLOGY & OBSTETRICS
"Emergency presentation: syncope, vitals show heart rate 105 bpm",NEPHROLOGY
"Patient with chief complaint of transfer motor vehicle collision, assessed for fracture one rib closed",ORTHOPEDICS
"the room feels like it is spinning On top of that, i feel like I might throw up I also experience i have pressure in my chest I also experience i am short of breath On top of that, my heart is beating fast Plus, my heartbeat is irregular I also experience my blood pressure is elevated Plus, i have been fainting Additionally, i have a fast heartbeat I also experience i have a slow heartbeat Plus, i am incredibly tired I also experience i have leg edema Plus, my chest feels constricted I also experience i have swollen ankles I also experience i am sweating excessively Furthermore, my back hurts",CARDIOLOGY
Patient presents with aortic disection,CARDIOLOGY
"Patient with chief complaint of abdominal pain, assessed for fever unspecified",GENERAL MEDICINE
Patient presents with tachycardia,NEPHROLOGY
I am experiencing status post fall sdh,ENDOCRINOLOGY
"my baby feels very hot Also, my baby is coughing I also experience my infant has a cold Furthermore, my infant has throat pain Additionally, my infant has breathing problems Also, my baby cannot keep milk down On top of that, my baby has stomach pain I also experience my child has a rash on their body Plus, my child is having convulsions Plus, my baby has poor appetite Also, my infant cries uncontrollably Also, my baby has low energy I also experience my baby refuses to eat Furthermore, my baby has low birth weight On top of that, my baby has delayed growth Also, my child is not meeting milestones Additionally, my baby has an ear infection Furthermore, my infant has jaundice Additionally, my child is not drinking enough fluids Plus, my infant has wheezing",PEDIATRICS
"Patient with chief complaint of diabetic ketoacidosis transfer, assessed for long term current use of insulin",GENERAL MEDICINE
Patient presents with elevated inr,NEPHROLOGY
"my baby has a fever Also, my child has a cough Furthermore, my baby is sneezing and has a runny nose Also, my baby has a sore throat Furthermore, my baby has breathing difficulty Additionally, my baby is vomiting Also, my baby has stomach pain Furthermore, my baby's skin is irritated I also experience my baby had a seizure episode I also experience my infant is not drinking milk properly Plus, my baby cries excessively Furthermore, my infant appears weak and floppy Also, my baby refuses to eat On top of that, my baby is underweight Additionally, my baby has delayed growth Furthermore, my child is not meeting milestones Additionally, my baby has ear pain Plus, my baby's skin is turning yellow On top of that, my baby has dry mouth and no tears On top of that, my baby is wheezing",PEDIATRICS
"Patient with chief complaint of car vs pole, assessed for bone fracture mult ribs nos closed",ORTHOPEDICS
"Emergency presentation: leg pain wound evaluation, vitals show severe pain score 10 out of 10",GENERAL MEDICINE
"Emergency presentation: abdominal pain dysuria, vitals show elevated temperature 100.2F, severe pain score 10 out of 10",GENERAL MEDICINE
"my baby has a fever Furthermore, my child has a cough Furthermore, my baby has a cold Additionally, my baby's throat is sore On top of that, my baby is short of breath Also, my baby is vomiting Also, my baby has a stomach ache I also experience my child has a rash on their body Additionally, my infant had a fit Plus, my infant is not drinking milk properly Plus, my infant cries uncontrollably I also experience my infant appears weak and floppy I also experience my baby refuses to eat On top of that, my baby is underweight Plus, my baby has delayed growth I also experience my baby has developmental delays Additionally, my baby has an ear infection Furthermore, my baby's skin is turning yellow Plus, my baby is dehydrated Furthermore, my infant has wheezing",PEDIATRICS
"Patient with chief complaint of status post arrest, assessed for acidosis",NEPHROLOGY
"my infant is feverish Furthermore, my baby has a persistent cough I also experience my baby has a cold I also experience my baby's throat is sore Also, my baby has breathing difficulty Furthermore, my baby is vomiting Also, my child is crying from stomach pain Additionally, my infant has a red rash On top of that, my infant had a fit Additionally, my child refuses to eat I also experience my baby cries excessively Furthermore, my baby seems weak I also experience my baby refuses to eat Plus, my baby has low birth weight Plus, my baby has delayed growth Additionally, my infant has delayed development Additionally, my infant cries from ear pain Also, my baby has yellow skin I also experience my baby has dry mouth and no tears I also experience my child has a wheezing sound when breathing",PEDIATRICS
Patient presents with urinary retention,NEPHROLOGY
"I have a throbbing headache Plus, the room feels like it is spinning Additionally, i had a seizure episode Plus, i have numbness in my extremities On top of that, i have tingling sensations Also, my muscles feel weak Plus, i have a tremor in my hands I also experience my memory is getting worse Plus, i cannot think clearly On top of that, i have poor balance and coordination On top of that, i have trouble walking Plus, i cannot speak clearly Furthermore, my facial muscles feel weak Furthermore, i blacked out Additionally, i experience shooting nerve pain Furthermore, my muscles feel stiff On top of that, i have poor coordination Furthermore, i cannot sleep well",NEUROLOGY
"I have a fever I also experience i have a wet cough Plus, i have no energy On top of that, i have general weakness Also, i have persistent head pain Plus, the room feels like it is spinning I also experience i feel achy all over I also experience i have stomach pain Also, i am feeling sick to my stomach Furthermore, i have been throwing up",GENERAL MEDICINE
I am experiencing laryngitis shortness of breath with talking,GENERAL MEDICINE
"I have cysts on my ovaries On top of that, my menstrual cycle is irregular On top of that, i am experiencing issues during pregnancy Also, i have problems during menstruation I also experience i feel slight cramps during my period Furthermore, i have menorrhagia I also experience i have scanty periods I also experience my period is late Also, i missed my period On top of that, i feel itchy down there Furthermore, i feel dry in the vaginal area Furthermore, i have hormonal acne Additionally, i have lower abdominal pain",GYNECOLOGY & OBSTETRICS
Patient presents with l knee pain,NEPHROLOGY
"I am experiencing dizziness On top of that, i am feeling sick to my stomach Also, my chest hurts Furthermore, i am short of breath Also, i have irregular heartbeats Additionally, i feel pulse irregularity On top of that, my blood pressure is elevated Plus, i have been fainting I also experience my heart rate is elevated Furthermore, i have a slow pulse rate Furthermore, i have extreme fatigue Additionally, my legs feel heavy and swollen On top of that, my chest feels constricted On top of that, my ankles feel swollen and painful Additionally, i am sweating excessively Also, i have lower back pain",CARDIOLOGY
"Patient with chief complaint of nausea and vomiting, assessed for diarrhea unspecified",GENERAL MEDICINE
"I have cysts on my ovaries Furthermore, i have inconsistent menstrual cycles On top of that, i am experiencing issues during pregnancy Also, i have menstrual problems Furthermore, my period pain is mild I also experience i have menorrhagia On top of that, my periods are barely there I also experience my period has been delayed Plus, my period did not come this month Plus, i have persistent vaginal itching On top of that, i experience vaginal dryness I also experience i get acne due to hormones Furthermore, my lower belly hurts",GYNECOLOGY & OBSTETRICS
"my baby has a fever Furthermore, my child has a cough Plus, my infant has a cold On top of that, my child is complaining of throat pain Plus, my baby is short of breath I also experience my infant is vomiting Also, my baby has a stomach ache Plus, my infant has a red rash On top of that, my baby had a seizure Plus, my baby has poor appetite Furthermore, my infant cries uncontrollably Furthermore, my baby has low energy Also, my baby refuses to eat Furthermore, my infant is too small Plus, my child is not growing properly On top of that, my baby has developmental delays On top of that, my child is pulling at their ear Additionally, my infant has jaundice Additionally, my baby has dry mouth and no tears I also experience my baby is wheezing",PEDIATRICS
"Patient with chief complaint of shortness of breath abnl labs, assessed for dementia in conditions classified elsewhere without behaviroal disturbance",NEUROLOGY
"I feel feverish Furthermore, i have a persistent cough On top of that, i feel weak and tired I also experience i feel drained and weak On top of that, my head hurts Additionally, i feel dizzy I also experience i feel achy all over Additionally, i feel pain in my belly On top of that, i feel nauseous Plus, i have been throwing up",GENERAL MEDICINE
"Emergency presentation: fever, vitals show elevated temperature 99.1F, tachypnea respiratory rate 26, severe pain score 10 out of 10",GENERAL MEDICINE
"I have vertigo-like dizziness I also experience i have nausea Plus, i have intermittent chest pain Furthermore, i cannot breathe properly Also, i feel my heart pounding Plus, i feel pulse irregularity I also experience my blood pressure is elevated Also, i have episodes of fainting Also, my heart beats very fast I also experience my heart rate is low On top of that, i can barely stay awake Furthermore, my legs feel heavy and swollen I also experience i feel chest tightness Additionally, i have swollen ankles Plus, i have excessive sweating I also experience i have lower back pain",CARDIOLOGY
"I am experiencing dizziness Furthermore, i feel queasy Furthermore, i have chest pain I also experience i experience breathing difficulty I also experience i feel my heart pounding Plus, i have an uneven heartbeat Plus, my blood pressure is elevated Also, i feel like I might faint I also experience i have tachycardia On top of that, i have bradycardia Plus, i feel utterly exhausted On top of that, my legs feel heavy and swollen Plus, my chest feels constricted Furthermore, my ankles are puffy I also experience i am sweating excessively Plus, i have back pain",CARDIOLOGY
"Patient with chief complaint of dvt transfer, assessed for acute embolism and thrombosis of deep veins of l up extrem",CARDIOLOGY
Patient presents with l foot pain,GENERAL MEDICINE
"Patient with chief complaint of l foot pain wound evaluation, assessed for type 1 diabetes mellitus with foot ulcer",GASTROENTEROLOGY
"I have lower back pain I also experience i have numbness Furthermore, i cannot walk properly Furthermore, my joints are aching Furthermore, my neck is very painful I also experience my knee is swollen and painful Also, i feel pain in my shoulder Also, i have hip pain Furthermore, my bones feel sore Also, my muscles ache On top of that, my joints feel puffy and inflamed On top of that, i have joint stiffness On top of that, i cannot move my joint fully Furthermore, my bone is broken Additionally, my muscles are getting weaker Plus, i feel tingling throughout my body Plus, i have heel pain I also experience i got injured while playing sports",ORTHOPEDICS
"Chronic constipation, stomach pain, loss of appetite, and intestinal gas.",GASTROENTEROLOGY
"my baby feels very hot On top of that, my baby is coughing Additionally, my baby has a cold Additionally, my baby has a sore throat Additionally, my infant has breathing problems Additionally, my infant is vomiting Plus, my baby has stomach pain Additionally, my baby's skin is irritated Additionally, my baby had a seizure Additionally, my infant is not drinking milk properly Plus, my child cries all the time Additionally, my child is lethargic Furthermore, my baby has lost appetite Also, my infant is too small Plus, my infant has growth issues Furthermore, my child is not meeting milestones I also experience my child is pulling at their ear Furthermore, my baby has yellow skin Additionally, my baby is dehydrated Plus, my baby wheezes when breathing",PEDIATRICS
"Patient with chief complaint of left eye swelling redness, assessed for cellulitis of face",DERMATOLOGY
I am experiencing dizziness diplopia,GENERAL MEDICINE
"my infant is feverish I also experience my baby is coughing Also, my baby has a cold Additionally, my child is complaining of throat pain Furthermore, my infant has breathing problems Plus, my infant is vomiting Also, my baby has a stomach ache Also, my infant has a red rash I also experience my baby had a seizure On top of that, my infant is not drinking milk properly Additionally, my infant cries uncontrollably Plus, my baby seems weak Plus, my infant has no appetite Furthermore, my child is not gaining weight properly On top of that, my child is not growing properly Plus, my baby is developing slowly Also, my child is pulling at their ear Also, my baby has yellow skin Additionally, my baby is dehydrated Additionally, my baby is wheezing",PEDIATRICS
"Patient with chief complaint of urinary retention lower abdominal pain, assessed for comp d to gu device graft",ORTHOPEDICS
"I am experiencing dizziness On top of that, i feel nauseous Additionally, i have pressure in my chest On top of that, i have trouble catching my breath Furthermore, i feel my heart pounding Furthermore, i have an irregular pulse Additionally, my BP readings are high Furthermore, i feel like I might faint Additionally, my heart rate is elevated Also, i have a slow pulse rate On top of that, i have debilitating fatigue Plus, i have swelling in my legs Also, my chest feels constricted Furthermore, my ankles are puffy Additionally, i have excessive sweating Also, i have upper back pain",CARDIOLOGY
"Patient with chief complaint of b leg swelling, assessed for chronic kidney disease unspecified",NEPHROLOGY
"my baby feels very hot Additionally, my child has a cough On top of that, my child has cold symptoms Also, my baby's throat is sore I also experience my baby is short of breath Additionally, my baby cannot keep milk down I also experience my baby has stomach pain I also experience my baby has a skin rash On top of that, my baby had a seizure episode I also experience my infant is not drinking milk properly Additionally, my child cries all the time Plus, my baby has low energy Additionally, my baby has lost appetite On top of that, my infant is too small Furthermore, my child is not growing properly On top of that, my infant has delayed development Also, my baby has an ear infection Plus, my infant has jaundice I also experience my baby has dry mouth and no tears Plus, my baby is wheezing",PEDIATRICS
"Patient with chief complaint of suicidal ideation, assessed for lack of housing",GENERAL MEDICINE
"Patient with chief complaint of chest pain nausea and vomiting, assessed for epigastric pain",GENERAL MEDICINE
"I have been having headaches Also, i feel dizzy Additionally, i have epilepsy-like seizures On top of that, parts of my body feel numb Also, i feel tingling in my hands I also experience my muscles feel like they are failing I also experience i have a tremor in my hands Additionally, i have memory problems I also experience i have mental confusion Furthermore, i feel like I might fall Also, i have trouble walking Furthermore, i have trouble speaking Furthermore, my face droops Plus, i had a loss of consciousness I also experience i feel burning nerve pain Additionally, i experience muscle rigidity On top of that, i have trouble with fine motor tasks On top of that, i have sleep problems",NEUROLOGY
"Emergency presentation: leg weakness abnormal ct, vitals show heart rate 52 bpm",GENERAL MEDICINE
"Patient with chief complaint of status post fall l shoulder pain, assessed for hypothyroidism unspecified",ENDOCRINOLOGY
"I am experiencing dizziness I also experience i feel like I might throw up Furthermore, i feel a sharp pain in my chest Also, i cannot breathe properly Furthermore, my heart skips beats Furthermore, i have an irregular pulse Additionally, my BP readings are high I also experience i fainted recently Also, my heart beats very fast I also experience i have bradycardia Additionally, i feel utterly exhausted Plus, i have swelling in my legs I also experience i feel chest tightness Additionally, my ankles are puffy On top of that, i am sweating excessively I also experience i have upper back pain",CARDIOLOGY
Patient presents with insomnia,ENDOCRINOLOGY
Patient presents with dyspnea abnormal lab values,HEMATOLOGY
"Patient with chief complaint of syncope, assessed for diab ketoacidosis adult",NEPHROLOGY
Patient presents with dyspnea foot swelling,CARDIOLOGY
"Patient with chief complaint of anemia neutropenia transfer, assessed for other pancytopenia",HEMATOLOGY
"I have a fever Additionally, i have a dry cough Plus, i have no energy Also, i feel drained and weak Furthermore, i have a throbbing headache I also experience the room feels like it is spinning Also, my body is sore Furthermore, i feel pain in my belly On top of that, i have nausea On top of that, i am throwing up",GENERAL MEDICINE
"I have polycystic ovary syndrome On top of that, my periods are not regular Additionally, i am having pregnancy complications Furthermore, i have problems during menstruation Additionally, my period pain is mild Plus, i have menorrhagia Additionally, i have scanty periods On top of that, my period is late I also experience i have a missed period I also experience i feel itchy down there Also, i feel dry in the vaginal area Additionally, i have hormonal acne I also experience i feel pain in my lower abdomen",GYNECOLOGY & OBSTETRICS
"I have back pain Additionally, parts of my body feel numb On top of that, i struggle to walk Additionally, my joints hurt Also, i feel pain in my neck Also, my knee is swollen and painful Also, i feel pain in my shoulder Plus, my hip is stiff and painful Also, i feel deep bone pain Additionally, i feel muscle soreness Also, my joints feel puffy and inflamed I also experience i have trouble moving my joints Additionally, i cannot move my joint fully Additionally, i fractured a bone On top of that, i experience muscle fatigue and weakness Also, i feel tingling throughout my body Furthermore, my heel hurts when I walk Furthermore, i injured myself during exercise",ORTHOPEDICS
"Emergency presentation: psychiatric hold altered mental status, vitals show severe pain score 13 out of 10",ENDOCRINOLOGY
"Patient with chief complaint of wound evaluation, assessed for chronic kidney disease unspecified",NEPHROLOGY
"I have polycystic ovary syndrome Also, i have inconsistent menstrual cycles Furthermore, i have problems with my pregnancy On top of that, i experience menstrual difficulties Plus, i have mild period pain Additionally, i experience heavy menstrual bleeding Additionally, my menstrual flow is very light Additionally, my period is late Furthermore, my period did not come this month Furthermore, my vaginal area is very itchy Also, i feel dry in the vaginal area Also, i get acne due to hormones Also, i have lower abdominal pain",GYNECOLOGY & OBSTETRICS
"I have a severe headache On top of that, the room feels like it is spinning I also experience i have epilepsy-like seizures Plus, i have numbness in my extremities On top of that, i have tingling sensations Additionally, i have progressive muscle weakness Also, i experience involuntary shaking Furthermore, i keep forgetting things Plus, i feel muddled and confused Plus, i have poor balance and coordination Additionally, i walk with difficulty Furthermore, i have speech problems I also experience one side of my face feels weak Also, i blacked out Additionally, i have neuropathic pain On top of that, i have rigid muscles I also experience i feel uncoordinated I also experience i cannot sleep well",NEUROLOGY
"Patient with chief complaint of right leg pain weakness, assessed for atrial fibrillation",CARDIOLOGY
"my body temperature is high Plus, i keep coughing Plus, i have no energy Plus, my body feels weak Plus, i have migraine-like headaches Plus, i have vertigo-like dizziness Also, i have body pain I also experience my stomach is hurting I also experience i feel like I might throw up Also, i have been vomiting",GENERAL MEDICINE
"Emergency presentation: r foot pain, vitals show heart rate 115 bpm",ENDOCRINOLOGY
"I am experiencing dizziness Additionally, i feel like I might throw up On top of that, i feel a sharp pain in my chest Furthermore, i have trouble catching my breath Additionally, my heart skips beats On top of that, i have an irregular pulse Also, i have hypertension Also, i feel like I might faint On top of that, i have tachycardia Also, i have a slow pulse rate Additionally, i have debilitating fatigue Plus, my legs feel heavy and swollen Additionally, my chest feels tight Furthermore, i have ankle edema Also, i am sweating excessively Furthermore, my back hurts",CARDIOLOGY
"my child has a high temperature Also, my baby is coughing Additionally, my child has cold symptoms Furthermore, my infant has throat pain Additionally, my infant has breathing problems Also, my baby is vomiting I also experience my infant has abdominal pain Also, my baby has a skin rash On top of that, my baby had a seizure I also experience my baby is not feeding well Plus, my child cries all the time On top of that, my baby has low energy Also, my child is not eating I also experience my baby is underweight Plus, my child is not growing properly Also, my baby is developing slowly Additionally, my baby has an ear infection Plus, my baby's skin is turning yellow I also experience my baby has dry mouth and no tears Also, my child has a wheezing sound when breathing",PEDIATRICS
"my child has a high temperature Also, my infant is coughing a lot Also, my baby is sneezing and has a runny nose Also, my baby's throat is sore Also, my infant has breathing problems Plus, my child has been throwing up Plus, my child is crying from stomach pain I also experience my baby has a skin rash Additionally, my child is having convulsions Furthermore, my baby is not feeding well On top of that, my child cries all the time On top of that, my child is lethargic I also experience my infant has no appetite I also experience my child is not gaining weight properly Additionally, my baby has delayed growth Plus, my baby is developing slowly Also, my baby has an ear infection Plus, my baby has yellow skin Also, my child is not drinking enough fluids Also, my child has a wheezing sound when breathing",PEDIATRICS
"Double vision, sudden reduction in visual clarity, and seeing halos around lights.",OPHTHALMOLOGY
"my baby feels very hot On top of that, my baby has a persistent cough Additionally, my baby is sneezing and has a runny nose Additionally, my baby's throat is sore On top of that, my child is struggling to breathe Additionally, my infant is vomiting I also experience my baby has stomach pain Also, my baby has a skin rash Also, my child is having convulsions Also, my baby has poor appetite I also experience my child cries all the time Furthermore, my child is lethargic On top of that, my infant has no appetite I also experience my child is not gaining weight properly I also experience my infant has growth issues Plus, my child is not meeting milestones Also, my infant cries from ear pain I also experience my child looks jaundiced Also, my child is not drinking enough fluids I also experience my baby is wheezing",PEDIATRICS
Patient presents with seizure,ENDOCRINOLOGY
Patient presents with l foot pain wound evaluation,CARDIOLOGY
"my baby feels very hot On top of that, my child has a cough Plus, my baby has a cold Also, my infant has throat pain I also experience my infant has breathing problems I also experience my baby is vomiting Additionally, my child is crying from stomach pain Plus, my child has a rash on their body I also experience my child is having convulsions Additionally, my infant is not drinking milk properly Furthermore, my infant cries uncontrollably On top of that, my infant appears weak and floppy Additionally, my baby refuses to eat On top of that, my baby is underweight Plus, my baby has delayed growth On top of that, my infant has delayed development Plus, my infant cries from ear pain Plus, my baby's skin is turning yellow I also experience my child is not drinking enough fluids I also experience my baby wheezes when breathing",PEDIATRICS
"my child has a high temperature Also, my baby has a persistent cough Furthermore, my baby is sneezing and has a runny nose Plus, my child is complaining of throat pain Also, my infant has breathing problems Also, my infant is vomiting I also experience my infant has abdominal pain Also, my child has a rash on their body Furthermore, my baby had a seizure episode Plus, my baby is not feeding well On top of that, my baby is inconsolable On top of that, my baby seems weak Plus, my baby refuses to eat On top of that, my baby is underweight On top of that, my baby has delayed growth Also, my baby has developmental delays Also, my infant cries from ear pain Also, my infant has jaundice Furthermore, my child is not drinking enough fluids On top of that, my baby is wheezing",PEDIATRICS
"I am running a fever I also experience i am coughing a lot Plus, i feel weak and tired Furthermore, i have general weakness Plus, i have migraine-like headaches Furthermore, the room feels like it is spinning On top of that, my body is sore On top of that, i feel pain in my belly On top of that, i feel like I might throw up On top of that, i vomited multiple times",GENERAL MEDICINE
"I feel feverish On top of that, i keep coughing I also experience i have no energy I also experience i feel physically weak Also, i have been having headaches On top of that, the room feels like it is spinning Plus, i have widespread body pain Additionally, my abdomen hurts I also experience i am feeling sick to my stomach Plus, i have persistent vomiting",GENERAL MEDICINE
"I have migraine-like headaches Plus, i am experiencing dizziness I also experience i had a seizure episode Also, i feel numbness in my body Furthermore, i have pins and needles feeling Also, i cannot move my muscles properly Plus, i have a tremor in my hands I also experience i have memory loss Furthermore, i am disoriented Furthermore, i feel unsteady Furthermore, i have difficulty walking Also, i have speech problems Also, i have facial paralysis Furthermore, i fainted and lost consciousness On top of that, i have neuropathic pain Additionally, i experience muscle rigidity I also experience i have poor coordination Furthermore, i have trouble falling asleep",NEUROLOGY
"I have migraine-like headaches Plus, i have vertigo-like dizziness Additionally, i had a seizure episode Also, i have numbness in my extremities Also, i feel tingling in my hands I also experience my muscles feel weak I also experience my body shakes involuntarily Plus, i keep forgetting things Furthermore, i have mental confusion On top of that, i have balance problems On top of that, i cannot walk properly Additionally, i cannot speak clearly Additionally, i have facial weakness Furthermore, i blacked out I also experience i experience shooting nerve pain I also experience my muscles feel stiff Also, i have trouble with fine motor tasks Plus, i have sleep problems",NEUROLOGY
"I feel hot and feverish On top of that, i keep coughing Plus, i am constantly fatigued Furthermore, i lack strength On top of that, my head hurts Additionally, i feel unsteady and dizzy Plus, i have body pain I also experience i have stomach pain Plus, i feel nauseous On top of that, i have been vomiting",GENERAL MEDICINE
"Patient with chief complaint of lethargy shortness of breath, assessed for pneumonia organism unspecified",PULMONOLOGY
"I feel lightheaded Additionally, i feel nauseous Also, i feel a sharp pain in my chest I also experience i have difficulty breathing Also, i have irregular heartbeats I also experience my heartbeat is irregular Plus, my blood pressure is elevated Plus, i feel like I am going to pass out Also, i have tachycardia Furthermore, my heart beats slowly On top of that, i can barely stay awake On top of that, my legs are swollen On top of that, i have a tight feeling in my chest On top of that, i have ankle edema Additionally, i have excessive sweating Also, i have back pain",CARDIOLOGY
"I have a severe headache Furthermore, i feel lightheaded I also experience i have epilepsy-like seizures On top of that, i have numbness in my extremities Additionally, i feel tingling in my hands Furthermore, i have progressive muscle weakness On top of that, i have tremors Also, my memory is getting worse Furthermore, i am disoriented I also experience i have trouble maintaining balance I also experience i struggle to walk Additionally, i cannot speak clearly Plus, i have facial paralysis Additionally, i had a loss of consciousness Plus, i feel burning nerve pain Additionally, my muscles are tight and stiff On top of that, i cannot coordinate my movements well Also, i have sleep problems",NEUROLOGY
I am experiencing l knee pain,NEPHROLOGY
"I have lower back pain Also, i have numbness I also experience i struggle to walk Also, i feel pain in my joints Plus, i feel pain in my neck Plus, my knee is swollen and painful Also, my shoulder is very sore Plus, my hip hurts Also, i have bone pain Plus, i feel muscle soreness Also, i have inflamed swollen joints Furthermore, i have joint stiffness Plus, i have difficulty moving On top of that, i fractured a bone Additionally, my muscles are getting weaker On top of that, i feel tingling throughout my body Additionally, my heel hurts when I walk On top of that, i injured myself during exercise",ORTHOPEDICS
"I am running a fever Plus, i have a wet cough Additionally, i feel very tired On top of that, i feel weak all over Additionally, i have a throbbing headache Furthermore, i feel unsteady and dizzy I also experience my body is sore Also, i have stomach pain Plus, i have an upset stomach with nausea Furthermore, i cannot keep food down",GENERAL MEDICINE
"Patient with chief complaint of abdominal pain leaking ascites, assessed for umbilical hernia",GASTROENTEROLOGY
"Patient with chief complaint of cough dyspnea, assessed for diabetes uncompl juven",ENDOCRINOLOGY
"I have persistent head pain Furthermore, i am experiencing dizziness Additionally, i had a seizure episode Furthermore, i have numbness in my extremities Also, i have a tingling sensation all over Additionally, i cannot move my muscles properly Additionally, i have a tremor in my hands Plus, my memory is getting worse On top of that, i feel confused Furthermore, i have poor balance and coordination On top of that, i have difficulty walking Also, i have speech problems Additionally, i have facial paralysis I also experience i blacked out Also, i have nerve pain Plus, i have muscle stiffness Plus, i cannot coordinate my movements well On top of that, i have trouble falling asleep",NEUROLOGY
"Patient with chief complaint of suicidal ideation, assessed for alcohol abuse with intoxication unspecified",PSYCHIATRY
Patient presents with abdominal pain nausea and vomiting,GASTROENTEROLOGY
"I have vertigo-like dizziness Plus, i feel like I might throw up Plus, i have chest pain Also, i have difficulty breathing I also experience i have heart palpitations On top of that, i have an uneven heartbeat Additionally, my BP readings are high Additionally, i fainted recently Furthermore, my heart beats very fast Furthermore, i have a slow heartbeat Furthermore, i can barely stay awake I also experience my legs are swollen On top of that, i have pressure and tightness in my chest On top of that, i have swollen ankles Furthermore, i have night sweats Furthermore, i have back pain",CARDIOLOGY
I am experiencing l weakness unable to ambulate,NEUROLOGY
"I have a severe headache Also, i have vertigo-like dizziness Plus, i have convulsions On top of that, parts of my body feel numb Additionally, i have pins and needles feeling On top of that, i have progressive muscle weakness I also experience my hands are shaking Additionally, i cannot remember recent events I also experience i feel confused Furthermore, i have balance problems Additionally, i struggle to walk Additionally, i have trouble speaking Also, one side of my face feels weak Plus, i blacked out Also, i feel burning nerve pain Additionally, my muscles are tight and stiff Furthermore, i have trouble with fine motor tasks Also, i have sleep problems",NEUROLOGY
"Patient with chief complaint of l knee pain, assessed for chronic kidney disease unspecified",NEPHROLOGY
"Chronic unexplained fatigue, swollen lymph nodes in neck, and persistent fever.",ONCOLOGY
Patient presents with facial numbness,CARDIOLOGY
"Patient with chief complaint of right foot infection, assessed for local skin infection nos",DERMATOLOGY
"Emergency presentation: foot laceration, vitals show heart rate 105 bpm",ENDOCRINOLOGY
"I am experiencing dizziness Plus, i have an upset stomach with nausea I also experience i have pressure in my chest Plus, i have trouble catching my breath Plus, my heart is beating fast Also, my heartbeat is irregular Furthermore, i have hypertension Additionally, i fainted recently On top of that, i have a fast heartbeat On top of that, i have a slow pulse rate On top of that, i can barely stay awake Furthermore, i have swelling in my legs Additionally, i feel chest tightness I also experience my ankles are swollen On top of that, i am sweating excessively Plus, my back is very sore",CARDIOLOGY
"my back is very sore Plus, i have numbness Also, i struggle to walk I also experience i have painful joints Furthermore, my neck hurts Additionally, i feel pain in my knee Furthermore, my shoulder hurts Furthermore, i feel pain in my hip Furthermore, i have bone pain On top of that, i have muscle pain Furthermore, my joints are swollen Furthermore, my joints feel rigid Furthermore, i have limited range of motion I also experience i have a stress fracture Also, my muscle strength is declining Plus, i have persistent tingling Additionally, my heel feels painful Plus, i have a sprain from sports",ORTHOPEDICS
"Emergency presentation: abdominal pain, vitals show severe pain score 10 out of 10",GASTROENTEROLOGY
Patient presents with abnormal labs etoh hypotension,NEPHROLOGY
"my back hurts Additionally, parts of my body feel numb Also, i struggle to walk Also, my joints hurt Furthermore, my neck is very painful Plus, i have difficulty with my knee I also experience my shoulder is very sore Plus, my hip hurts On top of that, my bones ache I also experience my muscles ache Plus, my joints are swollen Plus, my joints are stiff Plus, i cannot move my joint fully Plus, i fractured a bone I also experience my muscle strength is declining Furthermore, i have a constant tingling sensation On top of that, my heel feels painful Additionally, i got injured while playing sports",ORTHOPEDICS
"I have PCOS On top of that, i have irregular periods I also experience i am having pregnancy complications I also experience i have problems during menstruation Also, i feel slight cramps during my period Also, i have menorrhagia Additionally, my menstrual flow is very light Furthermore, my period is late Plus, i have a missed period Furthermore, my vaginal area is very itchy On top of that, i feel dry in the vaginal area Additionally, i have persistent acne from hormonal imbalance Additionally, i have pain in my lower stomach area",GYNECOLOGY & OBSTETRICS
I am experiencing dyspnea hypoxia,PULMONOLOGY
"Patient with chief complaint of right leg pain right leg swelling, assessed for other specified soft tissue disorders",RHEUMATOLOGY
"Patient with chief complaint of head injury status post fall, assessed for type 2 diabetes mellitus without complications",ENDOCRINOLOGY
"the room feels like it is spinning Furthermore, i have nausea Also, i feel a sharp pain in my chest Also, i have trouble catching my breath Furthermore, i feel my heart pounding Additionally, i have an irregular pulse I also experience my BP readings are high Additionally, i feel like I am going to pass out On top of that, my heart rate is elevated Also, my heart rate is low Plus, i have debilitating fatigue Also, my legs are swollen Furthermore, i feel chest tightness Plus, my ankles are puffy Plus, i am sweating excessively I also experience i have lower back pain",CARDIOLOGY
"I have back pain I also experience i feel numbness in my body I also experience i have trouble walking I also experience i feel pain in my joints On top of that, my neck is very painful On top of that, i have difficulty with my knee I also experience i feel pain in my shoulder Furthermore, my hip hurts I also experience i have bone pain Additionally, i have muscle pain Furthermore, my joints feel puffy and inflamed Plus, i have joint stiffness Also, i cannot move my joint fully I also experience i have a bone fracture Also, my muscles are getting weaker Also, i feel tingling throughout my body Also, i have pain in my heel Additionally, i got injured while playing sports",ORTHOPEDICS
"I feel unsteady and dizzy On top of that, i feel nauseous Additionally, my chest hurts Additionally, i feel breathless Additionally, my heart is beating fast On top of that, i have an uneven heartbeat Furthermore, i have high blood pressure Plus, i fainted recently Also, my heart beats very fast On top of that, i have a slow heartbeat Also, i have debilitating fatigue Furthermore, my ankles and legs are puffy Also, i have a tight feeling in my chest Furthermore, i have ankle edema Additionally, i sweat a lot Also, i have back pain",CARDIOLOGY
"I have vertigo-like dizziness Furthermore, i feel like I might throw up Additionally, i feel a sharp pain in my chest Also, i am short of breath On top of that, my heart is beating fast Plus, my pulse rate is inconsistent Plus, i have been diagnosed with high blood pressure Furthermore, i feel like I might faint On top of that, i have a rapid pulse On top of that, i have bradycardia Furthermore, i have extreme fatigue I also experience my legs are swollen Furthermore, my chest feels constricted Plus, i have ankle edema On top of that, i have excessive sweating Additionally, i have upper back pain",CARDIOLOGY
"Persistent diarrhea, abdominal cramps, nausea, and indigestion after meals.",GASTROENTEROLOGY
"I have a severe headache I also experience i am experiencing dizziness Also, i have had seizures Plus, parts of my body feel numb I also experience i feel tingling in my hands Plus, i cannot move my muscles properly On top of that, i have a tremor in my hands Plus, i have memory loss Additionally, i am disoriented Additionally, i have poor balance and coordination Also, i struggle to walk Also, i have trouble speaking Furthermore, i have facial weakness Additionally, i blacked out Also, i have nerve pain I also experience my muscles are tight and stiff Also, i have poor coordination Also, i cannot sleep well",NEUROLOGY
"I feel dizzy Plus, i have an upset stomach with nausea Additionally, i have pressure in my chest Additionally, i have trouble catching my breath On top of that, my heart skips beats Additionally, i have an uneven heartbeat Plus, my blood pressure is elevated Plus, i have episodes of fainting On top of that, my heart rate is elevated Additionally, i have a slow pulse rate Additionally, i am incredibly tired Furthermore, i have leg edema On top of that, i have a tight feeling in my chest On top of that, my ankles feel swollen and painful Plus, i sweat a lot Additionally, i have upper back pain",CARDIOLOGY
"Emergency presentation: dyspnea, vitals show tachypnea respiratory rate 28",PULMONOLOGY
"my body temperature is high Furthermore, i have a persistent cough Plus, i feel exhausted Plus, i feel physically weak On top of that, my head hurts I also experience i feel unsteady and dizzy Additionally, i have generalized body pain I also experience i have stomach pain Plus, i feel like I might throw up I also experience i have persistent vomiting",GENERAL MEDICINE
"Emergency presentation: wound evaluation transfer, vitals show elevated temperature 99.1F",ORTHOPEDICS
"I have lower back pain I also experience i have numbness in my extremities Furthermore, i walk with difficulty On top of that, i have joint pain Furthermore, i have a stiff neck Also, my knee is swollen and painful Furthermore, i have a frozen shoulder On top of that, i have hip pain Plus, my bones feel sore Furthermore, i have muscle cramps and pain Plus, my joints feel puffy and inflamed Additionally, my joints are stiff I also experience i have limited range of motion I also experience i have a broken bone Plus, i have progressive muscle weakness Also, i have a constant tingling sensation Additionally, i have pain in my heel I also experience i got injured while playing sports",ORTHOPEDICS
"my back hurts Additionally, parts of my body feel numb I also experience i have trouble walking Additionally, i have painful joints Additionally, i have a stiff neck Furthermore, i feel pain in my knee Furthermore, i have shoulder pain I also experience i have hip joint pain Furthermore, my bones feel sore Additionally, my muscles are painful On top of that, my joints feel puffy and inflamed Furthermore, i have trouble moving my joints Additionally, i have difficulty moving I also experience my bone is broken Plus, i experience muscle fatigue and weakness I also experience i feel tingling throughout my body Also, i have heel pain On top of that, i injured myself during exercise",ORTHOPEDICS
"I was diagnosed with PCOS Plus, i have inconsistent menstrual cycles Furthermore, i am experiencing issues during pregnancy Furthermore, i have menstrual problems Furthermore, my period pain is mild Plus, i experience heavy menstrual bleeding Also, i have scanty periods On top of that, my menstruation is overdue On top of that, i have a missed period Plus, i have persistent vaginal itching Furthermore, i feel dry in the vaginal area I also experience i get acne due to hormones On top of that, i feel pain in my lower abdomen",GYNECOLOGY & OBSTETRICS
"Patient with chief complaint of psychiatric hold altered mental status, assessed for diabetes uncompl adult",ENDOCRINOLOGY
"the room feels like it is spinning I also experience i have an upset stomach with nausea Furthermore, i feel a sharp pain in my chest Furthermore, i feel breathless Furthermore, i feel my heart racing Also, i have an uneven heartbeat Plus, i have hypertension I also experience i have been fainting Also, i have a rapid pulse Furthermore, i have a slow heartbeat Additionally, i am incredibly tired Furthermore, i have swelling in my legs Plus, i have pressure and tightness in my chest Furthermore, my ankles are swollen On top of that, i have night sweats Plus, i have back pain",CARDIOLOGY
"my body temperature is high On top of that, i have a wet cough I also experience i feel weak and tired I also experience i feel weak all over I also experience i have a throbbing headache Additionally, the room feels like it is spinning Additionally, i have widespread body pain On top of that, my stomach is hurting On top of that, i am feeling sick to my stomach Also, i have persistent vomiting",GENERAL MEDICINE
"Patient with chief complaint of confusion status post fall, assessed for prsnl history of of tia tia and cereb infrc without resid deficits",GENERAL MEDICINE
"Patient with chief complaint of right leg pain right leg swelling, assessed for chronic lymphocytic leuk of b cell type not achieve remis",HEMATOLOGY
"I have vertigo-like dizziness Furthermore, i feel nauseous Plus, my chest hurts Additionally, i am short of breath Also, i feel my heart pounding On top of that, i have an irregular pulse I also experience i have high blood pressure Furthermore, i have been fainting Additionally, my heart beats very fast Additionally, i have a slow pulse rate On top of that, i have extreme fatigue Furthermore, my legs are swollen I also experience my chest feels constricted On top of that, my ankles feel swollen and painful Additionally, i am sweating excessively Additionally, i have back pain",CARDIOLOGY
Patient presents with hematuria,CARDIOLOGY
"my back is very sore Furthermore, i have numbness I also experience i have trouble walking On top of that, i feel pain in my joints Additionally, my neck is very painful Also, i have knee pain On top of that, i have a frozen shoulder Furthermore, my hip is stiff and painful Also, i have persistent bone pain On top of that, i have muscle cramps and pain Furthermore, i have inflamed swollen joints Plus, i have trouble moving my joints Furthermore, i have limited range of motion On top of that, my bone is broken Also, i have progressive muscle weakness On top of that, i have persistent tingling Plus, my heel feels painful I also experience i have a sports injury",ORTHOPEDICS
Patient presents with fever neutropenia,GENERAL MEDICINE
Patient presents with resp arrest,PULMONOLOGY
I am experiencing right leg cellulitis,DERMATOLOGY
"Patient with chief complaint of dehydration fatigue, assessed for weakness",GENERAL MEDICINE
"Patient with chief complaint of abdominal pain, assessed for urinary tract infection site not specified",UROLOGY
I am experiencing abnormal ct luq abdominal pain,HEMATOLOGY
I am experiencing etoh hallucinations,PSYCHIATRY
"Patient with chief complaint of car vs pole, assessed for adrenal gland injury cl",NEPHROLOGY
"Patient with chief complaint of toe pain, assessed for long term current use of insulin",GENERAL MEDICINE
I am experiencing wound evaluation transfer,ORTHOPEDICS
"Patient with chief complaint of fever, assessed for severe sepsis",ORTHOPEDICS
Patient presents with depression anxiety,PSYCHIATRY
"I feel hot and feverish Furthermore, i keep coughing Additionally, i have fatigue Additionally, my body feels weak Furthermore, i have a throbbing headache On top of that, i feel unsteady and dizzy Additionally, i have body pain Furthermore, i have stomach pain Plus, i feel queasy Furthermore, i vomited multiple times",GENERAL MEDICINE
I am experiencing left hand pains,GENERAL MEDICINE
"I have a high temperature Also, i keep coughing Additionally, i have no energy On top of that, i have general weakness Additionally, i have been having headaches On top of that, i am experiencing dizziness I also experience my body is sore Plus, i feel pain in my belly Also, i feel nauseous I also experience i have been vomiting",GENERAL MEDICINE
I am experiencing dyspnea abnormal lab values,HEMATOLOGY
"Patient with chief complaint of dehydration nausea rash, assessed for hypothyroidism unspecified",ENDOCRINOLOGY
"I have polycystic ovary syndrome Furthermore, my periods are not regular Plus, i have pregnancy-related problems Furthermore, i experience menstrual difficulties Additionally, i feel slight cramps during my period Additionally, i experience heavy menstrual bleeding Also, my menstrual flow is very light On top of that, i have a delayed period I also experience i have amenorrhea I also experience my vaginal area is very itchy Furthermore, i feel dry in the vaginal area Plus, my acne is hormone-related I also experience i have pain in my lower stomach area",GYNECOLOGY & OBSTETRICS
"Patient with chief complaint of status post arrest, assessed for acute kidney failure unspecified",NEPHROLOGY
I am experiencing cardiac arrest transfer,PULMONOLOGY
"I have cysts on my ovaries Also, i have irregular periods Additionally, i have problems with my pregnancy Furthermore, i experience menstrual difficulties On top of that, i have mild menstrual cramps Additionally, my periods are very heavy Also, my menstrual flow is very light I also experience my period has been delayed Furthermore, my period did not come this month Furthermore, i have persistent vaginal itching On top of that, my vaginal area lacks moisture On top of that, i have persistent acne from hormonal imbalance Furthermore, i feel pain in my lower abdomen",GYNECOLOGY & OBSTETRICS
"Patient with chief complaint of right leg pain right leg swelling, assessed for type 2 diabetes mellitus without complications",ENDOCRINOLOGY
"I have a high temperature On top of that, i have been coughing for days Also, i have fatigue Furthermore, i feel weak all over On top of that, i have a throbbing headache Plus, i feel lightheaded I also experience i have generalized body pain Furthermore, my stomach is hurting On top of that, i have an upset stomach with nausea On top of that, i have been throwing up",GENERAL MEDICINE
Patient presents with right foot infection,DERMATOLOGY
"I was diagnosed with PCOS Also, i have inconsistent menstrual cycles Plus, i am having pregnancy complications Furthermore, i have problems during menstruation Also, my period pain is mild Additionally, i have heavy periods Furthermore, my menstrual flow is very light On top of that, my period is late I also experience i have a missed period Also, i have vaginal itching Furthermore, i experience vaginal dryness Also, my acne is hormone-related I also experience i have pain in my lower stomach area",GYNECOLOGY & OBSTETRICS
Patient presents with l weakness unable to ambulate,NEUROLOGY
"my baby has a fever I also experience my baby is coughing On top of that, my child has cold symptoms I also experience my infant has throat pain Also, my baby has breathing difficulty Plus, my baby cannot keep milk down I also experience my infant has abdominal pain On top of that, my baby has a skin rash Furthermore, my baby had a seizure episode I also experience my infant is not drinking milk properly Furthermore, my infant cries uncontrollably I also experience my baby seems weak I also experience my baby refuses to eat Additionally, my child is not gaining weight properly On top of that, my infant has growth issues I also experience my baby is developing slowly Additionally, my baby has an ear infection I also experience my child looks jaundiced Plus, my infant shows signs of dehydration Also, my baby is wheezing",PEDIATRICS
"my baby feels very hot Also, my baby has a persistent cough On top of that, my child has cold symptoms Also, my child is complaining of throat pain Additionally, my child is struggling to breathe On top of that, my child has been throwing up I also experience my baby has a stomach ache I also experience my infant has a red rash On top of that, my baby had a seizure On top of that, my child refuses to eat Additionally, my baby cries excessively Additionally, my child is lethargic Additionally, my baby has lost appetite Plus, my baby is underweight Plus, my baby is smaller than expected On top of that, my baby is developing slowly Furthermore, my baby has an ear infection I also experience my child looks jaundiced Furthermore, my baby has dry mouth and no tears Additionally, my baby is wheezing",PEDIATRICS
"Patient with chief complaint of hemodialysis, assessed for chronic kidney disease unspecified",NEPHROLOGY
"I have been having headaches Furthermore, i feel lightheaded I also experience i experienced a seizure Plus, i feel numbness in my body I also experience i have pins and needles feeling Additionally, my muscles feel weak Furthermore, my body shakes involuntarily On top of that, my memory is getting worse Furthermore, i cannot think clearly Plus, i feel unsteady On top of that, i have difficulty walking I also experience i cannot speak clearly On top of that, my facial muscles feel weak I also experience i have lost consciousness I also experience i experience shooting nerve pain Furthermore, i experience muscle rigidity Plus, i have trouble with fine motor tasks I also experience i wake up frequently at night",NEUROLOGY
"I feel feverish Additionally, i am coughing a lot Additionally, i feel very tired Additionally, i feel drained and weak On top of that, i have been having headaches I also experience i feel lightheaded Furthermore, i have body pain On top of that, i have lower abdominal pain Plus, i feel queasy Plus, i have persistent vomiting",GENERAL MEDICINE
"Patient with chief complaint of hyperglycemia, assessed for hypertension nos",CARDIOLOGY
"my back hurts Additionally, i feel tingling and numb Additionally, i walk with difficulty I also experience my joints hurt Plus, i have a stiff neck Plus, i feel pain in my knee Plus, i have shoulder pain I also experience i feel pain in my hip Plus, i feel deep bone pain Furthermore, my muscles ache Also, i have inflamed swollen joints Plus, i have trouble moving my joints On top of that, i have limited range of motion Plus, i have a broken bone Additionally, i have progressive muscle weakness Additionally, i have persistent tingling Also, i have heel pain Also, i injured myself during exercise",ORTHOPEDICS
"I have migraine-like headaches Plus, the room feels like it is spinning Plus, i experienced a seizure I also experience i feel numbness in my body I also experience i have a tingling sensation all over Also, i cannot move my muscles properly Plus, my body shakes involuntarily Also, i have memory loss Furthermore, i feel confused On top of that, i feel unsteady Also, i have difficulty walking Additionally, i have difficulty with speech I also experience my facial muscles feel weak Also, i blacked out I also experience i have nerve pain Also, my muscles feel stiff I also experience i am clumsy Additionally, i cannot sleep well",NEUROLOGY
I am experiencing syncope,NEPHROLOGY
"I feel feverish On top of that, i have a dry cough Furthermore, i feel exhausted Also, i feel physically weak Furthermore, i have a throbbing headache Also, i feel lightheaded Plus, i have widespread body pain On top of that, my stomach is hurting I also experience i feel nauseous Furthermore, i have persistent vomiting",GENERAL MEDICINE
"I feel unsteady and dizzy Additionally, i have an upset stomach with nausea Plus, my chest hurts I also experience i have trouble catching my breath Plus, my heart skips beats Furthermore, my heartbeat is irregular On top of that, i have been diagnosed with high blood pressure Additionally, i feel like I am going to pass out Plus, my heart beats very fast Plus, i have a slow heartbeat I also experience i can barely stay awake Furthermore, my ankles and legs are puffy Furthermore, my chest feels constricted Plus, i have ankle edema Furthermore, i am sweating excessively Furthermore, my back hurts",CARDIOLOGY
"my baby has a fever I also experience my baby has a persistent cough Also, my infant has a cold Furthermore, my child is complaining of throat pain On top of that, my infant has breathing problems Furthermore, my infant is vomiting I also experience my child is crying from stomach pain On top of that, my infant has a red rash Additionally, my baby had a seizure Also, my child refuses to eat On top of that, my baby is inconsolable Furthermore, my infant appears weak and floppy I also experience my child is not eating I also experience my child is not gaining weight properly Additionally, my baby is smaller than expected Plus, my child is not meeting milestones I also experience my baby has ear pain Plus, my baby has yellow skin Additionally, my baby has dry mouth and no tears Furthermore, my baby wheezes when breathing",PEDIATRICS
Patient presents with etoh hallucinations,PSYCHIATRY
"I have cysts on my ovaries Plus, my menstrual cycle is irregular Plus, i am experiencing issues during pregnancy Plus, i have problems during menstruation On top of that, i have mild menstrual cramps Plus, i have heavy periods Furthermore, my menstrual flow is very light Also, i have a delayed period On top of that, i missed my period Furthermore, i feel itchy down there Furthermore, i have vaginal dryness Furthermore, my acne is hormone-related Plus, i have pain in my lower stomach area",GYNECOLOGY & OBSTETRICS
I am experiencing abdominal pain diarrhea vomiting,CARDIOLOGY
"Patient with chief complaint of lethargy shortness of breath, assessed for hypertension nos",CARDIOLOGY
Patient presents with chest pain dizziness,GENERAL MEDICINE
"I have cysts on my ovaries Furthermore, i have inconsistent menstrual cycles Also, i have pregnancy-related problems Furthermore, i experience menstrual difficulties On top of that, i have mild period pain I also experience i have heavy periods Also, i have scanty periods Plus, my menstruation is overdue On top of that, i have a missed period Also, i feel itchy down there Plus, i experience vaginal dryness Additionally, i have persistent acne from hormonal imbalance Furthermore, my lower belly hurts",GYNECOLOGY & OBSTETRICS
"I am running a fever Also, i have a persistent cough Additionally, i feel weak and tired Plus, i have general weakness Also, i have a throbbing headache Also, i feel dizzy On top of that, i have body pain I also experience i have abdominal cramps Also, i feel like I might throw up Plus, i vomited multiple times",GENERAL MEDICINE
"I feel unsteady and dizzy Additionally, i feel like I might throw up Additionally, i have pressure in my chest On top of that, i experience breathing difficulty Furthermore, i have heart palpitations Additionally, my heartbeat is irregular Plus, my BP readings are high I also experience i feel like I am going to pass out Furthermore, i have a rapid pulse Plus, i have a slow heartbeat Also, i feel utterly exhausted Plus, i have leg edema Also, my chest feels constricted Also, my ankles are swollen Plus, i have night sweats Also, i have lower back pain",CARDIOLOGY
"I feel hot and feverish Additionally, i am coughing a lot Additionally, i am constantly fatigued Additionally, i feel weak all over I also experience my head hurts Also, i feel unsteady and dizzy Additionally, i feel achy all over On top of that, my stomach is hurting Furthermore, i have an upset stomach with nausea I also experience i vomited multiple times",GENERAL MEDICINE
"Patient with chief complaint of abdominal pain, assessed for unspecified abdominal pain",GASTROENTEROLOGY
"I have a fever Also, i have a persistent cough Plus, i feel very tired Plus, i feel physically weak Plus, i have a severe headache Furthermore, i have vertigo-like dizziness On top of that, i have widespread body pain Also, i have abdominal cramps I also experience i am feeling sick to my stomach Furthermore, i cannot keep food down",GENERAL MEDICINE
"Patient with chief complaint of assault, assessed for assault nec",GENERAL MEDICINE
"Emergency presentation: b leg swelling, vitals show heart rate 105 bpm",ENDOCRINOLOGY
"I am experiencing dizziness I also experience i feel nauseous Furthermore, i feel a sharp pain in my chest Plus, i cannot breathe properly Plus, i feel my heart pounding I also experience i feel pulse irregularity Also, i have been diagnosed with high blood pressure I also experience i feel like I might faint Furthermore, i have tachycardia Plus, i have a slow heartbeat Additionally, i feel utterly exhausted I also experience my legs feel heavy and swollen On top of that, my chest feels tight I also experience i have ankle edema Also, i have night sweats Also, i have upper back pain",CARDIOLOGY
"Emergency presentation: nausea and vomiting hyperglycemia, vitals show heart rate 130 bpm",PULMONOLOGY
"I have migraine-like headaches Plus, i feel unsteady and dizzy Also, i had a seizure episode On top of that, i feel tingling and numb Additionally, i have a tingling sensation all over Also, i have progressive muscle weakness Furthermore, i have tremors I also experience i cannot remember recent events Plus, i feel confused I also experience i have trouble maintaining balance Furthermore, i have trouble walking Also, i cannot speak clearly I also experience my face droops Additionally, i have lost consciousness Furthermore, i have sharp nerve pain Also, my muscles are tight and stiff Plus, i have trouble with fine motor tasks Also, i have insomnia",NEUROLOGY
Patient presents with abdominal pain right sided abdominal pain,GASTROENTEROLOGY
"Emergency presentation: abdominal pain transfer, vitals show heart rate 106 bpm",NEPHROLOGY
Patient presents with diabetic ketoacidosis transfer,GENERAL MEDICINE
"Patient with chief complaint of altered mental status, assessed for long term current use of insulin",GENERAL MEDICINE
I am experiencing abdominal pain nausea and vomiting,GASTROENTEROLOGY
"Patient with chief complaint of r foot ulcer cellulitis, assessed for ulcer of other part of foot",GASTROENTEROLOGY
"Emergency presentation: tachycardia hypoxia, vitals show heart rate 157 bpm",CARDIOLOGY
"I have back pain I also experience i feel numbness in my body Furthermore, i cannot walk properly Furthermore, my joints are aching Plus, i have a stiff neck Furthermore, my knee is swollen and painful Also, my shoulder is very sore I also experience my hip is stiff and painful I also experience my bones feel sore I also experience my muscles ache Furthermore, my joints feel puffy and inflamed On top of that, my joints are stiff Also, i have restricted movement On top of that, i have a bone fracture On top of that, i have progressive muscle weakness Additionally, i experience unusual tingling I also experience my heel hurts when I walk Furthermore, i have a sports injury",ORTHOPEDICS
"my infant is feverish On top of that, my baby is coughing Plus, my baby is sneezing and has a runny nose Plus, my child is complaining of throat pain Additionally, my child is struggling to breathe Also, my baby cannot keep milk down Also, my baby has stomach pain I also experience my baby has a skin rash I also experience my baby had a seizure episode Additionally, my child refuses to eat Additionally, my baby cries excessively On top of that, my infant appears weak and floppy Plus, my infant has no appetite Additionally, my infant is too small Additionally, my baby has delayed growth Additionally, my baby has developmental delays Additionally, my baby has an ear infection Furthermore, my baby has yellow skin Also, my baby has dry mouth and no tears Also, my baby wheezes when breathing",PEDIATRICS
"Patient with chief complaint of left eye swelling redness, assessed for long term current use of insulin",GENERAL MEDICINE
"I was diagnosed with PCOS Also, my menstrual cycle is irregular On top of that, i have problems with my pregnancy Additionally, i have problems during menstruation Furthermore, i have mild menstrual cramps On top of that, i have menorrhagia Also, i have very light periods Also, i have a delayed period On top of that, i missed my period Plus, i feel itchy down there I also experience i feel dry in the vaginal area On top of that, i have hormonal acne Also, i have lower abdominal pain",GYNECOLOGY & OBSTETRICS
"my child has a high temperature Additionally, my baby is coughing On top of that, my baby is sneezing and has a runny nose I also experience my child is complaining of throat pain Plus, my baby is short of breath Plus, my baby is vomiting Also, my baby has a stomach ache Also, my baby's skin is irritated Furthermore, my infant had a fit Additionally, my child refuses to eat On top of that, my baby cries excessively I also experience my baby has low energy Furthermore, my child is not eating I also experience my baby is underweight Also, my infant has growth issues Also, my baby has developmental delays I also experience my child is pulling at their ear Plus, my child looks jaundiced Also, my child is not drinking enough fluids Also, my baby is wheezing",PEDIATRICS
"Patient with chief complaint of chest pain transfer, assessed for type 2 diabetes mellitus without complications",ENDOCRINOLOGY
"Patient with chief complaint of elevated inr, assessed for urin tract infection nos",NEPHROLOGY
"I have a severe headache Furthermore, i am experiencing dizziness Also, i have had seizures Also, i have numbness Also, i have a tingling sensation all over Plus, my muscles feel weak Furthermore, i have tremors Furthermore, my memory is getting worse Plus, i cannot think clearly Additionally, i have trouble maintaining balance I also experience i have difficulty walking On top of that, i have trouble speaking Also, one side of my face feels weak Additionally, i was unconscious for a period Furthermore, i experience shooting nerve pain Also, my muscles feel stiff Plus, i have poor coordination Furthermore, i wake up frequently at night",NEUROLOGY
"my back hurts On top of that, i feel numbness in my body I also experience i cannot walk properly Also, my joints are aching Also, i feel pain in my neck Plus, my knee hurts Also, my shoulder is very sore Additionally, my hip is stiff and painful Furthermore, my bones ache Furthermore, i have muscle pain Additionally, i have joint swelling On top of that, i feel stiff in my joints Plus, i have difficulty moving Plus, i fractured a bone Plus, i have progressive muscle weakness Plus, i experience unusual tingling Additionally, my heel feels painful On top of that, i have a sprain from sports",ORTHOPEDICS
"Patient with chief complaint of weakness abnormal labs, assessed for congestive heart failure unspec",CARDIOLOGY
"my baby feels very hot I also experience my infant is coughing a lot Plus, my child has cold symptoms Furthermore, my baby has a sore throat Also, my child is struggling to breathe Also, my baby is vomiting Also, my baby has stomach pain I also experience my baby's skin is irritated Additionally, my child is having convulsions Additionally, my infant is not drinking milk properly Furthermore, my infant cries uncontrollably Plus, my child is lethargic Also, my baby has lost appetite Also, my baby has low birth weight I also experience my child is not growing properly Additionally, my infant has delayed development Plus, my baby has ear pain I also experience my baby has yellow skin Also, my baby has dry mouth and no tears Additionally, my infant has wheezing",PEDIATRICS
"my baby feels very hot On top of that, my child has a cough Also, my child has cold symptoms Furthermore, my baby's throat is sore Additionally, my baby is short of breath On top of that, my infant is vomiting Also, my baby has stomach pain Plus, my infant has a red rash I also experience my infant had a fit Plus, my child refuses to eat Plus, my baby cries excessively On top of that, my child is lethargic On top of that, my child is not eating Additionally, my baby is underweight Plus, my baby is smaller than expected Furthermore, my baby is developing slowly On top of that, my baby has an ear infection Furthermore, my baby has yellow skin Furthermore, my baby has dry mouth and no tears Also, my infant has wheezing",PEDIATRICS
"I have upper back pain Furthermore, i feel numbness in my body Plus, i cannot walk properly Furthermore, my joints hurt Also, i have neck pain Also, my knee is swollen and painful Additionally, my shoulder is very sore I also experience i feel pain in my hip On top of that, my bones ache Also, i feel muscle soreness Also, i have joint swelling Furthermore, my joints are stiff Also, i cannot move my joint fully Furthermore, i have a bone fracture Additionally, i have progressive muscle weakness On top of that, i feel tingling throughout my body Additionally, my heel hurts when I walk Furthermore, i injured myself during exercise",ORTHOPEDICS
I am experiencing elevated inr,NEPHROLOGY
"my baby feels very hot Additionally, my baby has a persistent cough Furthermore, my infant has a cold Additionally, my baby's throat is sore Also, my infant has breathing problems Additionally, my infant is vomiting Furthermore, my baby has a stomach ache Furthermore, my baby's skin is irritated Furthermore, my child is having convulsions Also, my baby has poor appetite Plus, my child cries all the time On top of that, my infant appears weak and floppy Also, my baby refuses to eat Plus, my infant is too small Furthermore, my baby is smaller than expected Plus, my infant has delayed development Furthermore, my infant cries from ear pain Plus, my infant has jaundice Also, my baby is dehydrated Furthermore, my infant has wheezing",PEDIATRICS
"Patient with chief complaint of suicidal ideation, assessed for major depressive disorder single episode unspecified",PSYCHIATRY
"I am experiencing dizziness Additionally, i have nausea Plus, i have pressure in my chest Also, i am short of breath I also experience my heart is beating fast Furthermore, my pulse rate is inconsistent I also experience my BP readings are high Plus, i have been fainting I also experience i have a rapid pulse Plus, my heart beats slowly On top of that, i can barely stay awake Furthermore, my legs feel heavy and swollen Furthermore, i have pressure and tightness in my chest Furthermore, i have ankle edema Also, i have night sweats Also, my back is very sore",CARDIOLOGY
"Patient with chief complaint of car vs pole, assessed for bone fracture dorsal vertebra close",ORTHOPEDICS
Patient presents with lower extremity pain,ENDOCRINOLOGY
"the room feels like it is spinning I also experience i have an upset stomach with nausea Also, i have pressure in my chest On top of that, i experience breathing difficulty Also, my heart is beating fast Furthermore, i have an uneven heartbeat Plus, my blood pressure is elevated Also, i feel like I am going to pass out Plus, i have a rapid pulse Additionally, my heart rate is low Furthermore, i have debilitating fatigue Also, my legs feel heavy and swollen Furthermore, i have a tight feeling in my chest Additionally, my ankles are puffy Additionally, i have night sweats Furthermore, i have upper back pain",CARDIOLOGY
"Emergency presentation: abdominal pain, vitals show low oxygen saturation 90%, severe pain score 13 out of 10",GASTROENTEROLOGY
"Patient with chief complaint of facial droop, assessed for secondary malig neo bone",ORTHOPEDICS
"I have polycystic ovary syndrome Also, my periods are not regular On top of that, i have problems with my pregnancy I also experience i have problems during menstruation I also experience i feel slight cramps during my period Furthermore, i experience heavy menstrual bleeding Furthermore, i have very light periods Plus, i have a delayed period Additionally, i missed my period Also, i have persistent vaginal itching Additionally, i experience vaginal dryness I also experience i get acne due to hormones Additionally, i feel pain in my lower abdomen",GYNECOLOGY & OBSTETRICS
"I am experiencing dizziness Plus, i have nausea Plus, i have chest pain Also, i am short of breath Plus, i have heart palpitations Also, my heartbeat is irregular On top of that, my blood pressure is elevated Also, i have been fainting On top of that, i have a rapid pulse Also, i have a slow pulse rate Also, i am incredibly tired On top of that, my legs are swollen Also, i have a tight feeling in my chest I also experience my ankles are swollen I also experience i have night sweats I also experience i have lower back pain",CARDIOLOGY
"I have cysts on my ovaries Additionally, my periods are not regular Plus, i have pregnancy-related problems Plus, i have problems during menstruation I also experience i have mild period pain I also experience my periods are very heavy Plus, i have scanty periods Also, i have a delayed period Also, i have amenorrhea Additionally, i feel itchy down there On top of that, my vaginal area lacks moisture Additionally, i have persistent acne from hormonal imbalance Additionally, i have lower abdominal pain",GYNECOLOGY & OBSTETRICS
"I have polycystic ovary syndrome Additionally, i have irregular periods Additionally, i have problems with my pregnancy I also experience i have issues with my periods Furthermore, i have mild period pain Also, i have menorrhagia On top of that, i have scanty periods On top of that, my period is late I also experience i have amenorrhea Plus, my vaginal area is very itchy Additionally, i have vaginal dryness I also experience i get acne due to hormones Plus, i have lower abdominal pain",GYNECOLOGY & OBSTETRICS
"my child has a high temperature Furthermore, my child has a cough On top of that, my child has cold symptoms Also, my child is complaining of throat pain I also experience my baby has breathing difficulty Additionally, my baby is vomiting On top of that, my baby has a stomach ache On top of that, my baby's skin is irritated I also experience my child is having convulsions Additionally, my baby has poor appetite Also, my child cries all the time On top of that, my child is lethargic Also, my child is not eating Plus, my baby has low birth weight Also, my infant has growth issues Furthermore, my baby has developmental delays I also experience my infant cries from ear pain On top of that, my child looks jaundiced I also experience my baby has dry mouth and no tears Furthermore, my child has a wheezing sound when breathing",PEDIATRICS
"I have lower back pain Plus, i feel numbness in my body Furthermore, i walk with difficulty Furthermore, i feel pain in my joints Additionally, my neck is very painful Furthermore, my knee hurts Furthermore, i have a frozen shoulder I also experience my hip hurts Also, my bones ache On top of that, my muscles are painful Furthermore, my joints are swollen I also experience my joints feel rigid Also, i have restricted movement I also experience i fractured a bone Plus, i experience muscle fatigue and weakness On top of that, i have persistent tingling On top of that, my heel hurts when I walk Plus, i got injured while playing sports",ORTHOPEDICS
"Patient with chief complaint of abdominal distention abdominal pain lethagic, assessed for encephalopathy unspecified",NEUROLOGY
Patient presents with transfer status post fall,ORTHOPEDICS
"I am running a fever On top of that, i have a dry cough Plus, i feel very tired Additionally, my body feels weak Furthermore, my head hurts Also, i am experiencing dizziness Also, i have generalized body pain Plus, my abdomen hurts Furthermore, i feel like I might throw up On top of that, i have been vomiting",GENERAL MEDICINE
"I have lower back pain I also experience i feel tingling and numb Furthermore, i have difficulty walking Plus, i feel pain in my joints Also, i feel pain in my neck Also, my knee is swollen and painful Additionally, my shoulder is very sore On top of that, i have hip pain On top of that, i have persistent bone pain On top of that, my muscles are painful Also, i have inflamed swollen joints I also experience i feel stiff in my joints I also experience my movement is limited On top of that, i have a bone fracture Furthermore, my muscle strength is declining Additionally, i have a constant tingling sensation Plus, i have plantar fasciitis-like heel pain I also experience i have a sports injury",ORTHOPEDICS
"I have a throbbing headache On top of that, i feel dizzy Furthermore, i have convulsions Furthermore, parts of my body feel numb Additionally, i have pins and needles feeling On top of that, my muscles feel like they are failing Also, i have tremors Also, i cannot remember recent events Plus, i have mental confusion Additionally, i have poor balance and coordination Additionally, i have difficulty walking I also experience i cannot speak clearly Plus, one side of my face feels weak Additionally, i had a loss of consciousness Also, i have neuropathic pain Additionally, my muscles are tight and stiff I also experience i feel uncoordinated Plus, i have sleep problems",NEUROLOGY
"my back is very sore Also, i have numbness in my extremities Furthermore, i cannot walk properly I also experience my joints are aching Also, i feel pain in my neck I also experience i have difficulty with my knee Plus, i have a frozen shoulder On top of that, i have hip pain Additionally, i feel deep bone pain Additionally, i have muscle pain I also experience i have inflamed swollen joints Furthermore, i feel stiff in my joints On top of that, i cannot move my joint fully On top of that, i have a bone fracture Plus, i experience muscle fatigue and weakness Plus, i have a constant tingling sensation Additionally, my heel feels painful Furthermore, i injured myself during exercise",ORTHOPEDICS
"I have lower back pain On top of that, parts of my body feel numb Also, i have difficulty walking Plus, i feel pain in my joints Also, i have a stiff neck I also experience i have difficulty with my knee Additionally, i have a frozen shoulder Also, my hip is stiff and painful On top of that, i have persistent bone pain Furthermore, my muscles ache Additionally, i have inflamed swollen joints I also experience i feel stiff in my joints Furthermore, my movement is limited Additionally, i have a bone fracture Plus, my muscles are getting weaker On top of that, i have persistent tingling Also, my heel hurts when I walk Additionally, i got injured while playing sports",ORTHOPEDICS
"the room feels like it is spinning On top of that, i have nausea Furthermore, my chest hurts Additionally, i cannot breathe properly Plus, my heart skips beats I also experience i feel pulse irregularity I also experience i have hypertension Additionally, i have episodes of fainting Additionally, i have tachycardia On top of that, my heart beats slowly Additionally, i am incredibly tired I also experience my legs feel heavy and swollen Also, my chest feels tight Additionally, my ankles feel swollen and painful I also experience i have excessive sweating I also experience i have back pain",CARDIOLOGY
Patient presents with abdominal pain,GASTROENTEROLOGY
"I have a severe headache I also experience the room feels like it is spinning On top of that, i have had seizures On top of that, i feel tingling and numb Also, i have tingling sensations Also, my muscles feel like they are failing Additionally, i experience involuntary shaking Plus, i keep forgetting things Additionally, i feel muddled and confused On top of that, i have balance problems Furthermore, i struggle to walk Also, my speech is slurred Additionally, one side of my face feels weak I also experience i was unconscious for a period Also, i have neuropathic pain Furthermore, i experience muscle rigidity Plus, i have poor coordination Additionally, i have trouble falling asleep",NEUROLOGY
"I was diagnosed with PCOS I also experience i have irregular periods I also experience i have pregnancy-related problems Furthermore, i have issues with my periods Plus, i have mild period pain I also experience i experience heavy menstrual bleeding Also, i have scanty periods Also, my period has been delayed On top of that, my period did not come this month Plus, i have vaginal itching Furthermore, i have vaginal dryness Furthermore, my acne is hormone-related On top of that, i have lower abdominal pain",GYNECOLOGY & OBSTETRICS
"I have a fever I also experience i keep coughing On top of that, i have no energy Furthermore, i lack strength I also experience i have migraine-like headaches Furthermore, i am experiencing dizziness On top of that, i feel achy all over Also, my stomach is hurting I also experience i am feeling sick to my stomach Furthermore, i vomited multiple times",GENERAL MEDICINE
"I feel hot and feverish Furthermore, i have a dry cough Furthermore, i feel weak and tired On top of that, i feel physically weak Additionally, i have been having headaches On top of that, i am experiencing dizziness On top of that, i have generalized body pain I also experience my stomach is hurting Furthermore, i feel like I might throw up I also experience i vomited multiple times",GENERAL MEDICINE
"Emergency presentation: etoh hypoglycemia, vitals show severe pain score 13 out of 10",GENERAL MEDICINE
"Emergency presentation: bright red blood per rectum, vitals show tachypnea respiratory rate 22",NEUROLOGY
"Emergency presentation: nausea vomiting and diarrhea abdominal pain, vitals show elevated temperature 99.4F, heart rate 105 bpm, severe pain score 10 out of 10",GENERAL MEDICINE
"I feel hot and feverish Plus, i have a persistent cough On top of that, i have fatigue On top of that, i feel drained and weak Plus, i have a throbbing headache Furthermore, the room feels like it is spinning On top of that, my body is sore Furthermore, my stomach is hurting Additionally, i have nausea I also experience i have persistent vomiting",GENERAL MEDICINE
"Emergency presentation: right sided abdominal pain, vitals show severe pain score 10 out of 10",GASTROENTEROLOGY
"the room feels like it is spinning Furthermore, i have nausea On top of that, i feel a sharp pain in my chest Furthermore, i have difficulty breathing Plus, i feel my heart pounding Also, i have an irregular pulse Furthermore, i have been diagnosed with high blood pressure I also experience i have been fainting I also experience i have a rapid pulse I also experience i have a slow heartbeat On top of that, i can barely stay awake Also, my legs are swollen I also experience i feel chest tightness Additionally, my ankles are puffy Plus, i am drenched in sweat Additionally, i have back pain",CARDIOLOGY
"Emergency presentation: dyspnea hypoxia, vitals show tachypnea respiratory rate 23, low oxygen saturation 78%",PULMONOLOGY
"I have upper back pain Plus, i feel numbness in my body Plus, i struggle to walk I also experience i feel pain in my joints I also experience my neck hurts Plus, my knee hurts I also experience my shoulder is very sore Furthermore, my hip is stiff and painful Furthermore, my bones feel sore Additionally, i feel muscle soreness Additionally, my joints feel puffy and inflamed I also experience i have joint stiffness On top of that, i cannot move my joint fully Furthermore, i fractured a bone Plus, my muscle strength is declining Furthermore, i have persistent tingling On top of that, i have heel pain On top of that, i have a sprain from sports",ORTHOPEDICS
"Patient with chief complaint of insomnia, assessed for schizoaffective unspec",PSYCHIATRY
"Dry, scaly patches on my skin that itch constantly and flake off.",DERMATOLOGY
I am experiencing b leg swelling,ENDOCRINOLOGY
"Patient with chief complaint of abdominal distention abdominal pain lethagic, assessed for altered mental status",GENERAL MEDICINE
"I have PCOS Also, i have irregular periods Furthermore, i am experiencing issues during pregnancy Additionally, i have problems during menstruation Also, i have mild period pain Additionally, my periods are very heavy Also, my periods are barely there Furthermore, my period is late Furthermore, my period did not come this month Also, i have persistent vaginal itching I also experience i experience vaginal dryness I also experience i get acne due to hormones Plus, i have lower abdominal pain",GYNECOLOGY & OBSTETRICS
"I have upper back pain Plus, i feel numbness in my body Furthermore, i have trouble walking Furthermore, my joints hurt Plus, my neck hurts Furthermore, i have knee pain Also, i have shoulder pain Also, i have hip pain I also experience my bones ache Additionally, i have muscle cramps and pain Also, my joints are swollen Plus, i have joint stiffness I also experience i have difficulty moving Additionally, i fractured a bone Additionally, my muscles are getting weaker Plus, i experience unusual tingling Also, i have plantar fasciitis-like heel pain I also experience i have a sprain from sports",ORTHOPEDICS
"my back is very sore Additionally, i have numbness in my extremities Additionally, i have difficulty walking Also, my joints are aching Plus, i feel pain in my neck I also experience my knee is swollen and painful Furthermore, my shoulder is very sore I also experience i have hip pain Additionally, my bones feel sore Also, my muscles are painful Also, i have inflamed swollen joints Furthermore, my joints are stiff Also, i cannot move my joint fully Additionally, i have a stress fracture Additionally, i experience muscle fatigue and weakness I also experience i have persistent tingling Plus, i have pain in my heel Additionally, i got injured while playing sports",ORTHOPEDICS
"I have cysts on my ovaries Also, my periods are not regular Additionally, i am experiencing issues during pregnancy I also experience i experience menstrual difficulties I also experience i feel slight cramps during my period I also experience i experience heavy menstrual bleeding I also experience i have scanty periods Plus, i have a delayed period I also experience my period did not come this month Furthermore, i feel itchy down there Also, my vaginal area lacks moisture Furthermore, my acne is hormone-related Additionally, my lower belly hurts",GYNECOLOGY & OBSTETRICS
"I have lower back pain Plus, i have numbness Furthermore, i cannot walk properly Furthermore, i have painful joints On top of that, i feel pain in my neck Furthermore, my knee hurts On top of that, i have a frozen shoulder Additionally, i have hip joint pain Furthermore, i have bone pain Plus, i feel muscle soreness I also experience i have swollen joints Also, i feel stiff in my joints Also, i have restricted movement I also experience i have a broken bone Furthermore, my muscle strength is declining I also experience i have a constant tingling sensation Additionally, my heel feels painful Additionally, i got injured while playing sports",ORTHOPEDICS
"the room feels like it is spinning Additionally, i feel like I might throw up Additionally, i feel a sharp pain in my chest Also, i have difficulty breathing Also, i have heart palpitations Furthermore, i feel pulse irregularity Plus, i have hypertension Additionally, i have episodes of fainting I also experience my heart rate is elevated Furthermore, i have a slow pulse rate Furthermore, i am incredibly tired Additionally, my legs feel heavy and swollen Additionally, i have a tight feeling in my chest Plus, i have swollen ankles On top of that, i have excessive sweating Also, my back hurts",CARDIOLOGY
"Patient with chief complaint of psychiatric hold, assessed for dehydration",ENDOCRINOLOGY
"Patient with chief complaint of depression anxiety, assessed for major depressive disorder single episode unspecified",PSYCHIATRY
"I feel hot and feverish Additionally, i have been coughing for days Additionally, i have fatigue I also experience i have general weakness Furthermore, i have been having headaches Furthermore, i have vertigo-like dizziness Additionally, i have body pain Additionally, i feel pain in my belly Also, i feel nauseous On top of that, i have been throwing up",GENERAL MEDICINE
"Patient with chief complaint of motor vehicle collision intubated trauma, assessed for alcohol abuse with intoxication unspecified",PSYCHIATRY
"Patient with chief complaint of fever neutropenia, assessed for fever unspecified",GENERAL MEDICINE
"Patient with chief complaint of abdominal pain diarrhea vomiting, assessed for portal vein thrombosis",CARDIOLOGY
"Patient with chief complaint of right leg pain right leg swelling, assessed for essential primary hypertension",CARDIOLOGY
I am experiencing leg pain wound evaluation,GENERAL MEDICINE
"I have PCOS I also experience my periods are not regular I also experience i have problems with my pregnancy Plus, i have issues with my periods Also, i feel slight cramps during my period Plus, i experience heavy menstrual bleeding On top of that, my periods are barely there Plus, i have a delayed period Furthermore, my period did not come this month I also experience i feel itchy down there On top of that, i experience vaginal dryness On top of that, i get acne due to hormones Also, i have pain in my lower stomach area",GYNECOLOGY & OBSTETRICS
"Patient with chief complaint of wound evaluation, assessed for oth surgical procedures cause abn react compl without misadvnt",GENERAL MEDICINE
"I feel unsteady and dizzy Additionally, i have an upset stomach with nausea Plus, i feel a sharp pain in my chest Furthermore, i cannot breathe properly On top of that, i have irregular heartbeats On top of that, i feel pulse irregularity Additionally, i have hypertension Furthermore, i fainted recently Plus, i have tachycardia Also, i have a slow heartbeat On top of that, i feel utterly exhausted Also, my legs feel heavy and swollen Also, my chest feels constricted Also, i have ankle edema I also experience i have excessive sweating Also, my back is very sore",CARDIOLOGY
"Patient with chief complaint of chest pain nausea and vomiting, assessed for chest pain unspecified",GENERAL MEDICINE
"my back is very sore Plus, parts of my body feel numb Plus, i have difficulty walking Plus, i feel pain in my joints On top of that, i feel pain in my neck Furthermore, i have difficulty with my knee Additionally, my shoulder hurts I also experience i have hip pain Plus, my bones feel sore Plus, my muscles ache Plus, my joints are swollen Furthermore, my joints feel rigid Plus, i cannot move my joint fully Also, i fractured a bone Additionally, my muscle strength is declining Additionally, i have persistent tingling Also, my heel feels painful Furthermore, i have a sports injury",ORTHOPEDICS
Patient presents with presyncope weakness,CARDIOLOGY
"Patient with chief complaint of transfer abnormal ekg, assessed for non st elevation nstemi myocardial infarction",CARDIOLOGY
"Patient with chief complaint of cough dyspnea, assessed for unspecified combined systolic and diastolic congestive hrt fail",CARDIOLOGY
"my child has a high temperature Additionally, my baby has a persistent cough I also experience my baby is sneezing and has a runny nose Plus, my baby's throat is sore Also, my child is struggling to breathe Plus, my baby cannot keep milk down Also, my infant has abdominal pain Additionally, my child has a rash on their body Additionally, my baby had a seizure episode I also experience my baby has poor appetite Furthermore, my infant cries uncontrollably Additionally, my baby seems weak Also, my baby has lost appetite Additionally, my child is not gaining weight properly Plus, my baby has delayed growth Furthermore, my baby is developing slowly Plus, my child is pulling at their ear I also experience my baby's skin is turning yellow I also experience my child is not drinking enough fluids On top of that, my baby wheezes when breathing",PEDIATRICS
"I feel feverish I also experience i have a wet cough Also, i feel weak and tired I also experience my body feels weak Plus, i have a throbbing headache Furthermore, i feel dizzy Additionally, my whole body aches I also experience i feel pain in my belly Also, i feel like I might throw up Furthermore, i have been vomiting",GENERAL MEDICINE
"Patient with chief complaint of wound evaluation transfer, assessed for other post op infection",ORTHOPEDICS
"Patient with chief complaint of dyspnea on exertion, assessed for hypercholesterolemia",ENDOCRINOLOGY
"I have polycystic ovary syndrome Plus, i have irregular periods I also experience i have pregnancy-related problems On top of that, i have menstrual problems Additionally, my period pain is mild Also, i have menorrhagia Also, my menstrual flow is very light Additionally, my period is late Furthermore, i have a missed period On top of that, my vaginal area is very itchy Also, i have vaginal dryness Additionally, i have persistent acne from hormonal imbalance Furthermore, my lower belly hurts",GYNECOLOGY & OBSTETRICS
"I have a fever I also experience i am coughing a lot Plus, i feel very tired Plus, i feel physically weak I also experience my head hurts On top of that, the room feels like it is spinning On top of that, my whole body aches Also, i feel pain in my belly On top of that, i have an upset stomach with nausea Additionally, i vomited multiple times",GENERAL MEDICINE
"I have lower back pain Additionally, i feel tingling and numb Plus, i walk with difficulty On top of that, my joints hurt Plus, i have a stiff neck Plus, my knee hurts Additionally, i have shoulder pain Furthermore, i have hip pain Furthermore, i have persistent bone pain On top of that, i have muscle cramps and pain Additionally, i have joint swelling I also experience i have trouble moving my joints Plus, i have restricted movement On top of that, i fractured a bone Also, i have progressive muscle weakness On top of that, i feel tingling throughout my body On top of that, i have heel pain Furthermore, i have a sprain from sports",ORTHOPEDICS
I am experiencing r foot pain,ENDOCRINOLOGY
"the room feels like it is spinning Plus, i am feeling sick to my stomach On top of that, i have intermittent chest pain Also, i feel breathless Plus, i feel my heart racing I also experience my pulse rate is inconsistent Plus, i have high blood pressure I also experience i feel like I am going to pass out Plus, i have a fast heartbeat Additionally, my heart beats slowly On top of that, i have debilitating fatigue Plus, my legs feel heavy and swollen Additionally, i have pressure and tightness in my chest On top of that, i have swollen ankles Additionally, i have night sweats Also, i have back pain",CARDIOLOGY
"Patient with chief complaint of abdominal pain dysuria, assessed for fever unspecified",GENERAL MEDICINE
Patient presents with syncope,NEPHROLOGY
"I feel lightheaded Furthermore, i have nausea Plus, i have intermittent chest pain Furthermore, i have difficulty breathing Furthermore, my heart is beating fast Additionally, my heartbeat is irregular On top of that, my blood pressure is elevated Furthermore, i fainted recently Plus, i have a fast heartbeat Additionally, i have a slow heartbeat Additionally, i can barely stay awake Also, my legs feel heavy and swollen Furthermore, i have pressure and tightness in my chest Plus, my ankles are swollen Furthermore, i have excessive sweating Plus, my back is very sore",CARDIOLOGY
"my infant is feverish Additionally, my child has a cough Additionally, my baby is sneezing and has a runny nose Furthermore, my baby's throat is sore I also experience my infant has breathing problems Furthermore, my infant is vomiting Additionally, my child is crying from stomach pain Furthermore, my baby has a skin rash I also experience my baby had a seizure Additionally, my child refuses to eat On top of that, my baby is inconsolable Also, my baby seems weak Also, my child is not eating Furthermore, my baby has low birth weight Additionally, my child is not growing properly On top of that, my child is not meeting milestones I also experience my infant cries from ear pain On top of that, my child looks jaundiced Plus, my child is not drinking enough fluids I also experience my baby is wheezing",PEDIATRICS
"I feel dizzy I also experience i feel queasy Also, i feel a sharp pain in my chest Plus, i cannot breathe properly On top of that, my heart skips beats Plus, my heartbeat is irregular Also, my blood pressure is elevated Furthermore, i have been fainting Also, i have tachycardia Also, my heart beats slowly I also experience i have extreme fatigue Additionally, my legs feel heavy and swollen Plus, i have a tight feeling in my chest Additionally, my ankles feel swollen and painful Furthermore, i am drenched in sweat Plus, my back hurts",CARDIOLOGY
"I have been having headaches Additionally, i feel lightheaded Furthermore, i had a seizure episode Furthermore, i feel numbness in my body Furthermore, i feel tingling in my hands On top of that, i cannot move my muscles properly I also experience i have a tremor in my hands Furthermore, i have memory loss I also experience i have mental confusion On top of that, i feel unsteady Furthermore, i have trouble walking Plus, i have difficulty with speech Furthermore, my face droops Plus, i have lost consciousness Also, i have neuropathic pain Additionally, i have muscle stiffness Additionally, i have trouble with fine motor tasks Plus, i have trouble falling asleep",NEUROLOGY
"Patient with chief complaint of anemia, assessed for infarction of spleen",HEMATOLOGY
"Emergency presentation: shortness of breath abnl labs, vitals show elevated temperature 99.2F, heart rate 130 bpm, tachypnea respiratory rate 32, low oxygen saturation 94%",PULMONOLOGY
"I have a high temperature On top of that, i have a persistent cough On top of that, i feel very tired Plus, my body feels weak I also experience i have persistent head pain Plus, i am experiencing dizziness On top of that, i feel achy all over On top of that, i feel pain in my belly Additionally, i feel like I might throw up I also experience i have persistent vomiting",GENERAL MEDICINE
"I have cysts on my ovaries Plus, my menstrual cycle is irregular Plus, i am having pregnancy complications Furthermore, i have menstrual problems Plus, i have mild menstrual cramps On top of that, i have menorrhagia Furthermore, i have very light periods I also experience my period has been delayed I also experience my period did not come this month Also, i feel itchy down there Also, my vaginal area lacks moisture Also, i have hormonal acne Also, i have pain in my lower stomach area",GYNECOLOGY & OBSTETRICS
"my child has a high temperature Furthermore, my child has a cough I also experience my child has cold symptoms I also experience my child is complaining of throat pain I also experience my child is struggling to breathe Also, my child has been throwing up On top of that, my baby has stomach pain On top of that, my child has a rash on their body Also, my baby had a seizure On top of that, my child refuses to eat I also experience my baby is inconsolable I also experience my infant appears weak and floppy Furthermore, my baby has lost appetite Also, my child is not gaining weight properly I also experience my child is not growing properly I also experience my baby has developmental delays Additionally, my child is pulling at their ear I also experience my baby has yellow skin Plus, my child is not drinking enough fluids Plus, my child has a wheezing sound when breathing",PEDIATRICS
"my baby feels very hot Furthermore, my baby has a persistent cough Plus, my baby is sneezing and has a runny nose I also experience my infant has throat pain Furthermore, my infant has breathing problems Additionally, my child has been throwing up Plus, my baby has a stomach ache Furthermore, my baby's skin is irritated I also experience my baby had a seizure episode Furthermore, my baby has poor appetite Also, my child cries all the time Plus, my baby has low energy On top of that, my baby refuses to eat On top of that, my baby is underweight On top of that, my baby is smaller than expected Plus, my baby has developmental delays Additionally, my infant cries from ear pain Additionally, my child looks jaundiced Additionally, my child is not drinking enough fluids Also, my baby wheezes when breathing",PEDIATRICS
"my infant is feverish Plus, my child has a cough Furthermore, my infant has a cold I also experience my baby's throat is sore Plus, my child is struggling to breathe Additionally, my child has been throwing up Also, my child is crying from stomach pain Plus, my infant has a red rash Furthermore, my infant had a fit I also experience my infant is not drinking milk properly Furthermore, my baby cries excessively Plus, my child is lethargic On top of that, my infant has no appetite Also, my infant is too small Also, my baby has delayed growth Additionally, my child is not meeting milestones Additionally, my infant cries from ear pain Furthermore, my baby has yellow skin Plus, my baby has dry mouth and no tears Furthermore, my baby wheezes when breathing",PEDIATRICS
"Patient with chief complaint of rectal pain, assessed for rectal anal hemorrhage",NEUROLOGY
Patient presents with transfer cva,GENERAL MEDICINE
"Emergency presentation: dizziness weakness, vitals show severe pain score 8 out of 10",ENDOCRINOLOGY
"I have a throbbing headache Additionally, i feel dizzy On top of that, i have epilepsy-like seizures On top of that, i feel tingling and numb Furthermore, i have tingling sensations Furthermore, my muscles feel weak Plus, my hands are shaking I also experience i keep forgetting things Additionally, i feel muddled and confused I also experience i have balance problems Additionally, i cannot walk properly Additionally, i have speech problems Plus, one side of my face feels weak Additionally, i fainted and lost consciousness On top of that, i feel burning nerve pain On top of that, i have muscle stiffness Additionally, i have poor coordination Furthermore, i wake up frequently at night",NEUROLOGY
"Intense sore throat, difficulty swallowing, tonsil pain, and swollen neck glands.",ENT
"I have a chronic dry cough, wheezing when I breathe, and chest tightness.",PULMONOLOGY
"I have upper back pain I also experience i feel numbness in my body On top of that, i cannot walk properly Additionally, i have painful joints Furthermore, i have neck pain Also, i have knee pain Also, i feel pain in my shoulder Furthermore, i have hip pain Furthermore, i have persistent bone pain Plus, i have muscle pain Furthermore, i have swollen joints I also experience my joints feel rigid Furthermore, i have limited range of motion Additionally, i have a stress fracture I also experience my muscle strength is declining Additionally, i have a constant tingling sensation Also, my heel hurts when I walk On top of that, i have a sports injury",ORTHOPEDICS
"I was diagnosed with PCOS Furthermore, my menstrual cycle is irregular On top of that, i have pregnancy-related problems Furthermore, i have menstrual problems Plus, my period pain is mild On top of that, i experience heavy menstrual bleeding On top of that, i have very light periods On top of that, my period is late Also, my period did not come this month On top of that, my vaginal area is very itchy I also experience my vaginal area lacks moisture On top of that, i have hormonal acne Additionally, my lower belly hurts",GYNECOLOGY & OBSTETRICS
"my head hurts Additionally, i feel lightheaded Also, i had a seizure episode Plus, i have numbness in my extremities Plus, i feel tingling in my hands Furthermore, i have muscle weakness Also, i have a tremor in my hands Additionally, i cannot remember recent events Furthermore, i cannot think clearly Furthermore, i have balance problems I also experience i walk with difficulty On top of that, i have trouble speaking Furthermore, one side of my face feels weak Also, i was unconscious for a period Additionally, i have neuropathic pain Furthermore, i have muscle stiffness Also, i have poor coordination Plus, i have trouble falling asleep",NEUROLOGY
"Emergency presentation: l eye pain, vitals show severe pain score 7 out of 10",OPHTHALMOLOGY
"Patient with chief complaint of hematuria, assessed for hematuria unspecified",UROLOGY
"my baby feels very hot On top of that, my baby is coughing Also, my child has cold symptoms I also experience my infant has throat pain On top of that, my infant has breathing problems On top of that, my baby is vomiting I also experience my child is crying from stomach pain On top of that, my child has a rash on their body Furthermore, my infant had a fit Plus, my baby is not feeding well Furthermore, my baby cries excessively I also experience my baby seems weak I also experience my infant has no appetite Additionally, my baby is underweight Furthermore, my child is not growing properly I also experience my infant has delayed development Furthermore, my baby has ear pain Additionally, my baby's skin is turning yellow Additionally, my child is not drinking enough fluids Additionally, my child has a wheezing sound when breathing",PEDIATRICS
"Patient with chief complaint of lower back pain status post fall, assessed for essential primary hypertension",CARDIOLOGY
"Patient with chief complaint of altered mental status, assessed for other fatigue",GENERAL MEDICINE
"I have a high temperature Furthermore, i keep coughing Also, i feel exhausted Plus, i lack strength On top of that, my head hurts On top of that, i have vertigo-like dizziness Also, i have generalized body pain Plus, i have stomach pain On top of that, i have an upset stomach with nausea I also experience i have been throwing up",GENERAL MEDICINE
"I feel feverish Additionally, i have a wet cough On top of that, i feel exhausted Plus, i feel physically weak Also, my head hurts On top of that, i feel dizzy I also experience my body is sore On top of that, my abdomen hurts Additionally, i feel queasy I also experience i cannot keep food down",GENERAL MEDICINE
"my baby feels very hot On top of that, my infant is coughing a lot Also, my baby is sneezing and has a runny nose Plus, my baby has a sore throat Furthermore, my baby has breathing difficulty I also experience my child has been throwing up Additionally, my baby has a stomach ache Also, my baby's skin is irritated Additionally, my baby had a seizure episode I also experience my baby is not feeding well Furthermore, my child cries all the time Also, my baby seems weak Also, my child is not eating Also, my baby is underweight Additionally, my baby is smaller than expected Also, my infant has delayed development On top of that, my baby has an ear infection Furthermore, my child looks jaundiced On top of that, my infant shows signs of dehydration I also experience my baby wheezes when breathing",PEDIATRICS
"I feel lightheaded On top of that, i have an upset stomach with nausea Additionally, i have intermittent chest pain I also experience i have difficulty breathing Additionally, i have heart palpitations Additionally, my pulse rate is inconsistent Plus, i have high blood pressure On top of that, i have been fainting Also, my heart beats very fast Furthermore, my heart rate is low I also experience i feel utterly exhausted On top of that, my legs are swollen Plus, i feel chest tightness Additionally, i have swollen ankles I also experience i sweat a lot Furthermore, i have back pain",CARDIOLOGY
"I have a severe headache On top of that, i feel dizzy I also experience i had a seizure episode On top of that, i feel tingling and numb On top of that, i have tingling sensations Also, my muscles feel like they are failing I also experience i have a tremor in my hands Additionally, i keep forgetting things Also, i feel confused Additionally, i feel unsteady Also, i have difficulty walking Furthermore, i have difficulty with speech Furthermore, i have facial paralysis Also, i had a loss of consciousness Plus, i experience shooting nerve pain Furthermore, i have rigid muscles Also, i cannot coordinate my movements well Furthermore, i cannot sleep well",NEUROLOGY
"my body temperature is high Also, i have a persistent cough Additionally, i have no energy On top of that, i feel weak all over I also experience my head hurts I also experience i have vertigo-like dizziness Plus, i have body pain Plus, my stomach is hurting Plus, i have an upset stomach with nausea Additionally, i vomited multiple times",GENERAL MEDICINE
"Patient with chief complaint of transfer motor vehicle collision, assessed for bone fracture lumbar vertebra close",ORTHOPEDICS
I am experiencing chest pain dizziness,GENERAL MEDICINE
"my infant is feverish Also, my infant is coughing a lot Furthermore, my baby has a cold On top of that, my child is complaining of throat pain Additionally, my baby has breathing difficulty Furthermore, my infant is vomiting Furthermore, my baby has stomach pain Also, my infant has a red rash Furthermore, my child is having convulsions Also, my baby is not feeding well Furthermore, my baby cries excessively Additionally, my child is lethargic On top of that, my baby refuses to eat Additionally, my baby has low birth weight Also, my child is not growing properly Plus, my baby is developing slowly On top of that, my baby has ear pain Also, my child looks jaundiced Furthermore, my child is not drinking enough fluids Additionally, my baby is wheezing",PEDIATRICS
"Extreme mood swings between high energy and deep depression, intrusive thoughts.",PSYCHIATRY
I am experiencing dyspnea transfer,PULMONOLOGY
"I feel hot and feverish On top of that, i have a wet cough Furthermore, i feel very tired Plus, i feel weak all over Furthermore, i have persistent head pain Also, i feel unsteady and dizzy Plus, i feel achy all over On top of that, i have stomach pain On top of that, i feel nauseous I also experience i cannot keep food down",GENERAL MEDICINE
"Persistent acne breakouts on my face, painful pimples, and skin redness.",DERMATOLOGY
"Patient with chief complaint of diarrhea fever, assessed for hypertension nos",CARDIOLOGY
Patient presents with headache sah transfer,CARDIOLOGY
"I have a throbbing headache Plus, the room feels like it is spinning On top of that, i have epilepsy-like seizures Also, parts of my body feel numb Furthermore, i have pins and needles feeling Additionally, i cannot move my muscles properly Also, i have a tremor in my hands Also, i have memory problems Also, i have mental confusion Furthermore, i feel like I might fall Also, i cannot walk properly Plus, my speech is slurred Additionally, i have facial weakness Furthermore, i blacked out Additionally, i have nerve pain On top of that, i have rigid muscles Furthermore, i feel uncoordinated Furthermore, i wake up frequently at night",NEUROLOGY
"I am running a fever Also, i keep coughing On top of that, i am constantly fatigued Furthermore, i feel drained and weak Plus, i have migraine-like headaches Furthermore, i have vertigo-like dizziness On top of that, i have widespread body pain Also, my abdomen hurts On top of that, i feel like I might throw up Furthermore, i have been throwing up",GENERAL MEDICINE
"I have lower back pain Also, i have numbness in my extremities Also, i cannot walk properly Also, my joints are aching Furthermore, i feel pain in my neck I also experience my knee is swollen and painful Additionally, i have shoulder pain I also experience my hip is stiff and painful I also experience my bones feel sore On top of that, i feel muscle soreness I also experience i have swollen joints On top of that, i have trouble moving my joints Furthermore, i have limited range of motion I also experience i fractured a bone Additionally, my muscles are getting weaker Furthermore, i have persistent tingling On top of that, my heel hurts when I walk On top of that, i have a sprain from sports",ORTHOPEDICS
"I feel unsteady and dizzy I also experience i have an upset stomach with nausea Furthermore, i have pressure in my chest Also, i feel breathless Furthermore, my heart skips beats Also, i have an irregular pulse Plus, my BP readings are high On top of that, i have been fainting Additionally, my heart rate is elevated Plus, i have a slow pulse rate Plus, i have extreme fatigue Additionally, my ankles and legs are puffy Furthermore, i feel chest tightness Additionally, i have ankle edema Also, i am drenched in sweat Also, my back hurts",CARDIOLOGY
"I have back pain Plus, i have numbness Also, i have trouble walking Additionally, i feel pain in my joints I also experience my neck is very painful On top of that, i have knee pain I also experience i have shoulder pain On top of that, i have hip joint pain Plus, i feel deep bone pain Additionally, i feel muscle soreness Additionally, my joints are swollen Also, i have joint stiffness Also, my movement is limited Additionally, my bone is broken On top of that, i experience muscle fatigue and weakness Also, i have a constant tingling sensation I also experience i have plantar fasciitis-like heel pain Plus, i injured myself during exercise",ORTHOPEDICS
"I have polycystic ovary syndrome Also, my periods are not regular Plus, i have pregnancy-related problems Furthermore, i have issues with my periods Additionally, my period pain is mild Plus, my periods are very heavy On top of that, i have scanty periods Plus, my period has been delayed Plus, i missed my period Furthermore, my vaginal area is very itchy Plus, i experience vaginal dryness Furthermore, i get acne due to hormones I also experience my lower belly hurts",GYNECOLOGY & OBSTETRICS
I am experiencing epigastric pain,RHEUMATOLOGY
"I have a high temperature Also, i am coughing a lot Plus, i feel weak and tired I also experience i feel physically weak I also experience i have been having headaches Plus, i am experiencing dizziness Plus, i have generalized body pain Additionally, i have lower abdominal pain I also experience i am feeling sick to my stomach Additionally, i have been throwing up",GENERAL MEDICINE
Patient presents with nausea vomiting and diarrhea abdominal pain,GENERAL MEDICINE
Patient presents with eye evaluation,ENDOCRINOLOGY
"I am experiencing dizziness Additionally, i feel queasy Plus, i have intermittent chest pain Additionally, i am short of breath I also experience my heart skips beats I also experience my pulse rate is inconsistent I also experience i have hypertension Additionally, i feel like I might faint On top of that, i have tachycardia I also experience my heart rate is low On top of that, i have debilitating fatigue On top of that, i have swelling in my legs Additionally, i have pressure and tightness in my chest Additionally, my ankles are swollen Plus, i sweat a lot On top of that, i have back pain",CARDIOLOGY
Patient presents with hypertension,CARDIOLOGY
"Patient with chief complaint of aortic disection, assessed for abn cardiovasc study nec",GENERAL MEDICINE
"I am experiencing dizziness On top of that, i feel like I might throw up Furthermore, i have chest pain On top of that, i feel breathless I also experience i have irregular heartbeats I also experience i have an irregular pulse I also experience i have high blood pressure I also experience i feel like I am going to pass out Plus, i have tachycardia Additionally, i have a slow heartbeat On top of that, i feel utterly exhausted Additionally, my legs are swollen I also experience my chest feels tight Additionally, i have ankle edema Additionally, i am drenched in sweat Plus, i have upper back pain",CARDIOLOGY
"my infant is feverish I also experience my infant is coughing a lot Additionally, my infant has a cold Also, my infant has throat pain Plus, my child is struggling to breathe Furthermore, my baby is vomiting Plus, my baby has stomach pain Also, my baby has a skin rash I also experience my child is having convulsions Furthermore, my baby has poor appetite On top of that, my baby cries excessively Furthermore, my child is lethargic Additionally, my baby has lost appetite I also experience my child is not gaining weight properly Additionally, my child is not growing properly Furthermore, my child is not meeting milestones On top of that, my infant cries from ear pain Additionally, my baby's skin is turning yellow I also experience my baby is dehydrated Furthermore, my child has a wheezing sound when breathing",PEDIATRICS
I am experiencing back pain,ORTHOPEDICS
"I have upper back pain On top of that, i have numbness in my extremities Furthermore, i have difficulty walking Plus, my joints hurt Additionally, i have neck pain On top of that, i feel pain in my knee I also experience my shoulder is very sore On top of that, i have hip joint pain Plus, my bones feel sore Plus, i feel muscle soreness Plus, my joints are swollen Furthermore, i have trouble moving my joints Also, i cannot move my joint fully I also experience my bone is broken I also experience i have progressive muscle weakness Plus, i experience unusual tingling Additionally, i have plantar fasciitis-like heel pain Additionally, i have a sprain from sports",ORTHOPEDICS
"Patient with chief complaint of chest pain transfer, assessed for dissection of unspecified site of aorta",CARDIOLOGY
"I am running a fever Furthermore, i have been coughing for days Additionally, i feel exhausted Additionally, my body feels weak On top of that, i have migraine-like headaches Plus, the room feels like it is spinning Plus, i feel achy all over Furthermore, i have lower abdominal pain On top of that, i have nausea Plus, i vomited multiple times",GENERAL MEDICINE
"Patient with chief complaint of insomnia, assessed for insomnia nec",GENERAL MEDICINE
"my child has a high temperature Furthermore, my child has a cough Additionally, my baby has a cold Additionally, my baby's throat is sore I also experience my infant has breathing problems I also experience my infant is vomiting I also experience my child is crying from stomach pain Plus, my child has a rash on their body Plus, my child is having convulsions On top of that, my child refuses to eat Additionally, my infant cries uncontrollably Furthermore, my child is lethargic Additionally, my child is not eating I also experience my child is not gaining weight properly I also experience my infant has growth issues Additionally, my baby is developing slowly Plus, my baby has an ear infection On top of that, my baby has yellow skin Additionally, my child is not drinking enough fluids Additionally, my child has a wheezing sound when breathing",PEDIATRICS
"I have vertigo-like dizziness Plus, i feel like I might throw up On top of that, i have chest pain I also experience i have difficulty breathing On top of that, i have irregular heartbeats I also experience i have an irregular pulse Plus, i have high blood pressure Plus, i feel like I might faint On top of that, my heart rate is elevated Plus, i have a slow heartbeat Furthermore, i am incredibly tired Also, my legs are swollen Furthermore, my chest feels constricted Additionally, i have swollen ankles Plus, i am sweating excessively On top of that, i have back pain",CARDIOLOGY
"Patient with chief complaint of dehydration nausea rash, assessed for type 1 diabetes mellitus without complications",ENDOCRINOLOGY
"my head hurts Additionally, i am experiencing dizziness I also experience i have convulsions I also experience parts of my body feel numb On top of that, i feel tingling in my hands I also experience i have progressive muscle weakness On top of that, i have a tremor in my hands Plus, my memory is getting worse Furthermore, i feel confused Furthermore, i have trouble maintaining balance Plus, i cannot walk properly Also, i have speech problems Plus, one side of my face feels weak Also, i blacked out Additionally, i have nerve pain Additionally, my muscles are tight and stiff Furthermore, i cannot coordinate my movements well Plus, i have insomnia",NEUROLOGY
I am experiencing eye evaluation,ENDOCRINOLOGY
"Patient with chief complaint of car vs pole, assessed for bone fracture lumbar vertebra close",ORTHOPEDICS
"I have a fever Additionally, i keep coughing I also experience i feel very tired Plus, my body feels weak On top of that, my head hurts I also experience i feel dizzy Plus, i have generalized body pain Plus, my abdomen hurts Also, i feel queasy Plus, i am throwing up",GENERAL MEDICINE
I am experiencing nausea and vomiting,CARDIOLOGY
"I have polycystic ovary syndrome Furthermore, my menstrual cycle is irregular Furthermore, i am experiencing issues during pregnancy Also, i have issues with my periods Additionally, i have mild menstrual cramps Also, i have menorrhagia Also, my periods are barely there Plus, my period is late Also, i have a missed period On top of that, my vaginal area is very itchy Additionally, i feel dry in the vaginal area I also experience my acne is hormone-related On top of that, i have lower abdominal pain",GYNECOLOGY & OBSTETRICS
"Emergency presentation: shortness of breath, vitals show heart rate 126 bpm",CARDIOLOGY
"Patient with chief complaint of abdominal pain nausea and vomiting, assessed for unspecified intestinal obstruction",GASTROENTEROLOGY
"I am experiencing dizziness Plus, i feel nauseous I also experience i have pressure in my chest Additionally, i have difficulty breathing I also experience my heart is beating fast Plus, my heartbeat is irregular Plus, i have hypertension Furthermore, i fainted recently Furthermore, my heart beats very fast Additionally, i have a slow pulse rate Furthermore, i have debilitating fatigue On top of that, my legs are swollen On top of that, i feel chest tightness Also, i have swollen ankles Furthermore, i sweat a lot Also, i have upper back pain",CARDIOLOGY
"Bleeding gums while brushing, jaw pain, and pain in a decayed tooth.",DENTISTRY
"my head hurts Additionally, the room feels like it is spinning I also experience i experienced a seizure Additionally, parts of my body feel numb Furthermore, i experience tingling in my feet I also experience i have muscle weakness I also experience i experience involuntary shaking Also, i cannot remember recent events Plus, i have mental confusion Additionally, i have poor balance and coordination Also, i cannot walk properly Furthermore, i have trouble speaking Also, my face droops Plus, i fainted and lost consciousness Also, i have neuropathic pain On top of that, i experience muscle rigidity Plus, i feel uncoordinated I also experience i wake up frequently at night",NEUROLOGY
"I have a fever I also experience i have a wet cough Additionally, i feel weak and tired Plus, i feel drained and weak Additionally, i have migraine-like headaches Also, i feel dizzy Additionally, my whole body aches Plus, i have lower abdominal pain Furthermore, i feel nauseous Additionally, i have been throwing up",GENERAL MEDICINE
"I feel lightheaded I also experience i have an upset stomach with nausea Plus, my chest feels tight and painful Also, i have trouble catching my breath Furthermore, i have irregular heartbeats Furthermore, my heartbeat is irregular Additionally, i have high blood pressure On top of that, i feel like I am going to pass out Plus, i have tachycardia On top of that, i have a slow heartbeat Also, i can barely stay awake Plus, my ankles and legs are puffy On top of that, i feel chest tightness Additionally, my ankles are swollen Additionally, i have night sweats Furthermore, i have lower back pain",CARDIOLOGY
"I have vertigo-like dizziness Additionally, i feel nauseous I also experience i feel a sharp pain in my chest Furthermore, i have difficulty breathing On top of that, i feel my heart pounding On top of that, i have an uneven heartbeat I also experience my blood pressure is elevated Furthermore, i feel like I am going to pass out Also, i have a fast heartbeat On top of that, i have a slow heartbeat Plus, i have extreme fatigue Plus, i have leg edema Additionally, i have pressure and tightness in my chest Furthermore, my ankles feel swollen and painful Additionally, i have excessive sweating Also, i have back pain",CARDIOLOGY
Patient presents with leg weakness abnormal ct,GENERAL MEDICINE
"I feel dizzy Also, i feel nauseous On top of that, my chest hurts Also, i experience breathing difficulty Furthermore, i feel my heart pounding Also, i have an irregular pulse Additionally, my BP readings are high Plus, i have been fainting Also, i have tachycardia Also, i have a slow pulse rate On top of that, i have debilitating fatigue Additionally, my ankles and legs are puffy Plus, i feel chest tightness I also experience my ankles feel swollen and painful Additionally, i sweat a lot Additionally, my back is very sore",CARDIOLOGY
"I feel feverish Plus, i have a persistent cough On top of that, i have fatigue Plus, i have general weakness Also, my head hurts On top of that, i am experiencing dizziness Plus, i feel achy all over Furthermore, my stomach is hurting On top of that, i have an upset stomach with nausea Also, i am throwing up",GENERAL MEDICINE
I am experiencing abdominal pain nausea vomiting and diarrhea,GASTROENTEROLOGY
"Patient with chief complaint of shortness of breath, assessed for respiratory abnorm nec",PULMONOLOGY
I am experiencing abdominal distention abdominal pain lethagic,NEUROLOGY
"Patient with chief complaint of right ear pain drainage, assessed for hypertension nos",CARDIOLOGY
"my baby feels very hot On top of that, my child has a cough Additionally, my infant has a cold Also, my child is complaining of throat pain On top of that, my child is struggling to breathe Plus, my child has been throwing up Plus, my infant has abdominal pain On top of that, my child has a rash on their body Also, my infant had a fit Plus, my baby is not feeding well On top of that, my baby cries excessively I also experience my baby has low energy Plus, my child is not eating On top of that, my baby has low birth weight Plus, my child is not growing properly Also, my infant has delayed development On top of that, my child is pulling at their ear Plus, my baby's skin is turning yellow I also experience my baby has dry mouth and no tears Additionally, my baby wheezes when breathing",PEDIATRICS
I am experiencing hematuria,CARDIOLOGY
"Patient with chief complaint of abnormal labs, assessed for acute kidney failure unspecified",NEPHROLOGY
"Emergency presentation: abdominal pain nausea vomiting and diarrhea, vitals show tachypnea respiratory rate 22",GASTROENTEROLOGY
"Patient with chief complaint of palpitations, assessed for atrial fibrillation",CARDIOLOGY
"Patient with chief complaint of depression anxiety, assessed for anxiety disorder unspecified",PSYCHIATRY
"I have a throbbing headache Plus, i have vertigo-like dizziness Plus, i experienced a seizure On top of that, i feel numbness in my body I also experience i experience tingling in my feet Also, my muscles feel like they are failing Furthermore, i have a tremor in my hands Plus, i cannot remember recent events Additionally, i cannot think clearly Additionally, i feel unsteady Plus, i have difficulty walking On top of that, i have speech problems I also experience one side of my face feels weak On top of that, i fainted and lost consciousness Also, i have sharp nerve pain Furthermore, i experience muscle rigidity Also, i feel uncoordinated On top of that, i have sleep problems",NEUROLOGY
Patient presents with diarrhea hypotension,NEPHROLOGY
"Patient with chief complaint of aortic disection, assessed for hypertension nos",CARDIOLOGY
"my baby feels very hot Also, my infant is coughing a lot Also, my baby is sneezing and has a runny nose I also experience my infant has throat pain Furthermore, my child is struggling to breathe Furthermore, my child has been throwing up Furthermore, my baby has stomach pain On top of that, my infant has a red rash I also experience my child is having convulsions On top of that, my child refuses to eat Plus, my infant cries uncontrollably I also experience my baby seems weak Furthermore, my baby has lost appetite Furthermore, my baby is underweight I also experience my child is not growing properly On top of that, my infant has delayed development Plus, my baby has ear pain I also experience my infant has jaundice Furthermore, my infant shows signs of dehydration Furthermore, my child has a wheezing sound when breathing",PEDIATRICS
"my baby feels very hot Also, my baby is coughing On top of that, my child has cold symptoms Also, my infant has throat pain Plus, my infant has breathing problems Additionally, my baby is vomiting Additionally, my baby has a stomach ache Furthermore, my baby's skin is irritated Additionally, my baby had a seizure Plus, my baby has poor appetite Plus, my infant cries uncontrollably Additionally, my child is lethargic Additionally, my child is not eating Additionally, my baby is underweight Furthermore, my infant has growth issues I also experience my baby is developing slowly Also, my baby has ear pain Also, my baby has yellow skin Plus, my child is not drinking enough fluids Additionally, my baby is wheezing",PEDIATRICS
"Patient with chief complaint of dizziness, assessed for hypercholesterolemia",ENDOCRINOLOGY
"Patient with chief complaint of dizziness diplopia, assessed for type 1 diabetes mellitus with hypoglycemia without coma",NEUROLOGY
I am experiencing hypoglycemia,GENERAL MEDICINE
"Patient with chief complaint of status post fall, assessed for hypertension nos",CARDIOLOGY
"I feel feverish On top of that, i have a persistent cough Furthermore, i feel very tired Additionally, i feel drained and weak On top of that, i have a throbbing headache I also experience i feel lightheaded Plus, i have body pain On top of that, i have stomach pain I also experience i feel like I might throw up Plus, i vomited multiple times",GENERAL MEDICINE
"I have upper back pain I also experience i feel tingling and numb Also, i struggle to walk Also, i have joint pain Furthermore, my neck hurts Plus, i have difficulty with my knee Plus, i feel pain in my shoulder I also experience i have hip joint pain Also, i feel deep bone pain Plus, i have muscle pain On top of that, i have inflamed swollen joints On top of that, i have joint stiffness Furthermore, i have limited range of motion Plus, my bone is broken On top of that, my muscle strength is declining Also, i feel tingling throughout my body I also experience i have plantar fasciitis-like heel pain Plus, i have a sports injury",ORTHOPEDICS
"I feel feverish Additionally, i am coughing a lot Also, i feel exhausted Furthermore, i feel drained and weak I also experience i have a severe headache On top of that, the room feels like it is spinning Plus, i have generalized body pain Plus, i have stomach pain Also, i feel queasy Also, i have persistent vomiting",GENERAL MEDICINE
"I have PCOS Plus, my periods are not regular Plus, i have problems with my pregnancy Furthermore, i have problems during menstruation Also, my period pain is mild Plus, i have menorrhagia On top of that, my periods are barely there Plus, my period is late Also, my period did not come this month Furthermore, i feel itchy down there On top of that, i experience vaginal dryness Additionally, my acne is hormone-related On top of that, my lower belly hurts",GYNECOLOGY & OBSTETRICS
"I feel like I cannot catch my breath, chest feels constricted, coughing constantly.",PULMONOLOGY
"Patient with chief complaint of nausea and vomiting tachycardia, assessed for cellulitis of leg",DERMATOLOGY
"my body temperature is high Additionally, i have been coughing for days Additionally, i feel very tired Additionally, i feel drained and weak I also experience i have a severe headache On top of that, i feel dizzy Also, my whole body aches Plus, my abdomen hurts Additionally, i feel nauseous I also experience i cannot keep food down",GENERAL MEDICINE
"my back hurts Additionally, i have numbness in my extremities Also, i have difficulty walking On top of that, my joints hurt Plus, my neck is very painful Plus, my knee hurts I also experience my shoulder hurts Plus, my hip hurts Furthermore, i feel deep bone pain Additionally, i feel muscle soreness Also, my joints are swollen Additionally, my joints are stiff Also, i have limited range of motion Also, i have a bone fracture I also experience i have progressive muscle weakness I also experience i have persistent tingling I also experience i have heel pain Additionally, i have a sprain from sports",ORTHOPEDICS
"I feel unsteady and dizzy Additionally, i feel nauseous On top of that, i have pressure in my chest Also, i am short of breath Furthermore, my heart is beating fast Furthermore, i have an irregular pulse Also, my blood pressure is elevated On top of that, i fainted recently Also, i have tachycardia Also, my heart rate is low I also experience i have extreme fatigue I also experience my ankles and legs are puffy On top of that, my chest feels constricted I also experience my ankles are swollen Additionally, i sweat a lot I also experience my back hurts",CARDIOLOGY
"I have vertigo-like dizziness Also, i have an upset stomach with nausea Plus, i have chest pain Also, i am short of breath On top of that, i feel my heart pounding I also experience i have an irregular pulse I also experience i have high blood pressure Plus, i feel like I might faint On top of that, my heart beats very fast Plus, i have a slow pulse rate Furthermore, i have debilitating fatigue On top of that, my legs are swollen Plus, i feel chest tightness Also, my ankles are puffy Additionally, i have excessive sweating On top of that, i have lower back pain",CARDIOLOGY
"I feel dizzy Also, i feel queasy Plus, i have pressure in my chest Furthermore, i have difficulty breathing Also, my heart is beating fast Furthermore, i have an uneven heartbeat On top of that, my blood pressure is elevated On top of that, i feel like I might faint I also experience i have tachycardia Plus, my heart rate is low Also, i feel utterly exhausted Furthermore, my legs are swollen Furthermore, i feel chest tightness Furthermore, i have swollen ankles Additionally, i am drenched in sweat Additionally, my back hurts",CARDIOLOGY
"I have migraine-like headaches I also experience i feel unsteady and dizzy On top of that, i have convulsions Additionally, parts of my body feel numb Additionally, i have tingling sensations Also, i have muscle weakness Furthermore, my body shakes involuntarily On top of that, i cannot remember recent events Furthermore, i am disoriented Also, i have poor balance and coordination Additionally, i have trouble walking Plus, i cannot speak clearly Furthermore, my facial muscles feel weak Furthermore, i was unconscious for a period Plus, i have sharp nerve pain I also experience i have rigid muscles Also, i am clumsy Plus, i have trouble falling asleep",NEUROLOGY
"Patient with chief complaint of abnormal labs, assessed for bacteremia",GENERAL MEDICINE
"I feel dizzy Also, i feel queasy Furthermore, i feel a sharp pain in my chest Furthermore, i cannot breathe properly Plus, my heart skips beats Furthermore, my heartbeat is irregular Additionally, my BP readings are high Plus, i have been fainting Furthermore, i have a rapid pulse Additionally, my heart beats slowly Furthermore, i feel utterly exhausted I also experience my legs are swollen Plus, i feel chest tightness Furthermore, i have swollen ankles Furthermore, i have night sweats Additionally, my back is very sore",CARDIOLOGY
"Sharp abdominal pain, bloating, blood in stool, and frequent acid regurgitation.",GASTROENTEROLOGY
"Patient with chief complaint of motor vehicle collision intubated trauma, assessed for unspecified disp bone fracture of seventh cervical vertebra init for clos bone fracture",ORTHOPEDICS
"my infant is feverish Furthermore, my baby has a persistent cough Additionally, my child has cold symptoms Additionally, my baby's throat is sore Also, my baby has breathing difficulty I also experience my infant is vomiting Additionally, my baby has stomach pain I also experience my child has a rash on their body On top of that, my child is having convulsions Furthermore, my child refuses to eat On top of that, my infant cries uncontrollably Furthermore, my infant appears weak and floppy Plus, my baby refuses to eat On top of that, my child is not gaining weight properly I also experience my child is not growing properly Additionally, my infant has delayed development Additionally, my child is pulling at their ear On top of that, my child looks jaundiced On top of that, my baby is dehydrated Also, my baby wheezes when breathing",PEDIATRICS
"I have polycystic ovary syndrome I also experience my periods are not regular Also, i am experiencing issues during pregnancy Additionally, i have problems during menstruation Plus, i have mild menstrual cramps On top of that, i have menorrhagia Additionally, my periods are barely there Furthermore, my menstruation is overdue On top of that, i missed my period Additionally, i have vaginal itching I also experience i experience vaginal dryness On top of that, i have persistent acne from hormonal imbalance Also, my lower belly hurts",GYNECOLOGY & OBSTETRICS
"my baby feels very hot Plus, my child has a cough On top of that, my infant has a cold Plus, my infant has throat pain On top of that, my child is struggling to breathe On top of that, my child has been throwing up Plus, my child is crying from stomach pain Plus, my infant has a red rash Also, my infant had a fit I also experience my infant is not drinking milk properly Furthermore, my infant cries uncontrollably Plus, my baby seems weak Plus, my child is not eating Additionally, my infant is too small Furthermore, my infant has growth issues Plus, my baby has developmental delays Plus, my infant cries from ear pain Also, my baby's skin is turning yellow Additionally, my child is not drinking enough fluids Furthermore, my child has a wheezing sound when breathing",PEDIATRICS
"Difficulty starting urination, weak urine stream, and nighttime frequent urination.",UROLOGY
"Emergency presentation: status post fall r wrist pain r wrist injury, vitals show heart rate 106 bpm, severe pain score 7 out of 10",CARDIOLOGY
"Sudden weight gain, intolerance to cold, dry skin, and thyroid gland swelling.",ENDOCRINOLOGY
"I was diagnosed with PCOS Furthermore, i have irregular periods Also, i am having pregnancy complications Furthermore, i experience menstrual difficulties I also experience i feel slight cramps during my period Furthermore, i have menorrhagia I also experience my periods are barely there Plus, my period is late Also, i missed my period Also, my vaginal area is very itchy On top of that, i feel dry in the vaginal area Also, i get acne due to hormones Plus, i have pain in my lower stomach area",GYNECOLOGY & OBSTETRICS
"I feel dizzy Furthermore, i feel queasy Furthermore, i have intermittent chest pain On top of that, i cannot breathe properly Furthermore, i feel my heart pounding I also experience my pulse rate is inconsistent Also, my BP readings are high On top of that, i have been fainting On top of that, i have a rapid pulse Also, my heart rate is low Furthermore, i have extreme fatigue Plus, i have leg edema Furthermore, my chest feels constricted Also, my ankles are swollen I also experience i am drenched in sweat Furthermore, my back is very sore",CARDIOLOGY
"I was diagnosed with PCOS Plus, my periods are not regular Plus, i am experiencing issues during pregnancy Also, i experience menstrual difficulties Also, i feel slight cramps during my period On top of that, i have heavy periods Additionally, i have scanty periods I also experience my period has been delayed Plus, i have amenorrhea Plus, my vaginal area is very itchy Additionally, i experience vaginal dryness Also, my acne is hormone-related On top of that, i have pain in my lower stomach area",GYNECOLOGY & OBSTETRICS
"Dull aching pain in my lower back near kidneys, low urine output, and puffiness.",NEPHROLOGY
"I have upper back pain On top of that, i have numbness Furthermore, i have trouble walking Plus, my joints hurt Also, i feel pain in my neck Also, i feel pain in my knee Plus, my shoulder is very sore Also, i feel pain in my hip Plus, i feel deep bone pain I also experience my muscles ache On top of that, i have inflamed swollen joints Additionally, my joints feel rigid On top of that, my movement is limited Additionally, my bone is broken Additionally, i experience muscle fatigue and weakness Plus, i have a constant tingling sensation Additionally, my heel feels painful Additionally, i have a sports injury",ORTHOPEDICS
"Patient with chief complaint of transfer cva, assessed for weakness",GENERAL MEDICINE
"Patient with chief complaint of allergic reaction, assessed for allergy unspecified",ORTHOPEDICS
"I have a high temperature I also experience i have been coughing for days Additionally, i feel exhausted Furthermore, i feel weak all over I also experience i have been having headaches Additionally, i am experiencing dizziness Also, my whole body aches I also experience my stomach is hurting Plus, i have nausea Also, i vomited multiple times",GENERAL MEDICINE
"I have a throbbing headache On top of that, i am experiencing dizziness Furthermore, i have convulsions Also, i feel numbness in my body Also, i experience tingling in my feet On top of that, my muscles feel like they are failing Plus, i have a tremor in my hands On top of that, i have memory problems Plus, i feel confused On top of that, i have balance problems On top of that, i struggle to walk Also, i have trouble speaking On top of that, my face droops Additionally, i was unconscious for a period Plus, i have nerve pain Additionally, i have rigid muscles Plus, i feel uncoordinated On top of that, i have trouble falling asleep",NEUROLOGY
"Patient with chief complaint of abdominal pain, assessed for oth medical procedures cause abn react compl without misadvnt",GENERAL MEDICINE
"Patient with chief complaint of leg weakness abnormal ct, assessed for headache",GENERAL MEDICINE
"Patient with chief complaint of left eye swelling redness, assessed for acute kidney failure unspecified",NEPHROLOGY
"my head hurts Furthermore, i feel unsteady and dizzy Additionally, i had a seizure episode On top of that, parts of my body feel numb Also, i have tingling sensations Additionally, i cannot move my muscles properly I also experience my body shakes involuntarily On top of that, i have memory problems Also, i have mental confusion Furthermore, i feel like I might fall On top of that, i cannot walk properly On top of that, i have difficulty with speech Plus, my face droops I also experience i had a loss of consciousness Plus, i have nerve pain Additionally, my muscles feel stiff Furthermore, i feel uncoordinated On top of that, i have trouble falling asleep",NEUROLOGY
"I have been having headaches Also, the room feels like it is spinning On top of that, i have epilepsy-like seizures Furthermore, i feel numbness in my body On top of that, i have a tingling sensation all over Plus, i have progressive muscle weakness Furthermore, i have a tremor in my hands Furthermore, i have memory loss Additionally, i have mental confusion Furthermore, i have poor balance and coordination Furthermore, i have trouble walking I also experience i cannot speak clearly Plus, one side of my face feels weak I also experience i had a loss of consciousness On top of that, i have sharp nerve pain Also, i have rigid muscles On top of that, i feel uncoordinated Furthermore, i have trouble falling asleep",NEUROLOGY
"I have a throbbing headache Also, i have vertigo-like dizziness Also, i experienced a seizure Additionally, i feel numbness in my body Additionally, i have a tingling sensation all over Plus, i cannot move my muscles properly Plus, my hands are shaking Additionally, i have memory problems I also experience i feel confused Plus, i have trouble maintaining balance Plus, i have trouble walking I also experience i have trouble speaking Also, my face droops Furthermore, i fainted and lost consciousness Also, i feel burning nerve pain Furthermore, i have rigid muscles I also experience i cannot coordinate my movements well Plus, i have trouble falling asleep",NEUROLOGY
"I have a high temperature Furthermore, i have a wet cough Also, i am constantly fatigued I also experience i feel drained and weak Also, i have been having headaches Plus, the room feels like it is spinning I also experience i have body pain Also, my abdomen hurts On top of that, i feel queasy Additionally, i cannot keep food down",GENERAL MEDICINE
"Patient with chief complaint of right leg cellulitis, assessed for iddm w spec manifestation",ENDOCRINOLOGY
"I have back pain Plus, i have numbness in my extremities Furthermore, i walk with difficulty Furthermore, i feel pain in my joints I also experience my neck is very painful Also, i feel pain in my knee I also experience i feel pain in my shoulder On top of that, my hip hurts Also, my bones ache Plus, my muscles are painful On top of that, i have inflamed swollen joints Plus, i have trouble moving my joints Additionally, my movement is limited I also experience i have a broken bone Additionally, my muscles are getting weaker Furthermore, i have persistent tingling Plus, i have pain in my heel Also, i got injured while playing sports",ORTHOPEDICS
Patient presents with l foot swelling l foot pain,CARDIOLOGY
"I have PCOS Furthermore, i have inconsistent menstrual cycles On top of that, i am having pregnancy complications On top of that, i have menstrual problems Plus, i have mild menstrual cramps Furthermore, i experience heavy menstrual bleeding Plus, my menstrual flow is very light On top of that, i have a delayed period Also, i have a missed period Plus, i feel itchy down there On top of that, my vaginal area lacks moisture I also experience my acne is hormone-related Also, i have lower abdominal pain",GYNECOLOGY & OBSTETRICS
I am experiencing dyspnea productive cough,NEPHROLOGY
"I have PCOS Plus, my menstrual cycle is irregular Additionally, i have problems with my pregnancy Furthermore, i experience menstrual difficulties Plus, i have mild menstrual cramps Plus, i have heavy periods Also, my menstrual flow is very light Plus, my menstruation is overdue On top of that, my period did not come this month Also, i feel itchy down there On top of that, i feel dry in the vaginal area Also, i get acne due to hormones Additionally, i have lower abdominal pain",GYNECOLOGY & OBSTETRICS
"Patient with chief complaint of leg pain wound evaluation, assessed for infection following a procedure initial encounter",ORTHOPEDICS
"I have cysts on my ovaries Additionally, my menstrual cycle is irregular I also experience i have problems with my pregnancy Plus, i experience menstrual difficulties Plus, my period pain is mild Additionally, i have heavy periods Also, i have scanty periods Also, my menstruation is overdue Furthermore, my period did not come this month Plus, my vaginal area is very itchy Additionally, my vaginal area lacks moisture I also experience my acne is hormone-related On top of that, i have lower abdominal pain",GYNECOLOGY & OBSTETRICS
"Emergency presentation: r foot pain, vitals show heart rate 117 bpm, severe pain score 9 out of 10",GENERAL MEDICINE
"I have upper back pain Additionally, parts of my body feel numb Also, i have difficulty walking Additionally, my joints hurt Furthermore, my neck is very painful Furthermore, i have difficulty with my knee On top of that, i have shoulder pain Additionally, i feel pain in my hip Additionally, i have bone pain Furthermore, i have muscle cramps and pain I also experience i have inflamed swollen joints Also, my joints feel rigid I also experience i have restricted movement Plus, i have a bone fracture Also, my muscles are getting weaker I also experience i feel tingling throughout my body Also, my heel hurts when I walk Additionally, i injured myself during exercise",ORTHOPEDICS
"I feel hot and feverish On top of that, i keep coughing Plus, i feel exhausted Additionally, i lack strength I also experience i have persistent head pain Furthermore, i have vertigo-like dizziness Furthermore, i have generalized body pain Also, my abdomen hurts Plus, i feel like I might throw up Plus, i vomited multiple times",GENERAL MEDICINE
"Patient with chief complaint of transfer status post fall, assessed for other fall",ORTHOPEDICS
I am experiencing dehydration nausea rash,ENDOCRINOLOGY
"I have a high temperature Also, i have a persistent cough Plus, i feel very tired I also experience i feel drained and weak Also, i have persistent head pain Additionally, i am experiencing dizziness Also, i have widespread body pain I also experience my abdomen hurts Also, i feel like I might throw up On top of that, i cannot keep food down",GENERAL MEDICINE
Patient presents with weakness abnormal labs,CARDIOLOGY
"I have a high temperature On top of that, i keep coughing Also, i feel very tired I also experience i lack strength Also, i have a severe headache On top of that, i am experiencing dizziness On top of that, i have widespread body pain Also, i have lower abdominal pain I also experience i feel like I might throw up Additionally, i vomited multiple times",GENERAL MEDICINE
Patient presents with dyspnea,CARDIOLOGY
I am experiencing vomiting blood,GASTROENTEROLOGY
I am experiencing left arm pain left arm swelling,DERMATOLOGY
"I have a fever Additionally, i have been coughing for days On top of that, i have no energy Additionally, i have general weakness Also, i have been having headaches Furthermore, i feel lightheaded Plus, i have generalized body pain Plus, i feel pain in my belly Plus, i feel nauseous On top of that, i cannot keep food down",GENERAL MEDICINE
"I have PCOS Additionally, my periods are not regular On top of that, i am experiencing issues during pregnancy Furthermore, i experience menstrual difficulties On top of that, i have mild period pain Furthermore, i have heavy periods Also, my periods are barely there Additionally, my period is late Plus, i have a missed period Furthermore, my vaginal area is very itchy Plus, i feel dry in the vaginal area I also experience my acne is hormone-related I also experience i have lower abdominal pain",GYNECOLOGY & OBSTETRICS
"Patient with chief complaint of headache sah transfer, assessed for nontraumatic subarachnoid hemorrhage unspecified",NEUROLOGY
"I have cysts on my ovaries Furthermore, i have irregular periods Plus, i have pregnancy-related problems Plus, i have menstrual problems Additionally, i have mild menstrual cramps I also experience my periods are very heavy On top of that, i have scanty periods I also experience my period has been delayed On top of that, i have a missed period Furthermore, i feel itchy down there Additionally, i feel dry in the vaginal area Furthermore, i get acne due to hormones Furthermore, i have lower abdominal pain",GYNECOLOGY & OBSTETRICS
"I have PCOS Also, i have irregular periods On top of that, i am experiencing issues during pregnancy Additionally, i have problems during menstruation I also experience i have mild menstrual cramps Also, i have menorrhagia Also, my menstrual flow is very light Also, my period has been delayed I also experience i have amenorrhea I also experience i have persistent vaginal itching Also, i experience vaginal dryness Also, i have hormonal acne I also experience i have pain in my lower stomach area",GYNECOLOGY & OBSTETRICS
"I feel feverish Furthermore, i am coughing a lot I also experience i am constantly fatigued Also, i lack strength Also, i have a severe headache Also, i feel unsteady and dizzy Furthermore, i have widespread body pain Additionally, i have lower abdominal pain Plus, i have an upset stomach with nausea On top of that, i have been throwing up",GENERAL MEDICINE
"I feel lightheaded On top of that, i have nausea I also experience i have intermittent chest pain Plus, i have trouble catching my breath Furthermore, i have irregular heartbeats I also experience i have an irregular pulse I also experience my blood pressure is elevated On top of that, i feel like I might faint Also, i have tachycardia Plus, i have bradycardia Furthermore, i have debilitating fatigue Plus, i have leg edema On top of that, i feel chest tightness On top of that, i have swollen ankles Furthermore, i have night sweats Plus, my back hurts",CARDIOLOGY
"I have PCOS Plus, my periods are not regular Furthermore, i have problems with my pregnancy Also, i have problems during menstruation Plus, i have mild period pain On top of that, i experience heavy menstrual bleeding Additionally, my menstrual flow is very light I also experience my menstruation is overdue Furthermore, i have a missed period Furthermore, i have persistent vaginal itching On top of that, i have vaginal dryness I also experience i have persistent acne from hormonal imbalance Also, my lower belly hurts",GYNECOLOGY & OBSTETRICS
"I have a throbbing headache On top of that, i have vertigo-like dizziness On top of that, i experienced a seizure Plus, i feel numbness in my body Also, i experience tingling in my feet Additionally, my muscles feel weak Plus, i experience involuntary shaking Additionally, i keep forgetting things Additionally, i cannot think clearly Furthermore, i have trouble maintaining balance Furthermore, i struggle to walk Furthermore, i cannot speak clearly Plus, my facial muscles feel weak Also, i had a loss of consciousness Plus, i have sharp nerve pain Plus, i have muscle stiffness I also experience i cannot coordinate my movements well Also, i have trouble falling asleep",NEUROLOGY
"Firm growing mass lump, chronic night sweats, loss of appetite, and weakness.",ONCOLOGY
"Patient with chief complaint of epigastric pain, assessed for epigastric pain",GENERAL MEDICINE
I am experiencing urinary retention,NEPHROLOGY
Patient presents with anemia neutropenia transfer,UROLOGY
"I feel lightheaded I also experience i have an upset stomach with nausea Additionally, my chest hurts Additionally, i have difficulty breathing Plus, i have heart palpitations On top of that, my heartbeat is irregular I also experience i have high blood pressure I also experience i feel like I am going to pass out I also experience i have tachycardia I also experience i have a slow heartbeat Also, i have debilitating fatigue Plus, i have leg edema Plus, my chest feels constricted Also, my ankles feel swollen and painful Additionally, i am sweating excessively Plus, my back is very sore",CARDIOLOGY
"my baby has a fever Additionally, my child has a cough Also, my baby has a cold Furthermore, my baby's throat is sore Additionally, my baby has breathing difficulty Plus, my baby cannot keep milk down Also, my baby has a stomach ache Furthermore, my child has a rash on their body Also, my infant had a fit Also, my infant is not drinking milk properly Furthermore, my infant cries uncontrollably Additionally, my infant appears weak and floppy I also experience my baby has lost appetite I also experience my child is not gaining weight properly Plus, my baby has delayed growth I also experience my baby is developing slowly Additionally, my baby has ear pain On top of that, my baby has yellow skin Also, my baby is dehydrated Also, my infant has wheezing",PEDIATRICS
"I have upper back pain On top of that, i feel numbness in my body Plus, i have difficulty walking Additionally, my joints hurt Additionally, i have neck pain On top of that, my knee is swollen and painful Furthermore, my shoulder hurts Also, i have hip pain Plus, i have bone pain Also, my muscles ache Additionally, my joints feel puffy and inflamed Furthermore, my joints feel rigid Furthermore, i have restricted movement Additionally, i have a stress fracture Furthermore, my muscles are getting weaker I also experience i have persistent tingling Additionally, my heel feels painful On top of that, i have a sports injury",ORTHOPEDICS
"I was diagnosed with PCOS I also experience i have inconsistent menstrual cycles On top of that, i have pregnancy-related problems Additionally, i have problems during menstruation Also, i have mild menstrual cramps I also experience i have menorrhagia On top of that, i have very light periods On top of that, my menstruation is overdue Also, i have amenorrhea On top of that, i have persistent vaginal itching I also experience i feel dry in the vaginal area I also experience i have persistent acne from hormonal imbalance I also experience i have lower abdominal pain",GYNECOLOGY & OBSTETRICS
"I have upper back pain On top of that, i feel numbness in my body Furthermore, i have difficulty walking Additionally, my joints are aching Additionally, i feel pain in my neck On top of that, my knee is swollen and painful I also experience i have a frozen shoulder Also, my hip hurts On top of that, i have bone pain Also, my muscles are painful Plus, my joints are swollen I also experience my joints are stiff Plus, i have restricted movement On top of that, i fractured a bone I also experience my muscle strength is declining Additionally, i feel tingling throughout my body On top of that, i have pain in my heel On top of that, i have a sports injury",ORTHOPEDICS
"I have hives, intense skin itching, eczema flare-ups, and allergic skin spots.",DERMATOLOGY
I am experiencing lower extremity pain,ENDOCRINOLOGY
"Patient with chief complaint of head injury status post fall, assessed for essential primary hypertension",CARDIOLOGY
"I have lower back pain Also, i feel tingling and numb On top of that, i have difficulty walking I also experience my joints hurt Plus, i have neck pain On top of that, my knee hurts I also experience i have shoulder pain Furthermore, i have hip joint pain On top of that, i have bone pain Plus, my muscles are painful I also experience my joints are swollen I also experience i have trouble moving my joints On top of that, i have difficulty moving Additionally, i have a bone fracture On top of that, my muscles are getting weaker I also experience i have a constant tingling sensation Plus, my heel feels painful Furthermore, i have a sports injury",ORTHOPEDICS
"Patient with chief complaint of hematuria, assessed for unspecified atrial fibrillation",CARDIOLOGY
Patient presents with palpitations,CARDIOLOGY
"I have back pain I also experience i feel numbness in my body On top of that, i have difficulty walking On top of that, i have painful joints Also, my neck hurts Additionally, i have difficulty with my knee Plus, my shoulder hurts Plus, i have hip pain Plus, i have persistent bone pain I also experience i feel muscle soreness Additionally, i have swollen joints I also experience i have trouble moving my joints Furthermore, i have limited range of motion Additionally, i fractured a bone I also experience i have progressive muscle weakness On top of that, i have a constant tingling sensation On top of that, i have plantar fasciitis-like heel pain Additionally, i have a sports injury",ORTHOPEDICS
"I feel hot and feverish Also, i have a dry cough Plus, i have no energy Plus, i lack strength Additionally, i have a throbbing headache Plus, i feel dizzy Additionally, my whole body aches Also, my abdomen hurts Also, i feel nauseous On top of that, i am throwing up",GENERAL MEDICINE
"my infant is feverish I also experience my baby is coughing Also, my child has cold symptoms Plus, my child is complaining of throat pain On top of that, my infant has breathing problems I also experience my baby cannot keep milk down I also experience my child is crying from stomach pain I also experience my child has a rash on their body I also experience my baby had a seizure Also, my child refuses to eat Also, my infant cries uncontrollably Additionally, my baby has low energy Furthermore, my baby has lost appetite On top of that, my infant is too small I also experience my child is not growing properly Additionally, my baby has developmental delays Furthermore, my child is pulling at their ear Additionally, my infant has jaundice Also, my infant shows signs of dehydration Additionally, my infant has wheezing",PEDIATRICS
Patient presents with dizziness diplopia,GENERAL MEDICINE
"my body temperature is high On top of that, i keep coughing Furthermore, i feel weak and tired Plus, my body feels weak Furthermore, my head hurts Plus, i feel unsteady and dizzy Plus, i have generalized body pain Plus, my abdomen hurts I also experience i have nausea On top of that, i cannot keep food down",GENERAL MEDICINE
Patient presents with leg pain wound evaluation,GENERAL MEDICINE
"I feel lightheaded Additionally, i have nausea Furthermore, i feel a sharp pain in my chest I also experience i cannot breathe properly Also, my heart skips beats Also, i have an irregular pulse On top of that, i have hypertension Additionally, i have been fainting I also experience my heart rate is elevated I also experience i have a slow heartbeat Additionally, i feel utterly exhausted On top of that, i have leg edema Also, i feel chest tightness Additionally, my ankles feel swollen and painful I also experience i have night sweats On top of that, my back hurts",CARDIOLOGY
"Patient with chief complaint of status post fall, assessed for unspecified fall",ORTHOPEDICS
"Patient with chief complaint of abdominal pain nausea and vomiting, assessed for right lower quadrant pain",GENERAL MEDICINE
"I feel feverish Furthermore, i have a wet cough Additionally, i feel very tired Also, i lack strength Also, i have been having headaches On top of that, i feel unsteady and dizzy Additionally, i have generalized body pain I also experience i feel pain in my belly Plus, i feel like I might throw up I also experience i have persistent vomiting",GENERAL MEDICINE
I am experiencing chest pain,GENERAL MEDICINE
"I have back pain On top of that, i feel tingling and numb On top of that, i struggle to walk Plus, my joints hurt On top of that, i have neck pain Also, i have knee pain Plus, i have shoulder pain Furthermore, i have hip joint pain On top of that, i feel deep bone pain Furthermore, i have muscle pain I also experience i have inflamed swollen joints Furthermore, i have trouble moving my joints On top of that, i have limited range of motion I also experience i have a stress fracture Furthermore, i have progressive muscle weakness I also experience i have a constant tingling sensation Furthermore, i have pain in my heel I also experience i have a sprain from sports",ORTHOPEDICS
"my infant is feverish Additionally, my infant is coughing a lot Additionally, my baby is sneezing and has a runny nose Also, my baby has a sore throat Additionally, my infant has breathing problems Plus, my baby is vomiting I also experience my child is crying from stomach pain Furthermore, my infant has a red rash Furthermore, my baby had a seizure episode Also, my child refuses to eat Plus, my baby is inconsolable Plus, my baby seems weak Also, my infant has no appetite I also experience my baby has low birth weight I also experience my infant has growth issues Also, my child is not meeting milestones Plus, my child is pulling at their ear On top of that, my child looks jaundiced Plus, my baby has dry mouth and no tears Plus, my infant has wheezing",PEDIATRICS
"Emergency presentation: abnormal labs hyperglycemia, vitals show heart rate 110 bpm",GENERAL MEDICINE
"I feel feverish Furthermore, i have a wet cough Additionally, i am constantly fatigued Also, i feel drained and weak Plus, i have persistent head pain On top of that, i have vertigo-like dizziness Plus, i have widespread body pain Also, i feel pain in my belly On top of that, i am feeling sick to my stomach Furthermore, i vomited multiple times",GENERAL MEDICINE
"I have been having headaches Additionally, i feel dizzy Additionally, i experienced a seizure Furthermore, parts of my body feel numb Furthermore, i have a tingling sensation all over Plus, i cannot move my muscles properly Also, my body shakes involuntarily Additionally, my memory is getting worse On top of that, i am disoriented Furthermore, i have balance problems Additionally, i struggle to walk Also, my speech is slurred Additionally, one side of my face feels weak Plus, i have lost consciousness Plus, i have neuropathic pain Additionally, i have rigid muscles Also, i have trouble with fine motor tasks Plus, i have trouble falling asleep",NEUROLOGY
"Psoriasis patches on my elbows with redness, scaling, and skin irritation.",DERMATOLOGY
"I have lower back pain Additionally, parts of my body feel numb Also, i cannot walk properly Also, my joints hurt Also, my neck is very painful I also experience my knee hurts Plus, i have shoulder pain I also experience my hip is stiff and painful Also, i have bone pain Plus, my muscles are painful On top of that, i have joint swelling Also, i feel stiff in my joints Additionally, i have limited range of motion Furthermore, i have a bone fracture Furthermore, my muscle strength is declining On top of that, i experience unusual tingling I also experience i have heel pain On top of that, i have a sports injury",ORTHOPEDICS
Patient presents with abnormal ct luq abdominal pain,HEMATOLOGY
I am experiencing abnormal labs hyperglycemia,GENERAL MEDICINE
"my back is very sore On top of that, i feel tingling and numb Furthermore, i struggle to walk Also, i have painful joints Also, i have a stiff neck I also experience my knee hurts Additionally, i have shoulder pain I also experience i have hip pain Furthermore, i have persistent bone pain Furthermore, i have muscle cramps and pain Additionally, my joints feel puffy and inflamed I also experience i have trouble moving my joints Additionally, i cannot move my joint fully Furthermore, i fractured a bone Also, i experience muscle fatigue and weakness I also experience i have a constant tingling sensation Plus, my heel hurts when I walk Furthermore, i got injured while playing sports",ORTHOPEDICS
"my baby has a fever Plus, my baby is coughing On top of that, my baby has a cold Plus, my baby's throat is sore On top of that, my infant has breathing problems I also experience my child has been throwing up Plus, my baby has stomach pain Furthermore, my child has a rash on their body I also experience my baby had a seizure episode Additionally, my child refuses to eat Plus, my baby cries excessively Furthermore, my baby seems weak I also experience my infant has no appetite Furthermore, my baby has low birth weight On top of that, my baby is smaller than expected On top of that, my child is not meeting milestones Plus, my baby has an ear infection Furthermore, my infant has jaundice Plus, my baby has dry mouth and no tears Additionally, my baby wheezes when breathing",PEDIATRICS
"Patient with chief complaint of confusion, assessed for altered mental status",GENERAL MEDICINE
"Patient with chief complaint of etoh hypoglycemia, assessed for hypoglycemia nos",ENDOCRINOLOGY
I am experiencing abdominal mass fever,DERMATOLOGY
"Patient with chief complaint of left hand pains, assessed for fever unspecified",GENERAL MEDICINE
"my head hurts On top of that, i feel lightheaded Furthermore, i had a seizure episode Also, i have numbness in my extremities I also experience i have pins and needles feeling Furthermore, i have progressive muscle weakness On top of that, i have tremors On top of that, i keep forgetting things Plus, i cannot think clearly Additionally, i have balance problems Additionally, i struggle to walk Also, i have speech problems Additionally, i have facial paralysis Additionally, i had a loss of consciousness Furthermore, i experience shooting nerve pain Plus, my muscles feel stiff Furthermore, i have poor coordination Furthermore, i have trouble falling asleep",NEUROLOGY
"I have lower back pain Plus, i feel tingling and numb Furthermore, i have difficulty walking Additionally, i have joint pain Also, my neck is very painful I also experience i have knee pain Plus, i have shoulder pain Furthermore, my hip is stiff and painful Additionally, i have bone pain On top of that, my muscles ache On top of that, i have swollen joints Plus, i have trouble moving my joints Also, my movement is limited I also experience i have a bone fracture Plus, i experience muscle fatigue and weakness Additionally, i experience unusual tingling On top of that, my heel feels painful Furthermore, i have a sports injury",ORTHOPEDICS
"I have a throbbing headache Additionally, i am experiencing dizziness Also, i have convulsions I also experience i have numbness Additionally, i feel tingling in my hands I also experience my muscles feel weak On top of that, my body shakes involuntarily I also experience i cannot remember recent events Also, i have mental confusion On top of that, i have trouble maintaining balance Plus, i have difficulty walking Additionally, my speech is slurred On top of that, one side of my face feels weak Also, i fainted and lost consciousness Plus, i feel burning nerve pain Also, i experience muscle rigidity I also experience i am clumsy I also experience i have sleep problems",NEUROLOGY
"my body temperature is high Also, i have a persistent cough Furthermore, i feel weak and tired Additionally, my body feels weak Additionally, i have persistent head pain Plus, i am experiencing dizziness Furthermore, my whole body aches Additionally, i have abdominal cramps Also, i am feeling sick to my stomach On top of that, i cannot keep food down",GENERAL MEDICINE
"Emergency presentation: right leg cellulitis, vitals show severe pain score 9 out of 10",DERMATOLOGY
"my child has a high temperature Additionally, my baby has a persistent cough Also, my baby has a cold On top of that, my infant has throat pain Additionally, my baby is short of breath Also, my child has been throwing up Also, my child is crying from stomach pain On top of that, my baby's skin is irritated Furthermore, my child is having convulsions On top of that, my child refuses to eat Plus, my baby is inconsolable I also experience my infant appears weak and floppy I also experience my child is not eating Also, my baby has low birth weight Furthermore, my baby has delayed growth On top of that, my baby is developing slowly Furthermore, my child is pulling at their ear Furthermore, my child looks jaundiced I also experience my child is not drinking enough fluids On top of that, my baby wheezes when breathing",PEDIATRICS
I am experiencing abdominal pain leaking ascites,GASTROENTEROLOGY
"Patient with chief complaint of dehydration fatigue, assessed for type 2 diabetes mellitus with hypoglycemia without coma",NEUROLOGY
"I have been having headaches Plus, i feel unsteady and dizzy Also, i have convulsions On top of that, i feel tingling and numb Also, i feel tingling in my hands Furthermore, i have muscle weakness On top of that, my hands are shaking I also experience i cannot remember recent events Furthermore, i feel confused On top of that, i feel like I might fall On top of that, i walk with difficulty Furthermore, i have difficulty with speech I also experience my facial muscles feel weak Plus, i blacked out Additionally, i have sharp nerve pain I also experience my muscles are tight and stiff Additionally, i have trouble with fine motor tasks Additionally, i have trouble falling asleep",NEUROLOGY
I am experiencing abdominal distention,GENERAL MEDICINE
"I feel unsteady and dizzy Furthermore, i am feeling sick to my stomach I also experience i have pressure in my chest Additionally, i experience breathing difficulty Also, i have irregular heartbeats On top of that, i feel pulse irregularity Furthermore, i have high blood pressure Furthermore, i have been fainting Plus, i have tachycardia I also experience i have bradycardia Plus, i feel utterly exhausted Additionally, i have leg edema On top of that, i feel chest tightness Additionally, i have ankle edema Plus, i am drenched in sweat Also, i have back pain",CARDIOLOGY
"I feel feverish Furthermore, i have been coughing for days Furthermore, i am constantly fatigued On top of that, i lack strength On top of that, i have been having headaches On top of that, i feel lightheaded I also experience i have body pain Additionally, my stomach is hurting Plus, i have an upset stomach with nausea On top of that, i vomited multiple times",GENERAL MEDICINE
"Patient with chief complaint of lower back pain status post fall, assessed for type 2 diabetes mellitus without complications",ENDOCRINOLOGY
"Emergency presentation: back pain, vitals show severe pain score 6 out of 10",ORTHOPEDICS
"I have persistent head pain On top of that, i have vertigo-like dizziness On top of that, i have convulsions On top of that, i have numbness On top of that, i have tingling sensations Also, i have muscle weakness I also experience i experience involuntary shaking On top of that, i keep forgetting things Furthermore, i cannot think clearly I also experience i have trouble maintaining balance Also, i cannot walk properly Plus, i have difficulty with speech Also, i have facial weakness Also, i was unconscious for a period I also experience i experience shooting nerve pain Additionally, my muscles are tight and stiff Additionally, i have poor coordination Furthermore, i wake up frequently at night",NEUROLOGY
"Emergency presentation: suicidal ideation, vitals show heart rate 103 bpm",GENERAL MEDICINE
"Persistent coughing for weeks, breathless after minor exertion, and wheezing.",PULMONOLOGY
Patient presents with status post fall transfer,ORTHOPEDICS
"Patient with chief complaint of chest pain transfer, assessed for pure hypercholesterolemia",ENDOCRINOLOGY
"my body temperature is high Additionally, i have a dry cough On top of that, i feel very tired Furthermore, i feel weak all over Additionally, i have migraine-like headaches On top of that, i feel unsteady and dizzy On top of that, my whole body aches Furthermore, i have abdominal cramps Plus, i feel like I might throw up I also experience i cannot keep food down",GENERAL MEDICINE
"Patient with chief complaint of hyperglycemia overdose, assessed for oth places as the place of occurrence of the external cause",GENERAL MEDICINE
"I feel dizzy Also, i have nausea Furthermore, i have pressure in my chest On top of that, i cannot breathe properly I also experience i have irregular heartbeats I also experience i have an uneven heartbeat Also, i have been diagnosed with high blood pressure I also experience i have episodes of fainting Plus, my heart rate is elevated On top of that, i have a slow heartbeat Furthermore, i can barely stay awake I also experience my legs are swollen On top of that, my chest feels constricted I also experience my ankles feel swollen and painful Also, i sweat a lot Additionally, my back is very sore",CARDIOLOGY
Patient presents with weakness gi bleed,NEUROLOGY
"Patient with chief complaint of b leg swelling, assessed for hypertensive chronic kidney disease w stg 1 4 unspecified chr kdny",NEPHROLOGY
"I have cysts on my ovaries Also, my periods are not regular On top of that, i have pregnancy-related problems Plus, i have menstrual problems Also, my period pain is mild I also experience i experience heavy menstrual bleeding Additionally, my periods are barely there Also, i have a delayed period Also, i have a missed period I also experience i feel itchy down there On top of that, i feel dry in the vaginal area Additionally, my acne is hormone-related Also, i feel pain in my lower abdomen",GYNECOLOGY & OBSTETRICS
"Patient with chief complaint of l eye pain, assessed for dyspnea unspecified",PULMONOLOGY
"I have lower back pain Also, i have numbness in my extremities I also experience i struggle to walk Also, my joints hurt Furthermore, my neck hurts Additionally, i have difficulty with my knee Additionally, i have a frozen shoulder On top of that, i have hip pain Plus, i have bone pain Also, my muscles ache Also, my joints are swollen Additionally, i feel stiff in my joints On top of that, i have restricted movement Plus, my bone is broken Additionally, my muscle strength is declining On top of that, i have a constant tingling sensation Plus, my heel feels painful On top of that, i have a sprain from sports",ORTHOPEDICS
"I am experiencing dizziness On top of that, i have nausea Also, my chest feels tight and painful On top of that, i have trouble catching my breath Additionally, i feel my heart pounding I also experience my heartbeat is irregular On top of that, i have hypertension Additionally, i feel like I am going to pass out Also, i have a rapid pulse Additionally, my heart beats slowly Plus, i feel utterly exhausted I also experience my ankles and legs are puffy Furthermore, i have pressure and tightness in my chest Plus, my ankles are puffy Plus, i have night sweats On top of that, my back hurts",CARDIOLOGY
"Emergency presentation: chest pain nstemi transfer, vitals show severe pain score 7 out of 10",GENERAL MEDICINE
"Kidney area soreness, low urine volume, fatigue, and systemic swelling.",NEPHROLOGY
"Patient with chief complaint of dizziness weakness, assessed for hypercholesterolemia",ENDOCRINOLOGY
Patient presents with chest pain nausea,CARDIOLOGY
"the room feels like it is spinning On top of that, i am feeling sick to my stomach Also, i have chest pain Also, i have difficulty breathing Furthermore, i have irregular heartbeats On top of that, my pulse rate is inconsistent Additionally, i have been diagnosed with high blood pressure On top of that, i feel like I might faint Plus, i have tachycardia Also, i have a slow heartbeat Additionally, i am incredibly tired I also experience i have swelling in my legs Additionally, my chest feels constricted Furthermore, my ankles are swollen Plus, i am drenched in sweat On top of that, i have lower back pain",CARDIOLOGY
"Patient with chief complaint of r foot pain, assessed for ulcer of other part of foot",GASTROENTEROLOGY
"I have polycystic ovary syndrome Additionally, my periods are not regular Also, i have problems with my pregnancy Plus, i have problems during menstruation Also, i feel slight cramps during my period Also, i experience heavy menstrual bleeding Plus, i have very light periods On top of that, my period is late Also, i have a missed period Furthermore, i have persistent vaginal itching Also, i have vaginal dryness Furthermore, i have persistent acne from hormonal imbalance Also, i have lower abdominal pain",GYNECOLOGY & OBSTETRICS
"Patient with chief complaint of wound evaluation transfer, assessed for abn react procedure nos",GENERAL MEDICINE
"my baby has a fever On top of that, my infant is coughing a lot I also experience my infant has a cold On top of that, my baby's throat is sore Additionally, my infant has breathing problems Furthermore, my baby is vomiting Plus, my infant has abdominal pain Also, my infant has a red rash Additionally, my baby had a seizure episode Additionally, my baby has poor appetite Furthermore, my infant cries uncontrollably Plus, my baby seems weak Also, my child is not eating Plus, my baby has low birth weight On top of that, my baby has delayed growth Furthermore, my infant has delayed development I also experience my baby has an ear infection I also experience my child looks jaundiced Plus, my infant shows signs of dehydration Furthermore, my child has a wheezing sound when breathing",PEDIATRICS
"Patient with chief complaint of dyspnea transfer, assessed for dyspnea unspecified",PULMONOLOGY
"Patient with chief complaint of left leg pain status post fall, assessed for dizziness and giddiness",GENERAL MEDICINE
I am experiencing left eye swelling redness,CARDIOLOGY
Patient presents with rlq abdominal pain,GENERAL MEDICINE
"my baby feels very hot Furthermore, my baby is coughing On top of that, my baby has a cold I also experience my infant has throat pain Also, my infant has breathing problems Additionally, my baby cannot keep milk down Additionally, my infant has abdominal pain On top of that, my child has a rash on their body On top of that, my infant had a fit I also experience my baby has poor appetite I also experience my infant cries uncontrollably On top of that, my baby seems weak Also, my child is not eating Plus, my child is not gaining weight properly Furthermore, my baby is smaller than expected Additionally, my infant has delayed development Also, my baby has an ear infection On top of that, my infant has jaundice Also, my infant shows signs of dehydration Plus, my baby is wheezing",PEDIATRICS
"I was diagnosed with PCOS I also experience my menstrual cycle is irregular Also, i am having pregnancy complications On top of that, i have issues with my periods On top of that, i have mild menstrual cramps Also, my periods are very heavy Furthermore, my menstrual flow is very light Also, my period has been delayed I also experience i have a missed period Additionally, i have vaginal itching On top of that, i have vaginal dryness Plus, i get acne due to hormones Also, i have pain in my lower stomach area",GYNECOLOGY & OBSTETRICS
Patient presents with neck pain med refill,ORTHOPEDICS
"Patient with chief complaint of nausea and vomiting, assessed for long term current use of insulin",GENERAL MEDICINE
"my baby feels very hot On top of that, my baby is coughing On top of that, my child has cold symptoms Plus, my infant has throat pain Plus, my baby is short of breath On top of that, my child has been throwing up On top of that, my child is crying from stomach pain Additionally, my infant has a red rash Also, my baby had a seizure On top of that, my infant is not drinking milk properly Additionally, my baby cries excessively Furthermore, my infant appears weak and floppy Furthermore, my baby refuses to eat On top of that, my baby has low birth weight On top of that, my child is not growing properly Plus, my infant has delayed development On top of that, my baby has an ear infection Also, my child looks jaundiced Also, my baby is dehydrated Furthermore, my child has a wheezing sound when breathing",PEDIATRICS
"Patient with chief complaint of hematuria dysuria, assessed for rectal anal ulcer",GASTROENTEROLOGY
"I have a throbbing headache Also, i feel dizzy On top of that, i have convulsions Plus, i feel numbness in my body Additionally, i experience tingling in my feet Additionally, my muscles feel weak Furthermore, i have tremors Plus, i have memory loss Additionally, i feel muddled and confused Additionally, i have poor balance and coordination Plus, i have difficulty walking I also experience i have difficulty with speech Plus, my facial muscles feel weak I also experience i fainted and lost consciousness Also, i have neuropathic pain Also, i experience muscle rigidity I also experience i have trouble with fine motor tasks Plus, i have trouble falling asleep",NEUROLOGY
Patient presents with psychiatric hold,PSYCHIATRY
"my back is very sore On top of that, i feel tingling and numb Additionally, i walk with difficulty Plus, my joints hurt Plus, i feel pain in my neck Additionally, my knee hurts Also, my shoulder is very sore I also experience my hip hurts Additionally, i have persistent bone pain Plus, i have muscle pain Additionally, i have inflamed swollen joints Plus, my joints are stiff Furthermore, i have difficulty moving I also experience i have a bone fracture On top of that, i experience muscle fatigue and weakness Plus, i experience unusual tingling I also experience i have heel pain I also experience i have a sprain from sports",ORTHOPEDICS
"I have lower back pain I also experience i feel numbness in my body On top of that, i have difficulty walking Additionally, my joints are aching Plus, i have a stiff neck On top of that, i have difficulty with my knee Also, i have shoulder pain I also experience my hip is stiff and painful Furthermore, my bones feel sore Additionally, i have muscle pain Additionally, i have joint swelling On top of that, i feel stiff in my joints Also, i cannot move my joint fully Additionally, i have a broken bone On top of that, my muscle strength is declining I also experience i have persistent tingling Plus, my heel hurts when I walk On top of that, i got injured while playing sports",ORTHOPEDICS
"I have been having headaches On top of that, i feel lightheaded Plus, i had a seizure episode Also, i feel numbness in my body On top of that, i have pins and needles feeling Additionally, i have progressive muscle weakness I also experience my hands are shaking I also experience my memory is getting worse On top of that, i have mental confusion Additionally, i feel like I might fall Also, i have trouble walking Also, my speech is slurred Furthermore, one side of my face feels weak I also experience i fainted and lost consciousness Additionally, i experience shooting nerve pain Also, my muscles feel stiff Also, i have poor coordination Plus, i have insomnia",NEUROLOGY
I am experiencing resp arrest,PULMONOLOGY
"my baby feels very hot Furthermore, my infant is coughing a lot Additionally, my child has cold symptoms On top of that, my infant has throat pain Additionally, my baby is short of breath Plus, my baby is vomiting Furthermore, my child is crying from stomach pain Additionally, my child has a rash on their body Plus, my baby had a seizure I also experience my baby is not feeding well Additionally, my baby cries excessively Also, my child is lethargic Also, my infant has no appetite Furthermore, my infant is too small On top of that, my infant has growth issues Also, my baby has developmental delays Furthermore, my child is pulling at their ear Additionally, my baby has yellow skin Furthermore, my baby is dehydrated Additionally, my baby is wheezing",PEDIATRICS
I am experiencing dislodged abdominal tube,CARDIOLOGY
"I have PCOS I also experience i have inconsistent menstrual cycles On top of that, i am having pregnancy complications Also, i have issues with my periods I also experience my period pain is mild I also experience i have heavy periods Plus, i have very light periods On top of that, my period is late Furthermore, i have amenorrhea Plus, i have persistent vaginal itching Also, i have vaginal dryness I also experience i have hormonal acne Plus, i have lower abdominal pain",GYNECOLOGY & OBSTETRICS
"my baby feels very hot Also, my child has a cough I also experience my child has cold symptoms Also, my infant has throat pain Plus, my infant has breathing problems Furthermore, my child has been throwing up I also experience my infant has abdominal pain Furthermore, my baby's skin is irritated Plus, my child is having convulsions Also, my baby has poor appetite I also experience my baby is inconsolable Also, my baby has low energy Also, my baby refuses to eat Furthermore, my child is not gaining weight properly Also, my child is not growing properly Plus, my baby is developing slowly On top of that, my child is pulling at their ear Also, my baby's skin is turning yellow Furthermore, my child is not drinking enough fluids Furthermore, my baby wheezes when breathing",PEDIATRICS
"the room feels like it is spinning Plus, i feel like I might throw up Furthermore, my chest feels tight and painful On top of that, i experience breathing difficulty On top of that, i have heart palpitations Plus, my pulse rate is inconsistent I also experience i have high blood pressure I also experience i have been fainting On top of that, i have a rapid pulse I also experience i have a slow heartbeat Also, i have extreme fatigue On top of that, my ankles and legs are puffy Plus, my chest feels tight Plus, my ankles are swollen Plus, i am sweating excessively Additionally, i have upper back pain",CARDIOLOGY
"I feel hot and feverish I also experience i have a persistent cough Furthermore, i have no energy On top of that, i have general weakness Also, i have a severe headache Plus, i have vertigo-like dizziness Also, my whole body aches Also, my stomach is hurting I also experience i feel nauseous Also, i have been vomiting",GENERAL MEDICINE
"I feel lightheaded Additionally, i have nausea Plus, i have intermittent chest pain Additionally, i am short of breath Plus, i feel my heart racing Furthermore, my pulse rate is inconsistent Furthermore, i have hypertension On top of that, i feel like I might faint I also experience i have tachycardia Furthermore, i have a slow heartbeat Plus, i have debilitating fatigue Plus, i have leg edema Additionally, i have pressure and tightness in my chest Also, my ankles are puffy Plus, i am drenched in sweat Additionally, i have upper back pain",CARDIOLOGY
"Patient with chief complaint of laryngitis shortness of breath with talking, assessed for acute laryngitis without mention of obstruction",ENT
"my baby feels very hot Additionally, my baby is coughing Additionally, my infant has a cold Furthermore, my baby's throat is sore Additionally, my infant has breathing problems On top of that, my baby cannot keep milk down I also experience my infant has abdominal pain On top of that, my infant has a red rash On top of that, my infant had a fit Furthermore, my infant is not drinking milk properly Additionally, my baby is inconsolable I also experience my baby seems weak Plus, my infant has no appetite Additionally, my child is not gaining weight properly On top of that, my child is not growing properly Additionally, my baby is developing slowly Additionally, my baby has an ear infection Also, my baby has yellow skin Plus, my baby is dehydrated Also, my baby wheezes when breathing",PEDIATRICS
"Patient with chief complaint of right sided abdominal pain, assessed for unspecified abdominal pain",GASTROENTEROLOGY
"Emergency presentation: etoh suicidal ideation, vitals show severe pain score 8 out of 10",PSYCHIATRY
"Patient with chief complaint of facial droop, assessed for swelling of limb",RHEUMATOLOGY
Patient presents with picc evaluation,GENERAL MEDICINE
Patient presents with status post fall l shoulder pain,ENDOCRINOLOGY
"Patient with chief complaint of foot laceration, assessed for accident nos",GENERAL MEDICINE
"I feel unsteady and dizzy Additionally, i have nausea On top of that, i have intermittent chest pain I also experience i experience breathing difficulty Furthermore, i feel my heart racing I also experience i have an uneven heartbeat Furthermore, my BP readings are high Also, i feel like I might faint Furthermore, my heart beats very fast Furthermore, i have bradycardia Furthermore, i can barely stay awake Furthermore, my legs feel heavy and swollen I also experience i have pressure and tightness in my chest Plus, my ankles are swollen Also, i sweat a lot Additionally, i have upper back pain",CARDIOLOGY
"I have upper back pain Also, i have numbness Plus, i walk with difficulty Additionally, my joints hurt On top of that, i have neck pain I also experience i have knee pain Also, my shoulder hurts Also, i feel pain in my hip Additionally, i feel deep bone pain Additionally, i have muscle cramps and pain Also, i have swollen joints Additionally, my joints are stiff I also experience i cannot move my joint fully Also, i have a stress fracture I also experience my muscle strength is declining Additionally, i have a constant tingling sensation On top of that, my heel hurts when I walk Additionally, i have a sprain from sports",ORTHOPEDICS
"I have a throbbing headache I also experience the room feels like it is spinning I also experience i have convulsions On top of that, i have numbness in my extremities Plus, i experience tingling in my feet Additionally, my muscles feel weak Additionally, my body shakes involuntarily Additionally, i have memory problems Plus, i am disoriented Additionally, i feel like I might fall Additionally, i have trouble walking Additionally, my speech is slurred On top of that, one side of my face feels weak Also, i blacked out On top of that, i have sharp nerve pain Also, i have rigid muscles On top of that, i feel uncoordinated I also experience i have sleep problems",NEUROLOGY
"my baby feels very hot Also, my baby is coughing Furthermore, my baby has a cold Additionally, my child is complaining of throat pain Furthermore, my infant has breathing problems Additionally, my baby is vomiting Furthermore, my baby has stomach pain I also experience my baby has a skin rash I also experience my baby had a seizure episode Also, my baby is not feeding well I also experience my baby is inconsolable Furthermore, my baby has low energy I also experience my baby refuses to eat Plus, my child is not gaining weight properly Plus, my baby is smaller than expected Plus, my child is not meeting milestones Furthermore, my baby has ear pain Furthermore, my child looks jaundiced Plus, my baby has dry mouth and no tears On top of that, my baby is wheezing",PEDIATRICS
"my child has a high temperature Plus, my child has a cough Furthermore, my baby is sneezing and has a runny nose Additionally, my baby's throat is sore On top of that, my baby is short of breath I also experience my infant is vomiting I also experience my baby has stomach pain Furthermore, my baby's skin is irritated Plus, my infant had a fit On top of that, my baby has poor appetite Additionally, my baby cries excessively I also experience my baby has low energy I also experience my infant has no appetite On top of that, my baby is underweight On top of that, my child is not growing properly Additionally, my baby has developmental delays Additionally, my baby has an ear infection Plus, my infant has jaundice On top of that, my baby has dry mouth and no tears Furthermore, my baby is wheezing",PEDIATRICS
"I have back pain Furthermore, i have numbness in my extremities Furthermore, i cannot walk properly Plus, i feel pain in my joints Plus, my neck is very painful Also, my knee hurts I also experience my shoulder hurts Furthermore, i have hip joint pain On top of that, i have bone pain Also, my muscles ache Additionally, i have swollen joints Furthermore, i have trouble moving my joints Furthermore, my movement is limited Furthermore, i have a bone fracture I also experience i experience muscle fatigue and weakness Additionally, i feel tingling throughout my body Furthermore, my heel hurts when I walk Also, i have a sports injury",ORTHOPEDICS
"Patient with chief complaint of syncope, assessed for diarrhea",GENERAL MEDICINE
"I have back pain Plus, i feel numbness in my body I also experience i have trouble walking Furthermore, i have painful joints Furthermore, i have a stiff neck On top of that, my knee hurts Additionally, i have a frozen shoulder I also experience i have hip pain Additionally, i feel deep bone pain On top of that, my muscles ache Furthermore, i have joint swelling I also experience i feel stiff in my joints I also experience i cannot move my joint fully Furthermore, i have a stress fracture Additionally, i have progressive muscle weakness I also experience i have persistent tingling Additionally, my heel feels painful I also experience i have a sports injury",ORTHOPEDICS
"I feel feverish Additionally, i am coughing a lot Additionally, i feel exhausted On top of that, i feel physically weak On top of that, my head hurts On top of that, i have vertigo-like dizziness I also experience i have generalized body pain Plus, i have stomach pain Furthermore, i have nausea Also, i have been vomiting",GENERAL MEDICINE
"I have been having headaches Additionally, i feel dizzy Furthermore, i had a seizure episode Additionally, parts of my body feel numb I also experience i feel tingling in my hands Furthermore, my muscles feel like they are failing Also, my body shakes involuntarily Also, i keep forgetting things Plus, i cannot think clearly On top of that, i have trouble maintaining balance On top of that, i struggle to walk Additionally, i have difficulty with speech I also experience my face droops Additionally, i was unconscious for a period I also experience i have sharp nerve pain Plus, i have rigid muscles Furthermore, i have poor coordination Furthermore, i wake up frequently at night",NEUROLOGY
"Patient with chief complaint of hypotension, assessed for hypotension nos",CARDIOLOGY
"I have migraine-like headaches Additionally, i have vertigo-like dizziness Also, i had a seizure episode Plus, i have numbness Additionally, i have tingling sensations On top of that, my muscles feel weak Also, i have a tremor in my hands Additionally, i have memory problems Furthermore, i am disoriented Plus, i have poor balance and coordination Additionally, i walk with difficulty Plus, i cannot speak clearly On top of that, one side of my face feels weak Furthermore, i was unconscious for a period Additionally, i experience shooting nerve pain On top of that, i experience muscle rigidity Also, i feel uncoordinated On top of that, i wake up frequently at night",NEUROLOGY
"Emergency presentation: allergic reaction, vitals show elevated temperature 99.4F",CARDIOLOGY
"I was diagnosed with PCOS Also, i have irregular periods Plus, i am experiencing issues during pregnancy On top of that, i have problems during menstruation Additionally, my period pain is mild Plus, i have menorrhagia Also, i have very light periods Furthermore, i have a delayed period Also, my period did not come this month I also experience i have vaginal itching I also experience i experience vaginal dryness I also experience i have hormonal acne Also, my lower belly hurts",GYNECOLOGY & OBSTETRICS
"I have a severe headache I also experience i feel dizzy On top of that, i have had seizures I also experience parts of my body feel numb I also experience i feel tingling in my hands On top of that, i have progressive muscle weakness I also experience my hands are shaking On top of that, i cannot remember recent events I also experience i feel confused Additionally, i have trouble maintaining balance Additionally, i walk with difficulty Plus, i cannot speak clearly Additionally, my facial muscles feel weak I also experience i was unconscious for a period On top of that, i have sharp nerve pain I also experience my muscles are tight and stiff Additionally, i cannot coordinate my movements well On top of that, i wake up frequently at night",NEUROLOGY
"I have cysts on my ovaries Also, my periods are not regular On top of that, i have problems with my pregnancy On top of that, i have issues with my periods Plus, my period pain is mild Also, i have menorrhagia On top of that, my periods are barely there On top of that, my period is late Furthermore, i missed my period I also experience my vaginal area is very itchy Additionally, i feel dry in the vaginal area On top of that, my acne is hormone-related Additionally, i feel pain in my lower abdomen",GYNECOLOGY & OBSTETRICS
"my body temperature is high Furthermore, i have a persistent cough I also experience i have fatigue Plus, my body feels weak Additionally, i have been having headaches Plus, the room feels like it is spinning Also, i have body pain Also, i have abdominal cramps Furthermore, i feel queasy I also experience i cannot keep food down",GENERAL MEDICINE
"I am experiencing dizziness Additionally, i have an upset stomach with nausea Furthermore, my chest feels tight and painful I also experience i have trouble catching my breath On top of that, my heart skips beats Also, i feel pulse irregularity I also experience my BP readings are high On top of that, i fainted recently Furthermore, i have tachycardia Furthermore, i have a slow pulse rate Furthermore, i can barely stay awake Furthermore, my legs are swollen Plus, my chest feels constricted Plus, my ankles are swollen Furthermore, i have excessive sweating Furthermore, i have back pain",CARDIOLOGY
"I was diagnosed with PCOS Plus, i have irregular periods Furthermore, i am having pregnancy complications Furthermore, i have issues with my periods Also, i have mild menstrual cramps Plus, i experience heavy menstrual bleeding On top of that, my menstrual flow is very light Additionally, my menstruation is overdue Furthermore, i have a missed period On top of that, my vaginal area is very itchy I also experience i feel dry in the vaginal area Furthermore, i have persistent acne from hormonal imbalance On top of that, i have pain in my lower stomach area",GYNECOLOGY & OBSTETRICS
"my baby feels very hot Plus, my baby is coughing Additionally, my baby has a cold Additionally, my child is complaining of throat pain Furthermore, my infant has breathing problems Also, my baby is vomiting On top of that, my baby has a stomach ache On top of that, my baby's skin is irritated Furthermore, my baby had a seizure On top of that, my baby is not feeding well Plus, my child cries all the time Plus, my baby seems weak Also, my infant has no appetite On top of that, my infant is too small I also experience my baby has delayed growth On top of that, my baby is developing slowly Also, my baby has an ear infection On top of that, my child looks jaundiced Furthermore, my infant shows signs of dehydration Additionally, my infant has wheezing",PEDIATRICS
"I have lower back pain Additionally, i have numbness Additionally, i cannot walk properly Furthermore, my joints hurt On top of that, my neck is very painful Furthermore, i have difficulty with my knee On top of that, my shoulder is very sore Additionally, my hip hurts Plus, i have persistent bone pain Plus, my muscles ache Additionally, my joints are swollen Furthermore, i have trouble moving my joints Plus, i have restricted movement Furthermore, i have a broken bone Furthermore, i have progressive muscle weakness I also experience i experience unusual tingling Also, my heel hurts when I walk I also experience i got injured while playing sports",ORTHOPEDICS
"I have lower back pain Also, i have numbness Furthermore, i struggle to walk Plus, my joints are aching Also, i have a stiff neck I also experience i have difficulty with my knee Additionally, i feel pain in my shoulder Plus, my hip is stiff and painful Furthermore, i feel deep bone pain Also, my muscles ache Plus, i have swollen joints I also experience i feel stiff in my joints I also experience i have difficulty moving Plus, my bone is broken On top of that, my muscles are getting weaker Furthermore, i feel tingling throughout my body Also, i have plantar fasciitis-like heel pain I also experience i injured myself during exercise",ORTHOPEDICS
"I have lower back pain On top of that, i have numbness in my extremities I also experience i have difficulty walking Additionally, my joints are aching On top of that, i have neck pain On top of that, i have knee pain Also, my shoulder is very sore I also experience i have hip joint pain Plus, my bones ache Plus, my muscles are painful Also, i have joint swelling On top of that, i feel stiff in my joints Also, i have difficulty moving Furthermore, i have a broken bone Additionally, i have progressive muscle weakness I also experience i experience unusual tingling Plus, my heel feels painful On top of that, i injured myself during exercise",ORTHOPEDICS
"Patient with chief complaint of abdominal pain, assessed for acute appendicitis nos",GASTROENTEROLOGY
"my back hurts Plus, parts of my body feel numb Additionally, i have trouble walking Plus, i have joint pain I also experience i have a stiff neck Furthermore, i feel pain in my knee Also, my shoulder hurts Furthermore, my hip hurts I also experience i feel deep bone pain Furthermore, i have muscle pain Additionally, my joints are swollen On top of that, i have trouble moving my joints Plus, i have limited range of motion I also experience i fractured a bone Furthermore, my muscle strength is declining Additionally, i feel tingling throughout my body Plus, i have plantar fasciitis-like heel pain Additionally, i injured myself during exercise",ORTHOPEDICS
"Patient with chief complaint of tachycardia hypoxia, assessed for abnormal coagulation profile",GENERAL MEDICINE
"Patient with chief complaint of headache sah transfer, assessed for essential primary hypertension",CARDIOLOGY
"Patient with chief complaint of coffee ground emesis, assessed for gastrointestinal hemorrhage unspecified",NEUROLOGY
"I am running a fever I also experience i am coughing a lot Furthermore, i feel exhausted Furthermore, i have general weakness On top of that, i have persistent head pain On top of that, i have vertigo-like dizziness On top of that, my whole body aches I also experience i feel pain in my belly Plus, i feel like I might throw up Additionally, i vomited multiple times",GENERAL MEDICINE
"my baby feels very hot Also, my child has a cough On top of that, my baby is sneezing and has a runny nose Furthermore, my child is complaining of throat pain Plus, my infant has breathing problems On top of that, my infant is vomiting Additionally, my infant has abdominal pain Additionally, my baby's skin is irritated Plus, my child is having convulsions Furthermore, my child refuses to eat Also, my baby is inconsolable Also, my child is lethargic Furthermore, my baby has lost appetite I also experience my infant is too small Additionally, my baby has delayed growth Also, my infant has delayed development Additionally, my baby has an ear infection Plus, my baby has yellow skin Furthermore, my child is not drinking enough fluids Furthermore, my child has a wheezing sound when breathing",PEDIATRICS
"I have been having headaches I also experience the room feels like it is spinning On top of that, i have had seizures Also, i feel numbness in my body Furthermore, i have tingling sensations I also experience i have progressive muscle weakness On top of that, my body shakes involuntarily Also, i cannot remember recent events Furthermore, i cannot think clearly I also experience i have balance problems On top of that, i have trouble walking Plus, my speech is slurred On top of that, my facial muscles feel weak On top of that, i have lost consciousness I also experience i have sharp nerve pain I also experience i experience muscle rigidity Also, i have poor coordination Also, i have trouble falling asleep",NEUROLOGY
"my infant is feverish I also experience my baby has a persistent cough Plus, my infant has a cold On top of that, my baby's throat is sore On top of that, my baby has breathing difficulty Additionally, my child has been throwing up Additionally, my infant has abdominal pain Furthermore, my baby has a skin rash Additionally, my baby had a seizure Furthermore, my baby is not feeding well Plus, my infant cries uncontrollably Furthermore, my baby has low energy Plus, my child is not eating I also experience my baby is underweight Furthermore, my infant has growth issues I also experience my baby is developing slowly Also, my baby has ear pain Plus, my baby has yellow skin Additionally, my infant shows signs of dehydration Also, my child has a wheezing sound when breathing",PEDIATRICS
Patient presents with bright red blood per rectum,NEUROLOGY
I am experiencing etoh hypoglycemia,GENERAL MEDICINE
"my back hurts Also, i have numbness in my extremities Additionally, i cannot walk properly I also experience i have painful joints Also, my neck is very painful I also experience i feel pain in my knee Plus, i feel pain in my shoulder Furthermore, i have hip pain Also, i have bone pain I also experience i have muscle pain Also, my joints feel puffy and inflamed Also, my joints feel rigid Furthermore, i have difficulty moving Plus, my bone is broken On top of that, my muscles are getting weaker On top of that, i experience unusual tingling Also, i have plantar fasciitis-like heel pain Also, i got injured while playing sports",ORTHOPEDICS
"I have vertigo-like dizziness Also, i feel like I might throw up Additionally, i have chest pain Additionally, i have trouble catching my breath Plus, i have irregular heartbeats Additionally, i feel pulse irregularity Additionally, my blood pressure is elevated Plus, i have been fainting Plus, my heart rate is elevated On top of that, i have a slow pulse rate Plus, i feel utterly exhausted Plus, my ankles and legs are puffy On top of that, my chest feels constricted Plus, i have ankle edema On top of that, i sweat a lot Also, my back hurts",CARDIOLOGY
"I feel dizzy I also experience i have an upset stomach with nausea Plus, i have intermittent chest pain Also, i have difficulty breathing Furthermore, i feel my heart racing Additionally, i have an uneven heartbeat I also experience i have hypertension Plus, i feel like I am going to pass out Also, i have a rapid pulse Plus, i have bradycardia Also, i feel utterly exhausted Plus, my ankles and legs are puffy Furthermore, my chest feels tight Furthermore, my ankles feel swollen and painful Also, i have excessive sweating Plus, i have upper back pain",CARDIOLOGY
"my back hurts Additionally, i have numbness Plus, i walk with difficulty Furthermore, my joints hurt Furthermore, i feel pain in my neck Additionally, i have knee pain I also experience my shoulder is very sore Plus, i feel pain in my hip I also experience my bones feel sore Plus, my muscles ache Furthermore, my joints feel puffy and inflamed Furthermore, my joints feel rigid Additionally, i cannot move my joint fully Plus, i have a bone fracture Also, my muscle strength is declining On top of that, i feel tingling throughout my body I also experience my heel feels painful Furthermore, i injured myself during exercise",ORTHOPEDICS
Patient presents with status post fall,CARDIOLOGY
"my back hurts I also experience i feel numbness in my body I also experience i cannot walk properly Also, my joints hurt On top of that, i have a stiff neck I also experience my knee hurts Additionally, i have a frozen shoulder On top of that, i have hip joint pain Additionally, my bones feel sore Furthermore, my muscles are painful Plus, my joints are swollen On top of that, i have trouble moving my joints Additionally, i have difficulty moving Plus, i have a bone fracture Plus, my muscle strength is declining Additionally, i feel tingling throughout my body Furthermore, i have plantar fasciitis-like heel pain On top of that, i have a sports injury",ORTHOPEDICS
"I feel hot and feverish Furthermore, i have a dry cough Also, i feel exhausted Plus, my body feels weak Also, i have persistent head pain Furthermore, i feel unsteady and dizzy Plus, i have widespread body pain On top of that, i have lower abdominal pain I also experience i feel nauseous I also experience i vomited multiple times",GENERAL MEDICINE
"Emergency presentation: rectal pain, vitals show heart rate 124 bpm, severe pain score 8 out of 10",GASTROENTEROLOGY
Patient presents with left arm pain left arm swelling,DERMATOLOGY
"Emergency presentation: etoh hallucinations, vitals show severe pain score 6 out of 10",PSYCHIATRY
"Patient with chief complaint of left eye swelling redness, assessed for hypertension nos",CARDIOLOGY
Patient presents with chest pain nstemi transfer,GENERAL MEDICINE
Patient presents with status post fall r wrist pain r wrist injury,CARDIOLOGY
I am experiencing rectal pain,GASTROENTEROLOGY
Patient presents with suicidal ideation,GENERAL MEDICINE
Patient presents with abdominal pain leaking ascites,GASTROENTEROLOGY
"Patient with chief complaint of left arm numbness left arm swelling, assessed for thrombosis due to vascular prosth dev grft init",ORTHOPEDICS
"Emergency presentation: rlq abdominal pain, vitals show severe pain score 10 out of 10",GENERAL MEDICINE
Patient presents with epigastric pain,RHEUMATOLOGY
"Patient with chief complaint of chest pain, assessed for other chest pain",GENERAL MEDICINE
Patient presents with chest pain jaw pain left arm pain,GENERAL MEDICINE
"my baby has a fever I also experience my baby has a persistent cough Plus, my baby has a cold Additionally, my child is complaining of throat pain Also, my infant has breathing problems Furthermore, my infant is vomiting On top of that, my child is crying from stomach pain Additionally, my baby has a skin rash Plus, my infant had a fit Additionally, my child refuses to eat I also experience my baby cries excessively I also experience my infant appears weak and floppy Plus, my baby refuses to eat Additionally, my child is not gaining weight properly I also experience my child is not growing properly Also, my child is not meeting milestones I also experience my baby has ear pain Additionally, my baby's skin is turning yellow Additionally, my baby is dehydrated Furthermore, my infant has wheezing",PEDIATRICS
"I have a severe headache I also experience i feel dizzy On top of that, i had a seizure episode Furthermore, i have numbness Furthermore, i feel tingling in my hands On top of that, i have progressive muscle weakness Also, my body shakes involuntarily Also, i have memory loss Additionally, i feel muddled and confused On top of that, i feel unsteady Additionally, i have trouble walking Furthermore, i have difficulty with speech Additionally, my face droops I also experience i was unconscious for a period I also experience i have neuropathic pain On top of that, i have rigid muscles I also experience i have poor coordination Also, i have insomnia",NEUROLOGY
Patient presents with suprapubic pain,UROLOGY
I am experiencing l eye pain,OPHTHALMOLOGY
"my child has a high temperature Furthermore, my infant is coughing a lot Furthermore, my infant has a cold Also, my infant has throat pain Also, my baby is short of breath I also experience my baby cannot keep milk down Additionally, my infant has abdominal pain Furthermore, my infant has a red rash Furthermore, my infant had a fit On top of that, my baby has poor appetite Additionally, my infant cries uncontrollably I also experience my infant appears weak and floppy Additionally, my baby refuses to eat Also, my baby is underweight Plus, my infant has growth issues On top of that, my child is not meeting milestones I also experience my infant cries from ear pain Furthermore, my baby's skin is turning yellow Plus, my infant shows signs of dehydration I also experience my baby is wheezing",PEDIATRICS
"I feel unsteady and dizzy On top of that, i am feeling sick to my stomach Also, my chest feels tight and painful I also experience i am short of breath I also experience i have irregular heartbeats Additionally, i have an irregular pulse Also, my BP readings are high Plus, i have been fainting Also, i have a fast heartbeat On top of that, my heart beats slowly On top of that, i can barely stay awake I also experience my legs are swollen Additionally, my chest feels constricted Additionally, my ankles feel swollen and painful Furthermore, i have night sweats Furthermore, i have upper back pain",CARDIOLOGY
"I was diagnosed with PCOS Plus, i have inconsistent menstrual cycles I also experience i am experiencing issues during pregnancy Furthermore, i have problems during menstruation I also experience i have mild period pain Furthermore, i experience heavy menstrual bleeding Plus, my periods are barely there On top of that, i have a delayed period Also, i missed my period Plus, my vaginal area is very itchy Plus, i have vaginal dryness Plus, i have hormonal acne On top of that, my lower belly hurts",GYNECOLOGY & OBSTETRICS
"I have lower back pain Additionally, parts of my body feel numb Plus, i cannot walk properly Furthermore, i have joint pain Plus, my neck hurts Also, i feel pain in my knee I also experience i feel pain in my shoulder Furthermore, i have hip pain Additionally, i feel deep bone pain Also, my muscles are painful On top of that, my joints feel puffy and inflamed Additionally, my joints are stiff On top of that, i have difficulty moving Furthermore, i have a broken bone Furthermore, my muscle strength is declining I also experience i feel tingling throughout my body I also experience i have pain in my heel Furthermore, i have a sprain from sports",ORTHOPEDICS
"I have a fever Additionally, i have a wet cough On top of that, i have no energy Plus, i feel drained and weak I also experience my head hurts Furthermore, i feel unsteady and dizzy Also, i have body pain Also, my stomach is hurting On top of that, i feel nauseous Furthermore, i vomited multiple times",GENERAL MEDICINE
"Patient with chief complaint of transfer motor vehicle collision, assessed for hypertension nos",CARDIOLOGY
"my back is very sore Furthermore, i have numbness in my extremities Furthermore, i walk with difficulty Plus, i have painful joints Additionally, i feel pain in my neck Additionally, my knee hurts Also, i have shoulder pain I also experience i have hip pain Furthermore, i have persistent bone pain Plus, i have muscle pain Plus, i have inflamed swollen joints On top of that, my joints feel rigid Additionally, i have difficulty moving Plus, i fractured a bone I also experience i have progressive muscle weakness Plus, i have a constant tingling sensation Furthermore, my heel feels painful I also experience i injured myself during exercise",ORTHOPEDICS
I am experiencing assault,ORTHOPEDICS
"Patient with chief complaint of ich, assessed for nontraumatic acute subdural hemorrhage",NEUROLOGY
"I feel unsteady and dizzy Plus, i feel nauseous I also experience my chest hurts Additionally, i have trouble catching my breath Plus, my heart skips beats Also, i feel pulse irregularity Furthermore, i have hypertension On top of that, i have been fainting Furthermore, my heart rate is elevated On top of that, i have bradycardia Also, i have extreme fatigue Furthermore, my ankles and legs are puffy I also experience my chest feels constricted Also, my ankles feel swollen and painful I also experience i have excessive sweating Additionally, my back is very sore",CARDIOLOGY
"I feel lightheaded Also, i have an upset stomach with nausea Also, i have intermittent chest pain I also experience i experience breathing difficulty Also, i feel my heart racing Additionally, i have an uneven heartbeat Plus, i have been diagnosed with high blood pressure I also experience i fainted recently On top of that, i have a fast heartbeat I also experience i have a slow heartbeat I also experience i have extreme fatigue Also, i have swelling in my legs I also experience my chest feels constricted On top of that, i have swollen ankles I also experience i am sweating excessively Additionally, i have lower back pain",CARDIOLOGY
"I feel hot and feverish Also, i have a wet cough Furthermore, i feel weak and tired Furthermore, i feel drained and weak I also experience my head hurts Plus, i feel unsteady and dizzy Additionally, i feel achy all over On top of that, my stomach is hurting On top of that, i have nausea Furthermore, i cannot keep food down",GENERAL MEDICINE
"I have a fever Also, i have a persistent cough Furthermore, i feel exhausted Additionally, my body feels weak Furthermore, i have been having headaches Also, i feel unsteady and dizzy Also, i have widespread body pain Additionally, my stomach is hurting I also experience i feel queasy On top of that, i have been throwing up",GENERAL MEDICINE
"I feel lightheaded Plus, i have an upset stomach with nausea Additionally, i have pressure in my chest Also, i feel breathless Furthermore, my heart is beating fast On top of that, my pulse rate is inconsistent Plus, i have been diagnosed with high blood pressure I also experience i have been fainting Additionally, my heart rate is elevated Plus, my heart beats slowly Plus, i am incredibly tired Also, i have leg edema Additionally, my chest feels constricted Additionally, my ankles feel swollen and painful Additionally, i sweat a lot Also, i have back pain",CARDIOLOGY
"I have lower back pain Also, i feel numbness in my body Additionally, i struggle to walk I also experience i feel pain in my joints I also experience i feel pain in my neck Plus, my knee hurts On top of that, my shoulder is very sore Also, i feel pain in my hip Also, i have persistent bone pain On top of that, my muscles ache Plus, my joints feel puffy and inflamed I also experience my joints feel rigid On top of that, i have limited range of motion Additionally, i have a bone fracture Additionally, i have progressive muscle weakness On top of that, i feel tingling throughout my body Additionally, my heel hurts when I walk Additionally, i injured myself during exercise",ORTHOPEDICS
I am experiencing bright red blood per rectum,NEUROLOGY
"Patient with chief complaint of t spine bone fracture displacement, assessed for unspecified fracture of t7 t8 vertebra init for clos bone fracture",ORTHOPEDICS
"Patient with chief complaint of abdominal pain, assessed for gastrointest hemorr nos",GASTROENTEROLOGY
"I have cysts on my ovaries On top of that, i have inconsistent menstrual cycles On top of that, i have pregnancy-related problems Also, i have issues with my periods Furthermore, i have mild period pain Additionally, i experience heavy menstrual bleeding Furthermore, i have very light periods Plus, my period is late Additionally, i have amenorrhea Also, my vaginal area is very itchy Plus, i have vaginal dryness I also experience i have persistent acne from hormonal imbalance Plus, i feel pain in my lower abdomen",GYNECOLOGY & OBSTETRICS
"I have polycystic ovary syndrome Also, i have inconsistent menstrual cycles On top of that, i have pregnancy-related problems Plus, i have issues with my periods Also, my period pain is mild I also experience i have heavy periods On top of that, my periods are barely there On top of that, my period is late I also experience i have amenorrhea I also experience my vaginal area is very itchy Also, i experience vaginal dryness Plus, my acne is hormone-related Additionally, i have pain in my lower stomach area",GYNECOLOGY & OBSTETRICS
"Emergency presentation: shortness of breath, vitals show heart rate 109 bpm, tachypnea respiratory rate 22",CARDIOLOGY
"my baby has a fever Also, my baby has a persistent cough Additionally, my infant has a cold Plus, my baby has a sore throat I also experience my baby has breathing difficulty On top of that, my infant is vomiting Furthermore, my baby has stomach pain Furthermore, my child has a rash on their body Additionally, my child is having convulsions I also experience my baby is not feeding well On top of that, my baby is inconsolable Also, my baby seems weak Plus, my child is not eating Additionally, my baby has low birth weight I also experience my infant has growth issues I also experience my baby has developmental delays Plus, my child is pulling at their ear Furthermore, my baby has yellow skin I also experience my baby has dry mouth and no tears I also experience my baby is wheezing",PEDIATRICS
"I have a fever Additionally, i have a dry cough On top of that, i am constantly fatigued I also experience my body feels weak I also experience i have migraine-like headaches Additionally, i am experiencing dizziness Plus, my whole body aches On top of that, my abdomen hurts Furthermore, i have an upset stomach with nausea On top of that, i am throwing up",GENERAL MEDICINE
"I am running a fever Plus, i keep coughing Furthermore, i have fatigue Plus, i have general weakness On top of that, i have persistent head pain Plus, i feel lightheaded Also, i have body pain Additionally, i feel pain in my belly Also, i feel queasy I also experience i have been throwing up",GENERAL MEDICINE
"Emergency presentation: abdominal pain nausea and vomiting, vitals show severe pain score 8 out of 10",GASTROENTEROLOGY
"I have migraine-like headaches On top of that, the room feels like it is spinning Additionally, i had a seizure episode On top of that, i feel tingling and numb Additionally, i have a tingling sensation all over I also experience my muscles feel like they are failing Plus, i experience involuntary shaking Additionally, my memory is getting worse Additionally, i am disoriented I also experience i feel like I might fall On top of that, i struggle to walk Furthermore, i have difficulty with speech On top of that, i have facial weakness I also experience i had a loss of consciousness Additionally, i have nerve pain I also experience my muscles are tight and stiff Additionally, i am clumsy Also, i have sleep problems",NEUROLOGY
"my back is very sore Also, i have numbness Furthermore, i have trouble walking Additionally, my joints are aching I also experience my neck is very painful I also experience i have knee pain Plus, my shoulder hurts Plus, i have hip joint pain Also, i have persistent bone pain On top of that, i feel muscle soreness Plus, my joints are swollen Plus, my joints are stiff I also experience i have difficulty moving Plus, i fractured a bone Also, my muscles are getting weaker Plus, i have a constant tingling sensation On top of that, i have pain in my heel Additionally, i have a sports injury",ORTHOPEDICS
I am experiencing infection,ONCOLOGY
"I have been having headaches Plus, i have vertigo-like dizziness Also, i have epilepsy-like seizures Furthermore, parts of my body feel numb Additionally, i have tingling sensations On top of that, i cannot move my muscles properly I also experience i have tremors Additionally, my memory is getting worse Plus, i feel muddled and confused Also, i feel like I might fall Also, i have trouble walking Additionally, i have speech problems Furthermore, one side of my face feels weak I also experience i was unconscious for a period Furthermore, i have sharp nerve pain Additionally, i have muscle stiffness Additionally, i am clumsy I also experience i have sleep problems",NEUROLOGY
"Emergency presentation: presyncope weakness, vitals show severe pain score 7 out of 10",CARDIOLOGY
"Patient with chief complaint of clogged foley, assessed for urinary tract infection site not specified",UROLOGY
I am experiencing transfer,CARDIOLOGY
"my baby has a fever Additionally, my infant is coughing a lot Additionally, my infant has a cold Additionally, my child is complaining of throat pain I also experience my child is struggling to breathe On top of that, my baby is vomiting Additionally, my baby has a stomach ache Additionally, my baby has a skin rash On top of that, my baby had a seizure I also experience my infant is not drinking milk properly Also, my child cries all the time I also experience my baby has low energy Plus, my child is not eating Plus, my infant is too small Plus, my baby is smaller than expected Also, my baby is developing slowly Additionally, my baby has an ear infection Additionally, my infant has jaundice Additionally, my baby is dehydrated I also experience my infant has wheezing",PEDIATRICS
"I am running a fever Furthermore, i keep coughing Plus, i have no energy I also experience i have general weakness I also experience i have a severe headache Additionally, i have vertigo-like dizziness On top of that, i have generalized body pain Plus, i feel pain in my belly On top of that, i have nausea I also experience i vomited multiple times",GENERAL MEDICINE
"Patient with chief complaint of eye evaluation, assessed for conjunctival hemorrhage",NEUROLOGY
"I have a fever Additionally, i have been coughing for days I also experience i feel weak and tired Also, i feel weak all over Additionally, i have a severe headache I also experience i am experiencing dizziness Also, my whole body aches I also experience i feel pain in my belly Furthermore, i have nausea I also experience i have been throwing up",GENERAL MEDICINE
"my back is very sore Furthermore, i feel tingling and numb I also experience i have difficulty walking Additionally, my joints are aching Additionally, i feel pain in my neck On top of that, i have knee pain On top of that, my shoulder hurts Plus, my hip hurts On top of that, i have persistent bone pain Plus, i feel muscle soreness Plus, my joints are swollen Furthermore, i have trouble moving my joints Plus, my movement is limited Plus, i have a broken bone Also, i experience muscle fatigue and weakness Plus, i feel tingling throughout my body I also experience my heel hurts when I walk Also, i got injured while playing sports",ORTHOPEDICS
"Patient with chief complaint of suicidal ideation, assessed for suicidal ideations",PSYCHIATRY
"I have vertigo-like dizziness Additionally, i feel like I might throw up On top of that, my chest hurts On top of that, i feel breathless Additionally, i feel my heart racing I also experience my pulse rate is inconsistent On top of that, i have hypertension Additionally, i have been fainting Additionally, i have a rapid pulse On top of that, my heart rate is low Additionally, i have debilitating fatigue Furthermore, my ankles and legs are puffy Additionally, i have a tight feeling in my chest Additionally, i have swollen ankles Additionally, i am drenched in sweat Additionally, i have lower back pain",CARDIOLOGY
"I have persistent head pain On top of that, the room feels like it is spinning I also experience i had a seizure episode Additionally, parts of my body feel numb Plus, i have a tingling sensation all over On top of that, i cannot move my muscles properly Additionally, my body shakes involuntarily On top of that, i cannot remember recent events I also experience i cannot think clearly Furthermore, i have poor balance and coordination I also experience i have difficulty walking Also, my speech is slurred On top of that, my face droops Plus, i blacked out Also, i have neuropathic pain On top of that, my muscles are tight and stiff I also experience i am clumsy Plus, i have trouble falling asleep",NEUROLOGY
"I have a severe headache Plus, i feel unsteady and dizzy Furthermore, i experienced a seizure I also experience parts of my body feel numb I also experience i experience tingling in my feet Furthermore, i have muscle weakness Plus, i have tremors I also experience i have memory problems Furthermore, i am disoriented Furthermore, i have balance problems On top of that, i walk with difficulty Furthermore, i have trouble speaking Furthermore, i have facial weakness Additionally, i fainted and lost consciousness Furthermore, i have sharp nerve pain On top of that, i have muscle stiffness I also experience i have trouble with fine motor tasks I also experience i wake up frequently at night",NEUROLOGY
"I feel hot and feverish Also, i have a dry cough I also experience i feel very tired Furthermore, i feel physically weak On top of that, i have a severe headache Furthermore, i am experiencing dizziness Additionally, i feel achy all over Furthermore, my stomach is hurting Additionally, i have nausea Also, i cannot keep food down",GENERAL MEDICINE
"the room feels like it is spinning Additionally, i have nausea Furthermore, i have chest pain Additionally, i cannot breathe properly Additionally, i feel my heart racing On top of that, my pulse rate is inconsistent Plus, i have hypertension Furthermore, i feel like I am going to pass out Plus, my heart beats very fast On top of that, my heart beats slowly Plus, i have debilitating fatigue Additionally, my legs are swollen Plus, my chest feels tight Also, my ankles are swollen Plus, i sweat a lot Plus, i have back pain",CARDIOLOGY
"Emergency presentation: suicidal ideation, vitals show heart rate 110 bpm",PSYCHIATRY
I am experiencing neck pain med refill,ORTHOPEDICS
Patient presents with infection,ONCOLOGY
"I have a throbbing headache On top of that, the room feels like it is spinning Plus, i experienced a seizure Furthermore, parts of my body feel numb Also, i have tingling sensations I also experience my muscles feel weak Additionally, my hands are shaking Furthermore, i keep forgetting things Also, i am disoriented I also experience i have trouble maintaining balance Plus, i have difficulty walking On top of that, i have difficulty with speech I also experience one side of my face feels weak On top of that, i fainted and lost consciousness Additionally, i feel burning nerve pain I also experience i have muscle stiffness On top of that, i am clumsy I also experience i cannot sleep well",NEUROLOGY
"I have polycystic ovary syndrome On top of that, my periods are not regular Plus, i have problems with my pregnancy I also experience i have issues with my periods I also experience i feel slight cramps during my period Plus, i experience heavy menstrual bleeding Furthermore, my periods are barely there On top of that, i have a delayed period Also, my period did not come this month Plus, i feel itchy down there I also experience my vaginal area lacks moisture Furthermore, i have persistent acne from hormonal imbalance Furthermore, i have lower abdominal pain",GYNECOLOGY & OBSTETRICS
Patient presents with confusion,GENERAL MEDICINE
I am experiencing l foot swelling l foot pain,CARDIOLOGY
I am experiencing fever neutropenia,GENERAL MEDICINE
"my baby has a fever Additionally, my baby is coughing I also experience my baby has a cold Additionally, my baby's throat is sore Plus, my infant has breathing problems Plus, my infant is vomiting Plus, my child is crying from stomach pain Furthermore, my baby's skin is irritated I also experience my baby had a seizure episode On top of that, my infant is not drinking milk properly I also experience my infant cries uncontrollably Furthermore, my baby seems weak Furthermore, my infant has no appetite Also, my infant is too small Plus, my infant has growth issues Plus, my child is not meeting milestones Plus, my infant cries from ear pain Plus, my baby has yellow skin Also, my baby has dry mouth and no tears On top of that, my child has a wheezing sound when breathing",PEDIATRICS
"I have upper back pain I also experience i feel numbness in my body Plus, i cannot walk properly Furthermore, i have joint pain On top of that, my neck hurts Additionally, i have knee pain Furthermore, my shoulder hurts Furthermore, my hip is stiff and painful Plus, i feel deep bone pain Additionally, my muscles ache Furthermore, my joints feel puffy and inflamed Additionally, i feel stiff in my joints Also, i cannot move my joint fully On top of that, i have a stress fracture Plus, i experience muscle fatigue and weakness On top of that, i have persistent tingling Additionally, my heel feels painful Plus, i have a sports injury",ORTHOPEDICS
"Patient with chief complaint of hypoglycemia, assessed for hypoglycemia unspecified",ENDOCRINOLOGY
"Patient with chief complaint of abdominal distention, assessed for asymptomatic hiv infection",GENERAL MEDICINE
"Emergency presentation: dyspnea productive cough, vitals show low oxygen saturation 93%",NEPHROLOGY
"I have a throbbing headache I also experience i feel dizzy Additionally, i have epilepsy-like seizures Also, parts of my body feel numb Additionally, i have tingling sensations Also, my muscles feel like they are failing On top of that, my hands are shaking I also experience i cannot remember recent events Furthermore, i have mental confusion Furthermore, i feel unsteady On top of that, i struggle to walk Additionally, i have speech problems Also, i have facial weakness Additionally, i was unconscious for a period Also, i feel burning nerve pain Furthermore, i have muscle stiffness I also experience i cannot coordinate my movements well Also, i have trouble falling asleep",NEUROLOGY
"Patient with chief complaint of nausea vomiting and diarrhea abdominal pain, assessed for asymptomatic hiv infection",GENERAL MEDICINE
"I have PCOS Furthermore, my menstrual cycle is irregular Additionally, i have pregnancy-related problems I also experience i have issues with my periods I also experience my period pain is mild Plus, i experience heavy menstrual bleeding Furthermore, i have scanty periods Plus, my menstruation is overdue Furthermore, i missed my period Furthermore, my vaginal area is very itchy Furthermore, i feel dry in the vaginal area Additionally, my acne is hormone-related Also, i have lower abdominal pain",GYNECOLOGY & OBSTETRICS
"Unexplained persistent fatigue, swollen glands, night sweats, and weight loss.",ONCOLOGY
Patient presents with hypotension,GENERAL MEDICINE
"I have been having headaches Plus, i feel unsteady and dizzy On top of that, i have had seizures Also, i have numbness Additionally, i feel tingling in my hands I also experience i cannot move my muscles properly Also, i have a tremor in my hands On top of that, i cannot remember recent events Also, i feel muddled and confused Additionally, i have poor balance and coordination Also, i cannot walk properly I also experience i cannot speak clearly Additionally, one side of my face feels weak Furthermore, i have lost consciousness Also, i have neuropathic pain I also experience my muscles are tight and stiff On top of that, i am clumsy Plus, i have insomnia",NEUROLOGY
"Patient with chief complaint of diarrhea fever, assessed for hypercholesterolemia",ENDOCRINOLOGY
"I have vertigo-like dizziness Also, i have nausea Furthermore, i feel a sharp pain in my chest Also, i experience breathing difficulty I also experience i have irregular heartbeats Also, my heartbeat is irregular Plus, my BP readings are high Additionally, i have been fainting I also experience my heart rate is elevated Furthermore, i have bradycardia On top of that, i have debilitating fatigue Furthermore, i have leg edema Plus, my chest feels tight On top of that, my ankles feel swollen and painful Also, i have excessive sweating Also, i have upper back pain",CARDIOLOGY
"my body temperature is high On top of that, i have a wet cough Plus, i feel exhausted Furthermore, i have general weakness Also, i have a severe headache Also, i feel lightheaded Furthermore, i have generalized body pain Additionally, i have lower abdominal pain Plus, i feel queasy Furthermore, i have been throwing up",GENERAL MEDICINE
"Patient with chief complaint of presyncope weakness, assessed for hypothyroidism unspecified",ENDOCRINOLOGY
"my child has a high temperature Furthermore, my baby has a persistent cough I also experience my baby is sneezing and has a runny nose Additionally, my baby has a sore throat Additionally, my baby has breathing difficulty On top of that, my baby cannot keep milk down Plus, my baby has stomach pain Plus, my baby has a skin rash Additionally, my baby had a seizure episode Also, my infant is not drinking milk properly I also experience my baby cries excessively Furthermore, my child is lethargic Also, my baby refuses to eat On top of that, my baby is underweight On top of that, my baby has delayed growth On top of that, my child is not meeting milestones Furthermore, my baby has an ear infection I also experience my baby has yellow skin Plus, my baby has dry mouth and no tears Also, my child has a wheezing sound when breathing",PEDIATRICS
I am experiencing hypothermia,ORTHOPEDICS
"I have back pain I also experience i feel tingling and numb Furthermore, i struggle to walk On top of that, i have painful joints Plus, i feel pain in my neck I also experience my knee hurts Plus, my shoulder is very sore On top of that, i have hip joint pain On top of that, i have bone pain Also, i have muscle pain Furthermore, i have swollen joints Plus, my joints feel rigid Also, i have limited range of motion On top of that, i have a broken bone Plus, my muscle strength is declining I also experience i have a constant tingling sensation Additionally, my heel feels painful I also experience i got injured while playing sports",ORTHOPEDICS
"Emergency presentation: hypotension, vitals show severe pain score 7 out of 10",GENERAL MEDICINE
"I have back pain Also, i have numbness I also experience i struggle to walk I also experience my joints are aching Furthermore, i feel pain in my neck Also, i have knee pain I also experience i have shoulder pain Additionally, i have hip pain I also experience my bones feel sore Plus, i have muscle pain Also, my joints are swollen Plus, my joints feel rigid Also, i have limited range of motion Plus, i have a bone fracture Also, my muscles are getting weaker On top of that, i have a constant tingling sensation On top of that, i have plantar fasciitis-like heel pain Furthermore, i got injured while playing sports",ORTHOPEDICS
Patient presents with cardiac arrest transfer,PULMONOLOGY
"I have lower back pain I also experience parts of my body feel numb Also, i have difficulty walking I also experience my joints hurt Plus, i have a stiff neck Also, my knee is swollen and painful I also experience i have a frozen shoulder Also, my hip is stiff and painful Plus, my bones ache Also, my muscles ache On top of that, my joints feel puffy and inflamed Additionally, my joints feel rigid On top of that, i have difficulty moving Also, i have a stress fracture Furthermore, my muscles are getting weaker Furthermore, i feel tingling throughout my body I also experience my heel feels painful Furthermore, i have a sprain from sports",ORTHOPEDICS
"the room feels like it is spinning Plus, i feel like I might throw up Furthermore, my chest hurts Additionally, i have difficulty breathing I also experience i have heart palpitations Furthermore, my heartbeat is irregular I also experience i have been diagnosed with high blood pressure Furthermore, i have been fainting Also, my heart rate is elevated Also, i have a slow heartbeat Additionally, i am incredibly tired On top of that, i have leg edema Furthermore, my chest feels constricted On top of that, my ankles are puffy On top of that, i have night sweats Plus, i have back pain",CARDIOLOGY
"I have cysts on my ovaries I also experience i have irregular periods On top of that, i am having pregnancy complications Furthermore, i have menstrual problems Also, i feel slight cramps during my period On top of that, i experience heavy menstrual bleeding Furthermore, my menstrual flow is very light Also, my period is late Plus, my period did not come this month On top of that, my vaginal area is very itchy Plus, my vaginal area lacks moisture I also experience i have persistent acne from hormonal imbalance Also, i have pain in my lower stomach area",GYNECOLOGY & OBSTETRICS
"I have upper back pain Furthermore, i have numbness Plus, i struggle to walk Plus, my joints hurt Additionally, i have a stiff neck On top of that, i have knee pain Additionally, i have a frozen shoulder Plus, my hip hurts Plus, my bones ache Also, i have muscle pain Furthermore, i have joint swelling On top of that, i feel stiff in my joints Also, i have difficulty moving On top of that, i have a stress fracture Additionally, my muscles are getting weaker Plus, i experience unusual tingling Plus, i have pain in my heel Furthermore, i injured myself during exercise",ORTHOPEDICS
"my back hurts Also, i feel tingling and numb I also experience i cannot walk properly Plus, my joints are aching Also, my neck hurts Plus, my knee hurts Additionally, i have a frozen shoulder Additionally, i have hip joint pain On top of that, i have persistent bone pain I also experience my muscles ache On top of that, my joints are swollen Furthermore, i have joint stiffness Additionally, my movement is limited Furthermore, i have a broken bone I also experience i have progressive muscle weakness Also, i feel tingling throughout my body I also experience my heel hurts when I walk Also, i got injured while playing sports",ORTHOPEDICS
"the room feels like it is spinning I also experience i am feeling sick to my stomach Furthermore, i have intermittent chest pain I also experience i have trouble catching my breath On top of that, i have heart palpitations On top of that, i feel pulse irregularity On top of that, i have high blood pressure Furthermore, i feel like I am going to pass out Additionally, i have a rapid pulse Additionally, i have a slow heartbeat Also, i am incredibly tired Additionally, my ankles and legs are puffy Additionally, my chest feels tight Also, my ankles are swollen Plus, i sweat a lot Plus, i have upper back pain",CARDIOLOGY
"I was diagnosed with PCOS Furthermore, my periods are not regular I also experience i have pregnancy-related problems On top of that, i experience menstrual difficulties I also experience my period pain is mild Also, i have menorrhagia I also experience my periods are barely there On top of that, i have a delayed period On top of that, i missed my period Also, i have vaginal itching I also experience i feel dry in the vaginal area Additionally, i get acne due to hormones Also, i feel pain in my lower abdomen",GYNECOLOGY & OBSTETRICS
"I have a severe headache Furthermore, i feel dizzy Plus, i had a seizure episode Furthermore, parts of my body feel numb Furthermore, i have tingling sensations I also experience my muscles feel like they are failing On top of that, i have tremors Furthermore, i keep forgetting things I also experience i have mental confusion Furthermore, i have trouble maintaining balance Plus, i walk with difficulty Also, my speech is slurred Additionally, i have facial paralysis Furthermore, i have lost consciousness Also, i feel burning nerve pain Furthermore, i have rigid muscles Additionally, i am clumsy Plus, i have sleep problems",NEUROLOGY
"I have migraine-like headaches Also, i am experiencing dizziness Additionally, i had a seizure episode Furthermore, i have numbness in my extremities I also experience i have tingling sensations Furthermore, my muscles feel weak Also, i have tremors Plus, my memory is getting worse Plus, i feel muddled and confused Plus, i have trouble maintaining balance Plus, i have trouble walking Plus, i cannot speak clearly I also experience my face droops Furthermore, i had a loss of consciousness Furthermore, i experience shooting nerve pain I also experience i experience muscle rigidity Furthermore, i feel uncoordinated Additionally, i have insomnia",NEUROLOGY
"my child has a high temperature Additionally, my baby has a persistent cough I also experience my baby is sneezing and has a runny nose I also experience my baby's throat is sore I also experience my baby has breathing difficulty Additionally, my baby is vomiting Also, my infant has abdominal pain Plus, my child has a rash on their body Also, my baby had a seizure episode Plus, my child refuses to eat Additionally, my infant cries uncontrollably Also, my baby has low energy Additionally, my baby has lost appetite Plus, my baby is underweight Also, my infant has growth issues I also experience my baby has developmental delays Also, my infant cries from ear pain On top of that, my baby has yellow skin Additionally, my infant shows signs of dehydration I also experience my baby is wheezing",PEDIATRICS
"Emergency presentation: abdominal pain back pain, vitals show heart rate 108 bpm, severe pain score 7 out of 10",GASTROENTEROLOGY
"I feel dizzy Also, i am feeling sick to my stomach On top of that, my chest feels tight and painful Also, i am short of breath Also, i have irregular heartbeats Furthermore, my pulse rate is inconsistent Furthermore, i have high blood pressure Furthermore, i have been fainting Additionally, i have tachycardia I also experience i have a slow heartbeat Additionally, i have debilitating fatigue On top of that, i have swelling in my legs On top of that, my chest feels constricted Additionally, my ankles are swollen Also, i have excessive sweating Plus, i have upper back pain",CARDIOLOGY
"I have persistent head pain Also, i feel dizzy On top of that, i experienced a seizure Furthermore, i have numbness On top of that, i have tingling sensations Plus, my muscles feel like they are failing Furthermore, my hands are shaking Furthermore, i have memory loss Also, i feel confused On top of that, i feel unsteady Plus, i struggle to walk Furthermore, i have difficulty with speech On top of that, my face droops Additionally, i have lost consciousness I also experience i experience shooting nerve pain Plus, my muscles feel stiff Furthermore, i feel uncoordinated Furthermore, i have sleep problems",NEUROLOGY
I am experiencing presyncope weakness,CARDIOLOGY
"Patient with chief complaint of neck pain med refill, assessed for cervicalgia",ORTHOPEDICS
"Patient with chief complaint of left hip bone fracture, assessed for bone fracture neck of femur nos cl",ORTHOPEDICS
"I have PCOS Plus, i have inconsistent menstrual cycles Furthermore, i have pregnancy-related problems On top of that, i experience menstrual difficulties I also experience i have mild menstrual cramps Plus, i have heavy periods Plus, my periods are barely there Also, my period is late On top of that, i have a missed period On top of that, i have vaginal itching On top of that, i have vaginal dryness Plus, i get acne due to hormones I also experience i feel pain in my lower abdomen",GYNECOLOGY & OBSTETRICS
"I have polycystic ovary syndrome On top of that, i have irregular periods Furthermore, i have pregnancy-related problems On top of that, i have menstrual problems Also, my period pain is mild Plus, i have menorrhagia On top of that, i have scanty periods Plus, my period is late Plus, i have amenorrhea Additionally, i have persistent vaginal itching On top of that, i experience vaginal dryness Also, my acne is hormone-related I also experience i feel pain in my lower abdomen",GYNECOLOGY & OBSTETRICS
"I have a throbbing headache Furthermore, i have vertigo-like dizziness On top of that, i have had seizures On top of that, i feel tingling and numb Furthermore, i experience tingling in my feet Additionally, my muscles feel like they are failing Also, i experience involuntary shaking Plus, i cannot remember recent events On top of that, i have mental confusion Furthermore, i have balance problems On top of that, i have difficulty walking Additionally, i cannot speak clearly Additionally, my face droops I also experience i fainted and lost consciousness Furthermore, i feel burning nerve pain Also, i have muscle stiffness Furthermore, i am clumsy I also experience i have sleep problems",NEUROLOGY
"I have been having headaches Plus, the room feels like it is spinning Also, i have convulsions I also experience i feel numbness in my body Also, i feel tingling in my hands Additionally, my muscles feel like they are failing Plus, i have a tremor in my hands Furthermore, i have memory loss Additionally, i feel muddled and confused Plus, i have trouble maintaining balance Plus, i have trouble walking Furthermore, my speech is slurred Additionally, i have facial paralysis Plus, i had a loss of consciousness Plus, i feel burning nerve pain Plus, my muscles are tight and stiff Furthermore, i have trouble with fine motor tasks Also, i have sleep problems",NEUROLOGY
"Patient with chief complaint of cough dyspnea, assessed for acute kidney failure unspecified",NEPHROLOGY
"I have PCOS Additionally, i have irregular periods Additionally, i am having pregnancy complications Also, i experience menstrual difficulties Also, i feel slight cramps during my period On top of that, my periods are very heavy On top of that, i have scanty periods I also experience my menstruation is overdue Furthermore, i have a missed period Plus, i feel itchy down there Furthermore, my vaginal area lacks moisture Plus, i have hormonal acne I also experience i feel pain in my lower abdomen",GYNECOLOGY & OBSTETRICS
"I have upper back pain Additionally, i have numbness I also experience i walk with difficulty On top of that, i have joint pain Plus, i have neck pain Furthermore, my knee hurts Plus, my shoulder hurts I also experience i feel pain in my hip Plus, my bones ache On top of that, my muscles are painful Furthermore, i have inflamed swollen joints Additionally, i have joint stiffness I also experience i have limited range of motion Furthermore, i have a bone fracture Furthermore, my muscles are getting weaker On top of that, i feel tingling throughout my body Additionally, i have pain in my heel Plus, i got injured while playing sports",ORTHOPEDICS
"I have upper back pain Furthermore, i have numbness in my extremities I also experience i cannot walk properly I also experience my joints are aching On top of that, i feel pain in my neck Plus, i have difficulty with my knee Additionally, my shoulder is very sore Also, i feel pain in my hip Also, my bones ache Furthermore, i have muscle pain Additionally, i have inflamed swollen joints On top of that, my joints are stiff Additionally, i have limited range of motion I also experience i have a bone fracture On top of that, i have progressive muscle weakness Furthermore, i have a constant tingling sensation Also, i have pain in my heel Furthermore, i have a sports injury",ORTHOPEDICS
I am experiencing syncope transfer,CARDIOLOGY
"Patient with chief complaint of chest pain transfer, assessed for non st elevation nstemi myocardial infarction",CARDIOLOGY
I am experiencing psychiatric hold altered mental status,ENDOCRINOLOGY
"I have a high temperature Furthermore, i have a wet cough I also experience i have fatigue Additionally, i have general weakness Furthermore, i have persistent head pain Plus, i am experiencing dizziness Plus, i have generalized body pain Also, i have lower abdominal pain Furthermore, i feel like I might throw up Additionally, i have persistent vomiting",GENERAL MEDICINE
"I have persistent head pain On top of that, the room feels like it is spinning I also experience i have epilepsy-like seizures Plus, i feel numbness in my body Also, i have tingling sensations On top of that, i cannot move my muscles properly Furthermore, my body shakes involuntarily Also, i cannot remember recent events Plus, i cannot think clearly Furthermore, i have balance problems Also, i have trouble walking Plus, i cannot speak clearly Furthermore, i have facial paralysis Furthermore, i have lost consciousness Plus, i experience shooting nerve pain Additionally, my muscles feel stiff Also, i have trouble with fine motor tasks Furthermore, i cannot sleep well",NEUROLOGY
"I have polycystic ovary syndrome Plus, my menstrual cycle is irregular Plus, i am having pregnancy complications I also experience i have issues with my periods Additionally, i feel slight cramps during my period Additionally, i have menorrhagia Also, my menstrual flow is very light Furthermore, my period has been delayed Also, i missed my period Furthermore, i have persistent vaginal itching Also, i experience vaginal dryness Additionally, my acne is hormone-related Also, i feel pain in my lower abdomen",GYNECOLOGY & OBSTETRICS
"Patient with chief complaint of suicidal ideation, assessed for depressive disorder",PSYCHIATRY
Patient presents with abdominal pain nausea vomiting and diarrhea,GASTROENTEROLOGY
"Emergency presentation: clogged foley, vitals show severe pain score 8 out of 10",UROLOGY
"I feel lightheaded Also, i feel nauseous Plus, i have chest pain Also, i am short of breath Plus, my heart skips beats Additionally, i feel pulse irregularity On top of that, i have been diagnosed with high blood pressure Additionally, i fainted recently Furthermore, i have tachycardia Additionally, my heart rate is low Plus, i can barely stay awake Also, my legs feel heavy and swollen On top of that, my chest feels tight Also, my ankles feel swollen and painful Additionally, i am drenched in sweat Plus, i have back pain",CARDIOLOGY
"Sinus pain, nasal congestion, runny nose, and severe pressure around eyes and forehead.",ENT
"Emergency presentation: dyspnea on exertion, vitals show heart rate 106 bpm",ENDOCRINOLOGY
"Patient with chief complaint of assault, assessed for ac alcohol intox unspec",PSYCHIATRY
"I feel unsteady and dizzy I also experience i feel nauseous I also experience my chest feels tight and painful Plus, i have trouble catching my breath I also experience i feel my heart racing Plus, my heartbeat is irregular On top of that, my BP readings are high Furthermore, i have been fainting I also experience i have a rapid pulse Furthermore, i have a slow pulse rate Furthermore, i feel utterly exhausted Furthermore, my legs feel heavy and swollen Additionally, i feel chest tightness Also, my ankles are puffy On top of that, i am drenched in sweat Plus, i have back pain",CARDIOLOGY
Patient presents with syncope transfer,CARDIOLOGY
Patient presents with weakness atrial fibrillation transfer,CARDIOLOGY
"I have back pain Plus, i have numbness Additionally, i have difficulty walking Additionally, i have painful joints Plus, i feel pain in my neck Furthermore, my knee is swollen and painful Plus, i have shoulder pain Furthermore, my hip hurts On top of that, my bones ache Also, my muscles are painful Also, i have joint swelling Additionally, my joints feel rigid I also experience i have restricted movement Additionally, i have a bone fracture Also, i experience muscle fatigue and weakness Also, i feel tingling throughout my body On top of that, i have pain in my heel Plus, i injured myself during exercise",ORTHOPEDICS
"I have a throbbing headache On top of that, i am experiencing dizziness Also, i experienced a seizure Additionally, i have numbness in my extremities Also, i have pins and needles feeling On top of that, my muscles feel like they are failing On top of that, my hands are shaking On top of that, my memory is getting worse Furthermore, i feel confused Furthermore, i feel like I might fall I also experience i cannot walk properly On top of that, my speech is slurred Additionally, my facial muscles feel weak Additionally, i was unconscious for a period Furthermore, i have neuropathic pain I also experience i experience muscle rigidity Additionally, i feel uncoordinated I also experience i have insomnia",NEUROLOGY
"I feel unsteady and dizzy I also experience i am feeling sick to my stomach Plus, i have chest pain Also, i cannot breathe properly On top of that, my heart is beating fast I also experience i feel pulse irregularity I also experience my BP readings are high Furthermore, i fainted recently Also, my heart rate is elevated I also experience i have bradycardia Furthermore, i have extreme fatigue Plus, my legs are swollen Additionally, i have pressure and tightness in my chest Also, i have swollen ankles Plus, i sweat a lot Furthermore, i have lower back pain",CARDIOLOGY
"my infant is feverish Furthermore, my child has a cough Plus, my baby has a cold Additionally, my baby's throat is sore I also experience my infant has breathing problems Furthermore, my baby is vomiting Furthermore, my infant has abdominal pain Furthermore, my baby's skin is irritated Also, my baby had a seizure episode I also experience my baby is not feeding well Additionally, my infant cries uncontrollably Additionally, my baby seems weak Furthermore, my baby has lost appetite Furthermore, my infant is too small I also experience my child is not growing properly Furthermore, my child is not meeting milestones Additionally, my baby has an ear infection Plus, my child looks jaundiced I also experience my baby is dehydrated Plus, my child has a wheezing sound when breathing",PEDIATRICS
"Frequent infections, easy bleeding from gums, petechiae purple skin spots.",HEMATOLOGY
"I was diagnosed with PCOS Furthermore, i have irregular periods Also, i am having pregnancy complications Also, i experience menstrual difficulties Furthermore, i have mild period pain Also, i have menorrhagia Furthermore, my menstrual flow is very light Also, my period has been delayed On top of that, i have a missed period Plus, my vaginal area is very itchy I also experience i feel dry in the vaginal area Plus, i have hormonal acne Plus, i feel pain in my lower abdomen",GYNECOLOGY & OBSTETRICS
"I have a severe headache I also experience i feel dizzy Plus, i have had seizures I also experience i feel numbness in my body Additionally, i feel tingling in my hands Furthermore, my muscles feel weak Furthermore, i have tremors I also experience i have memory loss Additionally, i have mental confusion Additionally, i have poor balance and coordination Also, i have difficulty walking Plus, i have trouble speaking On top of that, i have facial weakness Furthermore, i was unconscious for a period On top of that, i have neuropathic pain Plus, i have muscle stiffness Also, i am clumsy Also, i cannot sleep well",NEUROLOGY
"my baby has a fever Also, my baby has a persistent cough I also experience my baby has a cold Also, my infant has throat pain Additionally, my baby is short of breath Also, my baby is vomiting Furthermore, my baby has stomach pain Additionally, my baby's skin is irritated I also experience my baby had a seizure episode Additionally, my infant is not drinking milk properly On top of that, my baby is inconsolable Also, my baby seems weak Also, my baby has lost appetite Plus, my infant is too small On top of that, my child is not growing properly I also experience my baby is developing slowly Also, my infant cries from ear pain Additionally, my infant has jaundice On top of that, my baby has dry mouth and no tears On top of that, my child has a wheezing sound when breathing",PEDIATRICS
"Patient with chief complaint of abnormal labs etoh hypotension, assessed for acute kidney failure unspecified",NEPHROLOGY
"I have upper back pain On top of that, i have numbness in my extremities Also, i have trouble walking Furthermore, my joints are aching I also experience i have a stiff neck Also, i feel pain in my knee Additionally, my shoulder hurts Also, i have hip pain Plus, i have bone pain Plus, i have muscle cramps and pain Plus, i have swollen joints Also, my joints are stiff Plus, i have difficulty moving Additionally, i fractured a bone I also experience i have progressive muscle weakness I also experience i experience unusual tingling Plus, i have pain in my heel Plus, i injured myself during exercise",ORTHOPEDICS
"my baby feels very hot Furthermore, my baby is coughing Furthermore, my infant has a cold Additionally, my baby has a sore throat On top of that, my baby has breathing difficulty On top of that, my infant is vomiting Additionally, my baby has a stomach ache Also, my infant has a red rash I also experience my baby had a seizure episode Also, my child refuses to eat Also, my baby is inconsolable Additionally, my infant appears weak and floppy Additionally, my baby has lost appetite Also, my infant is too small Additionally, my baby has delayed growth Plus, my child is not meeting milestones I also experience my infant cries from ear pain Furthermore, my child looks jaundiced On top of that, my child is not drinking enough fluids On top of that, my baby is wheezing",PEDIATRICS
"Patient with chief complaint of r foot pain, assessed for non prs chronic ulcer oth prt right foot w unspecified severity",GASTROENTEROLOGY
Patient presents with ich,NEUROLOGY
"Patient with chief complaint of l foot swelling l foot pain, assessed for type 1 diabetes mellitus without complications",ENDOCRINOLOGY
"Emergency presentation: transfer status post fall, vitals show tachypnea respiratory rate 22, severe pain score 8 out of 10",ORTHOPEDICS
"my back hurts On top of that, i have numbness in my extremities Additionally, i walk with difficulty Plus, my joints are aching Plus, my neck is very painful Additionally, my knee is swollen and painful Also, i feel pain in my shoulder Plus, i feel pain in my hip On top of that, i feel deep bone pain I also experience i have muscle cramps and pain Plus, i have joint swelling Furthermore, i feel stiff in my joints Also, i cannot move my joint fully Plus, i fractured a bone Additionally, i experience muscle fatigue and weakness On top of that, i have a constant tingling sensation Furthermore, my heel hurts when I walk On top of that, i have a sprain from sports",ORTHOPEDICS
"Chipped tooth with exposed nerve, intense sharp dental pain, and gum swelling.",DENTISTRY
"Patient with chief complaint of head bleed, assessed for bone fracture neck of femur nos cl",ORTHOPEDICS
"I have a fever Additionally, i have a persistent cough I also experience i feel very tired Additionally, i feel drained and weak Also, i have been having headaches Furthermore, i feel unsteady and dizzy Furthermore, i have body pain Also, i have abdominal cramps Furthermore, i feel queasy Additionally, i cannot keep food down",GENERAL MEDICINE
I am experiencing rlq abdominal pain,GENERAL MEDICINE
"I have polycystic ovary syndrome Plus, i have inconsistent menstrual cycles Furthermore, i have pregnancy-related problems Additionally, i have menstrual problems Additionally, i have mild period pain Also, i experience heavy menstrual bleeding Also, i have very light periods Additionally, i have a delayed period Plus, i have a missed period On top of that, i have persistent vaginal itching Plus, my vaginal area lacks moisture Additionally, i have hormonal acne Furthermore, i have lower abdominal pain",GYNECOLOGY & OBSTETRICS
"I have migraine-like headaches On top of that, i am experiencing dizziness I also experience i experienced a seizure Also, parts of my body feel numb Furthermore, i feel tingling in my hands I also experience i have muscle weakness Additionally, my hands are shaking Additionally, i have memory loss I also experience i cannot think clearly On top of that, i have balance problems Plus, i struggle to walk Also, i cannot speak clearly I also experience one side of my face feels weak Also, i had a loss of consciousness Furthermore, i experience shooting nerve pain On top of that, i have rigid muscles On top of that, i cannot coordinate my movements well Also, i have trouble falling asleep",NEUROLOGY
"Patient with chief complaint of cough dyspnea, assessed for dyspnea unspecified",PULMONOLOGY
"Patient with chief complaint of t spine bone fracture displacement, assessed for unspecified fracture of t5 t6 vertebra init for clos bone fracture",ORTHOPEDICS
Patient presents with lower back pain,RHEUMATOLOGY
"I have severe stomach pain, heartburn, acid reflux, and stomach bloating.",GASTROENTEROLOGY
Patient presents with b leg swelling,ENDOCRINOLOGY
"I have back pain Additionally, parts of my body feel numb On top of that, i have difficulty walking I also experience i feel pain in my joints Furthermore, i have neck pain I also experience i have knee pain Also, i have a frozen shoulder Additionally, my hip is stiff and painful Furthermore, i have persistent bone pain I also experience i have muscle cramps and pain Additionally, my joints feel puffy and inflamed Additionally, i have trouble moving my joints Furthermore, i cannot move my joint fully On top of that, i fractured a bone On top of that, my muscles are getting weaker Also, i have a constant tingling sensation Furthermore, i have pain in my heel I also experience i have a sprain from sports",ORTHOPEDICS
"Patient with chief complaint of dizziness, assessed for adv eff vasodilators nec",GENERAL MEDICINE
Patient presents with back pain,ORTHOPEDICS
Patient presents with clogged foley,UROLOGY
"I have PCOS Also, my periods are not regular I also experience i have problems with my pregnancy On top of that, i have issues with my periods Furthermore, my period pain is mild Furthermore, i have menorrhagia Plus, my menstrual flow is very light On top of that, my period is late Plus, i missed my period On top of that, i have persistent vaginal itching Also, i feel dry in the vaginal area Furthermore, my acne is hormone-related Additionally, i have pain in my lower stomach area",GYNECOLOGY & OBSTETRICS
"Patient with chief complaint of weakness hypotension, assessed for chronic myeloid leuk bcr abl positive not achieve remis",ONCOLOGY
"Patient with chief complaint of altered mental status, assessed for acute kidney failure unspecified",NEPHROLOGY
"Emergency presentation: chest pain nausea and vomiting, vitals show heart rate 106 bpm, severe pain score 8 out of 10",GENERAL MEDICINE
"I have a throbbing headache Furthermore, i have vertigo-like dizziness Also, i experienced a seizure On top of that, i feel numbness in my body I also experience i have a tingling sensation all over Plus, i have progressive muscle weakness I also experience i have tremors Furthermore, i have memory loss On top of that, i am disoriented Also, i feel like I might fall Plus, i have trouble walking On top of that, i have speech problems Also, one side of my face feels weak On top of that, i had a loss of consciousness Additionally, i have neuropathic pain On top of that, i experience muscle rigidity Plus, i feel uncoordinated Also, i have insomnia",NEUROLOGY
"I feel dizzy Additionally, i have nausea Furthermore, i have chest pain Plus, i cannot breathe properly Also, my heart is beating fast On top of that, i have an uneven heartbeat Plus, i have hypertension On top of that, i feel like I might faint Furthermore, my heart rate is elevated I also experience i have a slow pulse rate Plus, i feel utterly exhausted Plus, my legs are swollen Furthermore, i have a tight feeling in my chest Also, i have ankle edema On top of that, i have excessive sweating Furthermore, i have back pain",CARDIOLOGY
"I have a fever I also experience i have a dry cough I also experience i feel very tired On top of that, i feel physically weak I also experience i have been having headaches I also experience i am experiencing dizziness On top of that, i feel achy all over I also experience my stomach is hurting I also experience i feel queasy Additionally, i have persistent vomiting",GENERAL MEDICINE
"I have been having headaches Plus, i feel dizzy Also, i experienced a seizure On top of that, i have numbness in my extremities Also, i have a tingling sensation all over Also, i have progressive muscle weakness On top of that, i have a tremor in my hands Furthermore, i have memory loss I also experience i have mental confusion I also experience i feel like I might fall On top of that, i walk with difficulty I also experience i have difficulty with speech On top of that, my face droops I also experience i have lost consciousness Furthermore, i have neuropathic pain I also experience i have rigid muscles On top of that, i feel uncoordinated Additionally, i wake up frequently at night",NEUROLOGY
"Emergency presentation: right ear pain drainage, vitals show low oxygen saturation 94%, severe pain score 7 out of 10",CARDIOLOGY
"I feel dizzy Furthermore, i feel queasy I also experience i have chest pain I also experience i cannot breathe properly Furthermore, i feel my heart pounding Furthermore, i have an irregular pulse I also experience my blood pressure is elevated Additionally, i feel like I am going to pass out I also experience i have a rapid pulse Furthermore, my heart beats slowly Plus, i have extreme fatigue Also, my legs feel heavy and swollen On top of that, my chest feels constricted Plus, my ankles feel swollen and painful Additionally, i am sweating excessively I also experience my back hurts",CARDIOLOGY
"I have a high temperature Plus, i have been coughing for days On top of that, i have fatigue Also, i feel physically weak Also, i have been having headaches On top of that, i feel unsteady and dizzy I also experience my body is sore Additionally, i have stomach pain I also experience i have nausea Additionally, i cannot keep food down",GENERAL MEDICINE
I am experiencing hematuria dysuria,GASTROENTEROLOGY
I am experiencing status post fall l shoulder pain,ENDOCRINOLOGY
"my baby has a fever Additionally, my baby has a persistent cough Additionally, my child has cold symptoms Furthermore, my infant has throat pain Plus, my infant has breathing problems Also, my child has been throwing up Also, my infant has abdominal pain Furthermore, my baby's skin is irritated Also, my baby had a seizure episode I also experience my baby has poor appetite On top of that, my infant cries uncontrollably Additionally, my infant appears weak and floppy Furthermore, my child is not eating Also, my baby has low birth weight On top of that, my baby has delayed growth Furthermore, my baby is developing slowly Furthermore, my child is pulling at their ear Additionally, my child looks jaundiced I also experience my child is not drinking enough fluids Plus, my baby wheezes when breathing",PEDIATRICS
I am experiencing left leg pain weakness,UROLOGY
Patient presents with cough dyspnea,GENERAL MEDICINE
"I feel lightheaded Furthermore, i have nausea On top of that, i have pressure in my chest On top of that, i cannot breathe properly Also, my heart is beating fast On top of that, i feel pulse irregularity Also, my BP readings are high Also, i feel like I am going to pass out Plus, i have a fast heartbeat On top of that, my heart rate is low Also, i can barely stay awake Plus, my legs are swollen Plus, i have a tight feeling in my chest I also experience i have swollen ankles Plus, i am drenched in sweat Additionally, my back hurts",CARDIOLOGY
"I have PCOS Additionally, i have irregular periods Plus, i have problems with my pregnancy Also, i experience menstrual difficulties I also experience i have mild menstrual cramps I also experience i experience heavy menstrual bleeding Additionally, i have scanty periods Additionally, i have a delayed period I also experience i have amenorrhea Furthermore, i have vaginal itching I also experience my vaginal area lacks moisture Also, i get acne due to hormones Additionally, i have pain in my lower stomach area",GYNECOLOGY & OBSTETRICS
"Patient with chief complaint of tachycardia, assessed for hyperkalemia",NEPHROLOGY
"Patient with chief complaint of psychiatric hold, assessed for psychosis nos",PSYCHIATRY
"Patient with chief complaint of ili, assessed for urin tract infection nos",NEPHROLOGY
"I have migraine-like headaches Additionally, i feel unsteady and dizzy Furthermore, i have convulsions Additionally, i have numbness Additionally, i have a tingling sensation all over Plus, i have progressive muscle weakness Plus, i experience involuntary shaking Additionally, my memory is getting worse Plus, i am disoriented Furthermore, i have poor balance and coordination Furthermore, i walk with difficulty Additionally, i have speech problems On top of that, one side of my face feels weak Plus, i have lost consciousness I also experience i have nerve pain Also, my muscles feel stiff Plus, i have poor coordination Furthermore, i cannot sleep well",NEUROLOGY
"Patient with chief complaint of etoh suicidal ideation, assessed for suicidal ideations",PSYCHIATRY
"I have polycystic ovary syndrome Also, i have irregular periods On top of that, i have problems with my pregnancy Furthermore, i have issues with my periods On top of that, i have mild period pain Plus, my periods are very heavy Plus, i have scanty periods Plus, my period is late Additionally, i have amenorrhea Additionally, my vaginal area is very itchy On top of that, i have vaginal dryness On top of that, i have persistent acne from hormonal imbalance On top of that, my lower belly hurts",GYNECOLOGY & OBSTETRICS
I have red itchy skin rashes on my arms and torso that feel inflamed.,DERMATOLOGY
"my baby feels very hot Furthermore, my infant is coughing a lot On top of that, my baby is sneezing and has a runny nose Also, my infant has throat pain Also, my baby is short of breath Furthermore, my baby is vomiting Additionally, my infant has abdominal pain Plus, my child has a rash on their body Furthermore, my child is having convulsions Plus, my baby has poor appetite Additionally, my child cries all the time Also, my baby seems weak Furthermore, my child is not eating On top of that, my infant is too small I also experience my child is not growing properly Plus, my child is not meeting milestones Plus, my baby has ear pain On top of that, my child looks jaundiced Also, my child is not drinking enough fluids Also, my baby is wheezing",PEDIATRICS
"Emergency presentation: head injury neck pain status post fall, vitals show severe pain score 10 out of 10",GENERAL MEDICINE
"Patient with chief complaint of chest pain nausea, assessed for chest pain unspecified",GENERAL MEDICINE
"my back is very sore On top of that, i feel numbness in my body Furthermore, i have trouble walking Plus, i feel pain in my joints Plus, i have neck pain Plus, my knee hurts Plus, i feel pain in my shoulder On top of that, i feel pain in my hip Also, i have bone pain Plus, my muscles are painful Plus, my joints feel puffy and inflamed On top of that, i have trouble moving my joints Also, i have limited range of motion I also experience i have a stress fracture I also experience my muscle strength is declining Plus, i have a constant tingling sensation Additionally, my heel feels painful Also, i got injured while playing sports",ORTHOPEDICS
"my head hurts Also, i feel lightheaded Plus, i experienced a seizure I also experience i feel tingling and numb Also, i have pins and needles feeling Plus, my muscles feel like they are failing Furthermore, i have tremors Plus, i keep forgetting things I also experience i feel confused Furthermore, i feel like I might fall Plus, i have trouble walking Furthermore, i cannot speak clearly On top of that, i have facial paralysis Also, i have lost consciousness On top of that, i have sharp nerve pain Also, i have muscle stiffness Plus, i feel uncoordinated Also, i have insomnia",NEUROLOGY
Patient presents with dyspnea on exertion,ENDOCRINOLOGY
"my body temperature is high I also experience i have a wet cough I also experience i have no energy On top of that, my body feels weak Also, i have a severe headache On top of that, i feel dizzy On top of that, i have widespread body pain On top of that, i feel pain in my belly Also, i feel like I might throw up Also, i have been throwing up",GENERAL MEDICINE
"I have migraine-like headaches On top of that, i feel lightheaded I also experience i had a seizure episode Furthermore, parts of my body feel numb On top of that, i feel tingling in my hands On top of that, i have progressive muscle weakness I also experience my hands are shaking Furthermore, i have memory problems Also, i feel confused Also, i feel unsteady Also, i have trouble walking Also, i cannot speak clearly Also, my face droops I also experience i was unconscious for a period On top of that, i experience shooting nerve pain On top of that, my muscles are tight and stiff Plus, i have poor coordination Additionally, i have trouble falling asleep",NEUROLOGY
"Patient with chief complaint of b leg swelling, assessed for long term current use of insulin",GENERAL MEDICINE
"Patient with chief complaint of head injury neck pain status post fall, assessed for suicidal ideations",PSYCHIATRY
"I have cysts on my ovaries Additionally, my menstrual cycle is irregular Furthermore, i am experiencing issues during pregnancy I also experience i experience menstrual difficulties Furthermore, i feel slight cramps during my period Also, my periods are very heavy On top of that, i have very light periods Plus, i have a delayed period Plus, i have a missed period Furthermore, my vaginal area is very itchy Additionally, i experience vaginal dryness On top of that, i have hormonal acne I also experience i feel pain in my lower abdomen",GYNECOLOGY & OBSTETRICS
"I have a throbbing headache I also experience the room feels like it is spinning Plus, i have epilepsy-like seizures Plus, i have numbness Also, i feel tingling in my hands Furthermore, my muscles feel weak Additionally, i have a tremor in my hands On top of that, my memory is getting worse On top of that, i have mental confusion On top of that, i have balance problems On top of that, i walk with difficulty Plus, i have trouble speaking I also experience i have facial weakness Additionally, i fainted and lost consciousness Additionally, i have nerve pain Plus, my muscles feel stiff I also experience i have poor coordination Plus, i have insomnia",NEUROLOGY
Patient presents with motor vehicle collision intubated trauma,PSYCHIATRY
I am experiencing confusion,GENERAL MEDICINE
"Patient with chief complaint of abnormal labs weakness, assessed for elevated white blood cell count unspecified",HEMATOLOGY
"Incontinence, painful urination, lower abdominal bladder pressure, and blood in urine.",UROLOGY
"my baby has a fever Furthermore, my infant is coughing a lot I also experience my infant has a cold Additionally, my baby's throat is sore Additionally, my baby is short of breath Additionally, my infant is vomiting Also, my infant has abdominal pain Plus, my baby's skin is irritated Also, my child is having convulsions Furthermore, my baby has poor appetite Additionally, my baby cries excessively Additionally, my infant appears weak and floppy On top of that, my child is not eating On top of that, my child is not gaining weight properly On top of that, my baby has delayed growth Furthermore, my baby is developing slowly I also experience my baby has an ear infection Also, my infant has jaundice Furthermore, my infant shows signs of dehydration I also experience my child has a wheezing sound when breathing",PEDIATRICS
"my back is very sore Also, i have numbness Plus, i have difficulty walking Additionally, my joints hurt Plus, i have a stiff neck On top of that, i have difficulty with my knee Furthermore, i have a frozen shoulder I also experience my hip hurts Also, my bones feel sore Furthermore, my muscles are painful Additionally, i have joint swelling Plus, i have trouble moving my joints I also experience i have difficulty moving On top of that, i have a stress fracture Also, my muscles are getting weaker I also experience i have persistent tingling On top of that, my heel hurts when I walk Plus, i got injured while playing sports",ORTHOPEDICS
"Patient with chief complaint of l weakness unable to ambulate, assessed for cerebral infarction unspecified",NEUROLOGY
"my infant is feverish On top of that, my child has a cough Plus, my child has cold symptoms Also, my infant has throat pain On top of that, my child is struggling to breathe Also, my child has been throwing up I also experience my infant has abdominal pain Also, my baby has a skin rash I also experience my child is having convulsions Furthermore, my baby is not feeding well On top of that, my child cries all the time Also, my baby seems weak On top of that, my baby has lost appetite Additionally, my baby is underweight Plus, my baby has delayed growth Additionally, my infant has delayed development Furthermore, my baby has ear pain Also, my child looks jaundiced Plus, my baby has dry mouth and no tears Plus, my infant has wheezing",PEDIATRICS
"my body temperature is high Plus, i am coughing a lot I also experience i feel weak and tired Additionally, i lack strength I also experience i have a severe headache Plus, i feel unsteady and dizzy Furthermore, my whole body aches Also, i have lower abdominal pain Additionally, i have an upset stomach with nausea On top of that, i have persistent vomiting",GENERAL MEDICINE
"Patient with chief complaint of palpitations, assessed for congestive heart failure unspec",CARDIOLOGY
"Emergency presentation: chest pain transfer, vitals show heart rate 120 bpm, severe pain score 8 out of 10",CARDIOLOGY
I am experiencing eye pain,GASTROENTEROLOGY
Patient presents with eye pain,GASTROENTEROLOGY
"Emergency presentation: aortic disection, vitals show heart rate 103 bpm",CARDIOLOGY
"I have persistent head pain Also, i feel lightheaded Also, i have epilepsy-like seizures On top of that, parts of my body feel numb Furthermore, i have a tingling sensation all over Plus, my muscles feel weak I also experience i experience involuntary shaking Also, i have memory problems I also experience i am disoriented On top of that, i feel like I might fall Plus, i struggle to walk On top of that, i have trouble speaking Additionally, i have facial weakness I also experience i have lost consciousness I also experience i experience shooting nerve pain Plus, i have muscle stiffness On top of that, i am clumsy On top of that, i wake up frequently at night",NEUROLOGY
"Patient with chief complaint of dislodged abdominal tube, assessed for atrial fibrillation",CARDIOLOGY
"Patient with chief complaint of weakness hypotension, assessed for sepsis unspecified organism",GENERAL MEDICINE
"Patient with chief complaint of hemodialysis, assessed for displacement of surgically created av fistula init",ORTHOPEDICS
"Patient with chief complaint of abdominal pain nausea and vomiting, assessed for unspecified viral hepatitis c without hepatic coma",NEUROLOGY
"I feel dizzy Also, i have an upset stomach with nausea Furthermore, my chest hurts I also experience i experience breathing difficulty Furthermore, i feel my heart racing Plus, my heartbeat is irregular Also, my BP readings are high Furthermore, i fainted recently On top of that, i have a rapid pulse Plus, i have a slow pulse rate On top of that, i feel utterly exhausted Also, i have swelling in my legs I also experience i have a tight feeling in my chest I also experience i have swollen ankles Plus, i sweat a lot Furthermore, i have back pain",CARDIOLOGY
"Patient with chief complaint of altered mental status, assessed for urin tract infection nos",NEPHROLOGY
"I feel dizzy Furthermore, i feel queasy Additionally, i have intermittent chest pain Plus, i experience breathing difficulty Plus, i have irregular heartbeats I also experience i have an irregular pulse Plus, my BP readings are high On top of that, i feel like I am going to pass out On top of that, i have tachycardia I also experience my heart beats slowly I also experience i can barely stay awake Additionally, my ankles and legs are puffy Plus, i have a tight feeling in my chest Additionally, my ankles feel swollen and painful On top of that, i am drenched in sweat Furthermore, my back is very sore",CARDIOLOGY
Patient presents with confusion status post fall,CARDIOLOGY
"I have been having headaches I also experience i have vertigo-like dizziness On top of that, i have convulsions Furthermore, i feel tingling and numb Plus, i feel tingling in my hands I also experience my muscles feel weak On top of that, i have tremors Plus, my memory is getting worse Additionally, i have mental confusion On top of that, i have balance problems Furthermore, i have trouble walking I also experience i have trouble speaking Plus, i have facial paralysis On top of that, i was unconscious for a period Additionally, i have sharp nerve pain Furthermore, my muscles feel stiff Additionally, i am clumsy Furthermore, i have sleep problems",NEUROLOGY
"my baby feels very hot Furthermore, my baby has a persistent cough On top of that, my infant has a cold Furthermore, my baby's throat is sore Plus, my baby is short of breath Additionally, my baby cannot keep milk down Furthermore, my baby has a stomach ache Furthermore, my child has a rash on their body Furthermore, my baby had a seizure I also experience my baby has poor appetite I also experience my baby is inconsolable Additionally, my baby has low energy Additionally, my baby refuses to eat Plus, my baby has low birth weight On top of that, my child is not growing properly Furthermore, my baby has developmental delays Additionally, my baby has ear pain Also, my baby has yellow skin I also experience my baby is dehydrated Plus, my infant has wheezing",PEDIATRICS
Patient presents with urinary retention lower abdominal pain,ORTHOPEDICS
"I have polycystic ovary syndrome Plus, i have irregular periods Plus, i have problems with my pregnancy Additionally, i have issues with my periods Furthermore, i have mild menstrual cramps Furthermore, my periods are very heavy I also experience my periods are barely there Also, i have a delayed period I also experience i have a missed period On top of that, i feel itchy down there Also, i have vaginal dryness I also experience i get acne due to hormones Plus, i feel pain in my lower abdomen",GYNECOLOGY & OBSTETRICS
"Patient with chief complaint of dizziness, assessed for vertigo dizziness",GENERAL MEDICINE
"I have persistent head pain On top of that, i am experiencing dizziness Plus, i have had seizures I also experience i have numbness in my extremities I also experience i experience tingling in my feet Furthermore, my muscles feel weak I also experience my body shakes involuntarily Also, i have memory loss Additionally, i am disoriented I also experience i feel like I might fall Plus, i walk with difficulty Furthermore, i have trouble speaking I also experience my face droops Furthermore, i blacked out On top of that, i feel burning nerve pain Plus, my muscles feel stiff Plus, i have poor coordination Additionally, i have insomnia",NEUROLOGY
I am experiencing suprapubic pain,UROLOGY
"my head hurts Plus, i am experiencing dizziness Additionally, i have had seizures On top of that, parts of my body feel numb Additionally, i have pins and needles feeling Furthermore, my muscles feel weak Additionally, i have a tremor in my hands I also experience i cannot remember recent events Plus, i cannot think clearly Additionally, i have balance problems Furthermore, i struggle to walk Furthermore, my speech is slurred Also, my facial muscles feel weak Furthermore, i blacked out Plus, i experience shooting nerve pain On top of that, i experience muscle rigidity I also experience i have trouble with fine motor tasks Plus, i have insomnia",NEUROLOGY
"my infant is feverish Also, my infant is coughing a lot Plus, my baby has a cold Furthermore, my child is complaining of throat pain Additionally, my baby is short of breath Plus, my baby cannot keep milk down Furthermore, my baby has a stomach ache On top of that, my child has a rash on their body Furthermore, my infant had a fit I also experience my child refuses to eat On top of that, my infant cries uncontrollably Furthermore, my baby seems weak Additionally, my baby refuses to eat Also, my infant is too small I also experience my child is not growing properly On top of that, my child is not meeting milestones Furthermore, my infant cries from ear pain Additionally, my baby's skin is turning yellow Furthermore, my baby is dehydrated Plus, my baby is wheezing",PEDIATRICS
"Patient with chief complaint of psych evaluation, assessed for diabetes uncompl adult",ENDOCRINOLOGY
"I am experiencing dizziness I also experience i feel like I might throw up On top of that, i have chest pain Plus, i experience breathing difficulty Additionally, my heart is beating fast Also, i have an uneven heartbeat On top of that, i have hypertension On top of that, i have episodes of fainting Plus, i have a rapid pulse Additionally, i have bradycardia Plus, i am incredibly tired I also experience i have leg edema Additionally, my chest feels constricted On top of that, my ankles are puffy On top of that, i am drenched in sweat I also experience my back is very sore",CARDIOLOGY
"I have PCOS I also experience i have irregular periods I also experience i am having pregnancy complications On top of that, i have issues with my periods I also experience i have mild menstrual cramps I also experience i have menorrhagia Plus, i have scanty periods On top of that, my period has been delayed I also experience i have a missed period Plus, i feel itchy down there Additionally, i have vaginal dryness Additionally, i get acne due to hormones Plus, i feel pain in my lower abdomen",GYNECOLOGY & OBSTETRICS
"Patient with chief complaint of toe pain, assessed for essential primary hypertension",CARDIOLOGY
"I feel lightheaded Additionally, i feel queasy Furthermore, i feel a sharp pain in my chest Additionally, i am short of breath On top of that, my heart skips beats Furthermore, i have an uneven heartbeat I also experience my blood pressure is elevated Furthermore, i fainted recently Furthermore, i have a fast heartbeat Furthermore, my heart beats slowly Plus, i am incredibly tired Furthermore, my ankles and legs are puffy I also experience i have pressure and tightness in my chest Also, i have swollen ankles I also experience i sweat a lot Also, i have back pain",CARDIOLOGY
"Patient with chief complaint of status post fall r wrist pain r wrist injury, assessed for fall from other slipping tripping stumbling",ORTHOPEDICS
"my body temperature is high Furthermore, i have a persistent cough Furthermore, i feel very tired I also experience i lack strength Also, i have been having headaches Furthermore, i am experiencing dizziness I also experience my whole body aches I also experience my stomach is hurting Plus, i feel queasy Additionally, i am throwing up",GENERAL MEDICINE
"I have back pain Also, i feel tingling and numb On top of that, i have trouble walking I also experience my joints are aching Furthermore, my neck is very painful Furthermore, i have difficulty with my knee On top of that, i have shoulder pain Furthermore, i have hip joint pain Furthermore, i have persistent bone pain Additionally, i have muscle pain Furthermore, i have swollen joints I also experience my joints feel rigid Also, i cannot move my joint fully Furthermore, i have a bone fracture I also experience i experience muscle fatigue and weakness On top of that, i have a constant tingling sensation On top of that, i have pain in my heel Furthermore, i injured myself during exercise",ORTHOPEDICS
"I have cysts on my ovaries Plus, i have inconsistent menstrual cycles On top of that, i am having pregnancy complications Furthermore, i have menstrual problems I also experience i have mild period pain Also, i experience heavy menstrual bleeding Also, my menstrual flow is very light Plus, my period is late On top of that, i missed my period Plus, i have vaginal itching Plus, i have vaginal dryness Plus, i get acne due to hormones Plus, my lower belly hurts",GYNECOLOGY & OBSTETRICS
I am experiencing weakness,GENERAL MEDICINE
"I have polycystic ovary syndrome Plus, i have irregular periods Additionally, i am experiencing issues during pregnancy I also experience i have problems during menstruation Plus, i have mild menstrual cramps I also experience i have menorrhagia Also, i have very light periods Plus, my menstruation is overdue I also experience i have amenorrhea I also experience i feel itchy down there I also experience my vaginal area lacks moisture I also experience i have hormonal acne Plus, i feel pain in my lower abdomen",GYNECOLOGY & OBSTETRICS
"Emergency presentation: dizziness, vitals show heart rate 101 bpm",GENERAL MEDICINE
"I have cysts on my ovaries Furthermore, i have inconsistent menstrual cycles Also, i am having pregnancy complications Furthermore, i experience menstrual difficulties Additionally, my period pain is mild Furthermore, my periods are very heavy Plus, my periods are barely there I also experience my period is late I also experience my period did not come this month Also, i have vaginal itching Also, my vaginal area lacks moisture On top of that, my acne is hormone-related Also, i feel pain in my lower abdomen",GYNECOLOGY & OBSTETRICS
I am experiencing transfer pe,PULMONOLOGY
"my baby feels very hot Plus, my infant is coughing a lot Plus, my child has cold symptoms I also experience my baby's throat is sore Additionally, my baby is short of breath On top of that, my baby is vomiting Also, my baby has a stomach ache On top of that, my baby has a skin rash I also experience my child is having convulsions Additionally, my baby has poor appetite Plus, my child cries all the time On top of that, my baby has low energy Additionally, my baby refuses to eat I also experience my infant is too small I also experience my baby has delayed growth I also experience my child is not meeting milestones I also experience my baby has ear pain On top of that, my infant has jaundice Also, my child is not drinking enough fluids Also, my baby is wheezing",PEDIATRICS
"my back hurts Also, i have numbness in my extremities Also, i walk with difficulty Additionally, i feel pain in my joints On top of that, i have neck pain On top of that, my knee hurts Furthermore, i have a frozen shoulder Additionally, my hip is stiff and painful On top of that, i feel deep bone pain Furthermore, my muscles ache On top of that, i have inflamed swollen joints Furthermore, i have joint stiffness I also experience i have limited range of motion Additionally, i have a stress fracture I also experience i have progressive muscle weakness Additionally, i experience unusual tingling On top of that, my heel hurts when I walk Additionally, i injured myself during exercise",ORTHOPEDICS
"Emergency presentation: dyspnea, vitals show severe pain score 10 out of 10",HEMATOLOGY
I am experiencing motor vehicle collision intubated trauma,PSYCHIATRY
"Patient with chief complaint of stab wound, assessed for assault by knife initial encounter",GENERAL MEDICINE
"Patient with chief complaint of r rib pain, assessed for fracture three ribs clos",ORTHOPEDICS
"I feel feverish On top of that, i am coughing a lot On top of that, i feel weak and tired On top of that, i have general weakness Additionally, i have been having headaches On top of that, i have vertigo-like dizziness Also, my whole body aches On top of that, my stomach is hurting On top of that, i feel like I might throw up Also, i have persistent vomiting",GENERAL MEDICINE
"I am experiencing dizziness Also, i have nausea Also, i have chest pain I also experience i am short of breath On top of that, i feel my heart pounding On top of that, i have an irregular pulse I also experience i have hypertension I also experience i have been fainting On top of that, i have tachycardia Furthermore, i have a slow heartbeat Plus, i have debilitating fatigue On top of that, my ankles and legs are puffy Also, i have pressure and tightness in my chest Furthermore, my ankles are swollen Also, i sweat a lot On top of that, my back hurts",CARDIOLOGY
"my baby has a fever Plus, my baby is coughing Plus, my infant has a cold Plus, my baby's throat is sore On top of that, my baby is short of breath Also, my infant is vomiting I also experience my baby has stomach pain On top of that, my baby's skin is irritated Additionally, my infant had a fit I also experience my infant is not drinking milk properly Plus, my baby is inconsolable Also, my baby has low energy Furthermore, my baby has lost appetite Plus, my infant is too small Also, my infant has growth issues Furthermore, my infant has delayed development I also experience my baby has an ear infection Plus, my baby's skin is turning yellow Also, my child is not drinking enough fluids Plus, my baby is wheezing",PEDIATRICS
"my back is very sore Additionally, i have numbness Additionally, i have trouble walking Plus, i have joint pain On top of that, i have a stiff neck Additionally, my knee is swollen and painful Plus, my shoulder hurts I also experience i feel pain in my hip Additionally, i have persistent bone pain Plus, my muscles ache Additionally, my joints are swollen Additionally, my joints are stiff Plus, i have difficulty moving Also, i have a broken bone Additionally, my muscle strength is declining Also, i experience unusual tingling On top of that, my heel hurts when I walk On top of that, i have a sprain from sports",ORTHOPEDICS
"my body temperature is high On top of that, i am coughing a lot I also experience i have no energy Plus, i have general weakness Also, i have been having headaches Additionally, i feel lightheaded Additionally, my whole body aches Also, i have lower abdominal pain Also, i feel nauseous Plus, i have been vomiting",GENERAL MEDICINE
"the room feels like it is spinning Plus, i feel nauseous Furthermore, my chest hurts Furthermore, i have difficulty breathing Furthermore, i feel my heart pounding Additionally, i have an irregular pulse On top of that, i have high blood pressure On top of that, i have episodes of fainting Plus, i have a fast heartbeat Also, i have a slow heartbeat I also experience i have debilitating fatigue Plus, i have leg edema Additionally, my chest feels tight Also, my ankles feel swollen and painful On top of that, i am drenched in sweat I also experience i have upper back pain",CARDIOLOGY
"I have persistent head pain Furthermore, i feel dizzy Also, i had a seizure episode Additionally, parts of my body feel numb On top of that, i have tingling sensations Also, my muscles feel weak On top of that, i have a tremor in my hands Plus, i have memory loss Also, i have mental confusion Also, i feel unsteady I also experience i cannot walk properly Plus, my speech is slurred Also, one side of my face feels weak Also, i was unconscious for a period Additionally, i experience shooting nerve pain Furthermore, my muscles are tight and stiff Furthermore, i cannot coordinate my movements well Additionally, i have sleep problems",NEUROLOGY
Patient presents with abdominal pain abdominal distention,GENERAL MEDICINE
"my baby has a fever Additionally, my baby is coughing Furthermore, my baby has a cold Also, my baby's throat is sore On top of that, my child is struggling to breathe On top of that, my baby is vomiting Additionally, my baby has a stomach ache I also experience my infant has a red rash On top of that, my child is having convulsions Additionally, my baby has poor appetite I also experience my infant cries uncontrollably I also experience my child is lethargic Also, my baby refuses to eat Plus, my child is not gaining weight properly I also experience my baby is smaller than expected I also experience my infant has delayed development On top of that, my baby has ear pain I also experience my infant has jaundice Furthermore, my infant shows signs of dehydration On top of that, my child has a wheezing sound when breathing",PEDIATRICS
"I have polycystic ovary syndrome I also experience my periods are not regular Plus, i have pregnancy-related problems Plus, i have issues with my periods Furthermore, i feel slight cramps during my period I also experience i have heavy periods Plus, i have very light periods On top of that, i have a delayed period Furthermore, i have a missed period On top of that, i feel itchy down there I also experience i experience vaginal dryness I also experience i get acne due to hormones I also experience i have lower abdominal pain",GYNECOLOGY & OBSTETRICS
"Patient with chief complaint of hypothermia, assessed for hypothermia",ORTHOPEDICS
"I have been having headaches Plus, i feel lightheaded Additionally, i had a seizure episode On top of that, i feel numbness in my body Plus, i feel tingling in my hands Additionally, i have muscle weakness Additionally, i experience involuntary shaking Furthermore, i cannot remember recent events Also, i feel muddled and confused Furthermore, i have balance problems On top of that, i have trouble walking Additionally, i cannot speak clearly On top of that, my face droops I also experience i blacked out Additionally, i feel burning nerve pain I also experience i have muscle stiffness On top of that, i have trouble with fine motor tasks Also, i cannot sleep well",NEUROLOGY
"my baby has a fever I also experience my infant is coughing a lot Plus, my infant has a cold Furthermore, my baby has a sore throat Also, my baby is short of breath On top of that, my infant is vomiting I also experience my baby has stomach pain Furthermore, my baby's skin is irritated On top of that, my infant had a fit On top of that, my baby is not feeding well Furthermore, my baby is inconsolable Additionally, my child is lethargic Also, my child is not eating On top of that, my baby has low birth weight Furthermore, my baby is smaller than expected On top of that, my baby has developmental delays I also experience my child is pulling at their ear Plus, my child looks jaundiced Also, my baby has dry mouth and no tears Furthermore, my baby wheezes when breathing",PEDIATRICS
"I feel feverish I also experience i have been coughing for days Also, i feel exhausted Additionally, i have general weakness On top of that, my head hurts On top of that, i feel dizzy Also, my whole body aches Also, my abdomen hurts On top of that, i feel queasy Plus, i have persistent vomiting",GENERAL MEDICINE
"I have persistent head pain On top of that, i feel unsteady and dizzy I also experience i experienced a seizure On top of that, i feel tingling and numb Plus, i have pins and needles feeling Also, i have muscle weakness Also, my hands are shaking Additionally, i cannot remember recent events On top of that, i have mental confusion Additionally, i feel like I might fall I also experience i struggle to walk On top of that, i have trouble speaking Plus, i have facial paralysis Additionally, i blacked out Plus, i have sharp nerve pain I also experience i have muscle stiffness Additionally, i have trouble with fine motor tasks Furthermore, i cannot sleep well",NEUROLOGY
"Patient with chief complaint of left eye swelling redness, assessed for diabetes uncompl adult",ENDOCRINOLOGY
Patient presents with stab wound,ORTHOPEDICS
"I have a high temperature On top of that, i keep coughing Plus, i have no energy Furthermore, i lack strength On top of that, my head hurts Furthermore, i feel unsteady and dizzy Also, i have body pain Furthermore, i have lower abdominal pain I also experience i have an upset stomach with nausea Additionally, i have been vomiting",GENERAL MEDICINE
"I feel hot and feverish Furthermore, i have a wet cough Furthermore, i feel exhausted Furthermore, i feel weak all over Plus, i have a throbbing headache On top of that, i feel lightheaded Furthermore, my whole body aches Plus, i feel pain in my belly Also, i am feeling sick to my stomach Plus, i am throwing up",GENERAL MEDICINE
"I have a throbbing headache Furthermore, i have vertigo-like dizziness Plus, i have convulsions On top of that, i feel tingling and numb Also, i feel tingling in my hands Additionally, my muscles feel weak Furthermore, i have tremors Also, i keep forgetting things On top of that, i cannot think clearly I also experience i feel like I might fall I also experience i have difficulty walking Additionally, i have trouble speaking On top of that, my facial muscles feel weak Plus, i blacked out Plus, i have nerve pain Additionally, i have muscle stiffness Additionally, i have poor coordination Furthermore, i have trouble falling asleep",NEUROLOGY
"Patient with chief complaint of wound evaluation transfer, assessed for persist postop fistula",ORTHOPEDICS
"Patient with chief complaint of dehydration fatigue, assessed for dehydration",ENDOCRINOLOGY
"I have cysts on my ovaries Plus, i have inconsistent menstrual cycles Additionally, i have pregnancy-related problems On top of that, i experience menstrual difficulties On top of that, i have mild menstrual cramps On top of that, i experience heavy menstrual bleeding Also, i have very light periods On top of that, my period has been delayed I also experience i have a missed period I also experience i feel itchy down there Furthermore, i have vaginal dryness Furthermore, my acne is hormone-related Plus, i have pain in my lower stomach area",GYNECOLOGY & OBSTETRICS
"I was diagnosed with PCOS Also, my menstrual cycle is irregular I also experience i have pregnancy-related problems On top of that, i have menstrual problems On top of that, i have mild period pain Furthermore, i have heavy periods Also, i have very light periods I also experience my period has been delayed Plus, i have a missed period Plus, i have persistent vaginal itching On top of that, i feel dry in the vaginal area I also experience i have persistent acne from hormonal imbalance Furthermore, i feel pain in my lower abdomen",GYNECOLOGY & OBSTETRICS
"my baby has a fever Furthermore, my infant is coughing a lot Additionally, my infant has a cold Additionally, my child is complaining of throat pain Furthermore, my infant has breathing problems On top of that, my child has been throwing up Furthermore, my baby has stomach pain On top of that, my baby has a skin rash Additionally, my baby had a seizure I also experience my baby is not feeding well Plus, my infant cries uncontrollably I also experience my baby has low energy Furthermore, my child is not eating Furthermore, my child is not gaining weight properly On top of that, my baby has delayed growth On top of that, my baby has developmental delays On top of that, my baby has an ear infection I also experience my infant has jaundice Also, my baby is dehydrated Also, my baby wheezes when breathing",PEDIATRICS
"Patient with chief complaint of back pain, assessed for fall on same level unspecified initial encounter",ORTHOPEDICS
"I have a throbbing headache On top of that, i feel unsteady and dizzy Additionally, i had a seizure episode Plus, i have numbness I also experience i have tingling sensations Plus, i have progressive muscle weakness I also experience i experience involuntary shaking Furthermore, i cannot remember recent events On top of that, i am disoriented Additionally, i have trouble maintaining balance Furthermore, i cannot walk properly I also experience i have trouble speaking On top of that, my face droops I also experience i was unconscious for a period Plus, i have sharp nerve pain Plus, my muscles are tight and stiff On top of that, i have poor coordination On top of that, i have insomnia",NEUROLOGY
"I am experiencing dizziness On top of that, i am feeling sick to my stomach Furthermore, my chest feels tight and painful Furthermore, i experience breathing difficulty Plus, i feel my heart racing On top of that, my heartbeat is irregular Furthermore, my blood pressure is elevated I also experience i have episodes of fainting On top of that, i have a rapid pulse Furthermore, i have bradycardia Also, i have debilitating fatigue Plus, my legs feel heavy and swollen Also, i have pressure and tightness in my chest Plus, i have ankle edema Plus, i have excessive sweating I also experience my back hurts",CARDIOLOGY
"Patient with chief complaint of hyperglycemia overdose, assessed for poisoning by insulin and oral hypoglycemic drugs acc init",ORTHOPEDICS
"I was diagnosed with PCOS Plus, my periods are not regular Plus, i have problems with my pregnancy I also experience i have problems during menstruation Also, i feel slight cramps during my period Also, i have menorrhagia Furthermore, i have scanty periods On top of that, my period has been delayed Additionally, i missed my period Additionally, i have vaginal itching Also, my vaginal area lacks moisture Additionally, i have hormonal acne Additionally, my lower belly hurts",GYNECOLOGY & OBSTETRICS
"my baby feels very hot On top of that, my child has a cough On top of that, my baby has a cold Plus, my child is complaining of throat pain I also experience my baby has breathing difficulty Additionally, my baby cannot keep milk down Plus, my infant has abdominal pain Plus, my baby's skin is irritated Also, my baby had a seizure episode Plus, my child refuses to eat Additionally, my baby is inconsolable I also experience my baby has low energy Additionally, my child is not eating Also, my baby is underweight On top of that, my infant has growth issues I also experience my baby is developing slowly Additionally, my baby has an ear infection Furthermore, my baby has yellow skin Additionally, my baby is dehydrated Furthermore, my baby is wheezing",PEDIATRICS
"Patient with chief complaint of shortness of breath, assessed for atrial flutter",CARDIOLOGY
"I have migraine-like headaches Also, i feel dizzy Plus, i have convulsions I also experience i feel tingling and numb Additionally, i have tingling sensations Additionally, i have muscle weakness I also experience my body shakes involuntarily On top of that, i have memory problems Additionally, i cannot think clearly On top of that, i have poor balance and coordination Plus, i cannot walk properly On top of that, i have trouble speaking Furthermore, one side of my face feels weak I also experience i blacked out I also experience i experience shooting nerve pain On top of that, i have muscle stiffness Furthermore, i am clumsy I also experience i have sleep problems",NEUROLOGY
"I feel lightheaded I also experience i feel nauseous Furthermore, i have intermittent chest pain Additionally, i feel breathless Plus, i feel my heart racing I also experience i have an irregular pulse Also, my blood pressure is elevated Furthermore, i have episodes of fainting I also experience my heart beats very fast I also experience my heart beats slowly On top of that, i feel utterly exhausted Furthermore, i have leg edema Plus, i have pressure and tightness in my chest On top of that, i have swollen ankles Also, i have night sweats Also, i have upper back pain",CARDIOLOGY
"I am running a fever Additionally, i keep coughing Furthermore, i feel very tired On top of that, i feel drained and weak Additionally, i have been having headaches Plus, i feel lightheaded I also experience i have body pain I also experience my abdomen hurts Plus, i feel like I might throw up Additionally, i have been vomiting",GENERAL MEDICINE
"Patient with chief complaint of chest pain nausea, assessed for pericardial effusion noninflammatory",CARDIOLOGY
"I have lower back pain Also, i have numbness Furthermore, i have difficulty walking Additionally, i feel pain in my joints Additionally, my neck is very painful Furthermore, i feel pain in my knee On top of that, i have a frozen shoulder Plus, i have hip pain I also experience my bones ache Additionally, i have muscle pain On top of that, i have swollen joints I also experience i have trouble moving my joints On top of that, my movement is limited Also, my bone is broken Also, i have progressive muscle weakness Additionally, i have persistent tingling Additionally, my heel hurts when I walk Additionally, i injured myself during exercise",ORTHOPEDICS
"I was diagnosed with PCOS Furthermore, i have irregular periods Also, i am experiencing issues during pregnancy Additionally, i have issues with my periods Furthermore, i feel slight cramps during my period Additionally, i experience heavy menstrual bleeding Plus, i have scanty periods Also, my menstruation is overdue I also experience my period did not come this month Plus, i have vaginal itching Also, i have vaginal dryness Plus, i get acne due to hormones Also, my lower belly hurts",GYNECOLOGY & OBSTETRICS
"Patient with chief complaint of l foot pain wound evaluation, assessed for long term current use of insulin",GENERAL MEDICINE
"my head hurts Furthermore, i feel dizzy I also experience i experienced a seizure Furthermore, i feel tingling and numb On top of that, i have a tingling sensation all over Additionally, i cannot move my muscles properly Also, i experience involuntary shaking Additionally, i have memory loss Plus, i have mental confusion Furthermore, i have poor balance and coordination Additionally, i struggle to walk Plus, i cannot speak clearly Also, i have facial paralysis Furthermore, i blacked out Furthermore, i experience shooting nerve pain On top of that, my muscles feel stiff Plus, i am clumsy On top of that, i wake up frequently at night",NEUROLOGY
"my infant is feverish Also, my infant is coughing a lot I also experience my baby is sneezing and has a runny nose I also experience my baby has a sore throat Furthermore, my child is struggling to breathe Furthermore, my baby cannot keep milk down Furthermore, my infant has abdominal pain Also, my infant has a red rash Additionally, my baby had a seizure episode Additionally, my baby is not feeding well Furthermore, my baby cries excessively Furthermore, my baby seems weak Furthermore, my infant has no appetite Also, my infant is too small Plus, my baby is smaller than expected Plus, my infant has delayed development Plus, my child is pulling at their ear I also experience my baby's skin is turning yellow Furthermore, my baby is dehydrated Also, my baby wheezes when breathing",PEDIATRICS
"Patient with chief complaint of hypothermia, assessed for iddm w spec manifestation",ENDOCRINOLOGY
"I have PCOS Also, my menstrual cycle is irregular Furthermore, i have pregnancy-related problems Plus, i have menstrual problems I also experience i feel slight cramps during my period Additionally, i have menorrhagia Furthermore, i have scanty periods Plus, i have a delayed period On top of that, i have a missed period Also, my vaginal area is very itchy Additionally, i feel dry in the vaginal area Additionally, i have persistent acne from hormonal imbalance Additionally, my lower belly hurts",GYNECOLOGY & OBSTETRICS
"I feel feverish Also, i have a persistent cough Furthermore, i have fatigue I also experience i lack strength On top of that, i have a throbbing headache On top of that, i feel unsteady and dizzy Plus, my whole body aches I also experience i have lower abdominal pain Plus, i am feeling sick to my stomach I also experience i have been vomiting",GENERAL MEDICINE
"Patient with chief complaint of right foot infection, assessed for iddm w spec manifestation",ENDOCRINOLOGY
"Patient with chief complaint of dyspnea transfer, assessed for long term current use of anticoagulants",GENERAL MEDICINE
"I have migraine-like headaches Also, the room feels like it is spinning Additionally, i have convulsions I also experience parts of my body feel numb Furthermore, i have a tingling sensation all over On top of that, i cannot move my muscles properly Also, my body shakes involuntarily Furthermore, i cannot remember recent events On top of that, i am disoriented I also experience i have balance problems On top of that, i cannot walk properly Additionally, i have trouble speaking I also experience my face droops I also experience i had a loss of consciousness Plus, i feel burning nerve pain I also experience i have rigid muscles On top of that, i am clumsy Additionally, i have trouble falling asleep",NEUROLOGY
"Patient with chief complaint of cough dyspnea, assessed for acute uri nos",PULMONOLOGY
"I have a severe headache On top of that, i feel dizzy Plus, i have convulsions I also experience i feel numbness in my body Additionally, i experience tingling in my feet On top of that, my muscles feel weak Plus, i have tremors I also experience i keep forgetting things I also experience i feel muddled and confused Also, i have balance problems Furthermore, i cannot walk properly Also, i have difficulty with speech I also experience i have facial paralysis Furthermore, i have lost consciousness On top of that, i have nerve pain On top of that, my muscles are tight and stiff Furthermore, i have trouble with fine motor tasks Plus, i cannot sleep well",NEUROLOGY
"I have upper back pain Also, parts of my body feel numb Additionally, i cannot walk properly Plus, my joints hurt Additionally, i feel pain in my neck I also experience i feel pain in my knee Also, my shoulder hurts Additionally, i have hip pain Also, my bones feel sore Furthermore, i feel muscle soreness Additionally, i have joint swelling On top of that, i feel stiff in my joints Plus, i have difficulty moving I also experience i have a stress fracture Plus, i have progressive muscle weakness I also experience i feel tingling throughout my body On top of that, i have plantar fasciitis-like heel pain Also, i injured myself during exercise",ORTHOPEDICS
Patient presents with toe pain,CARDIOLOGY
"my body temperature is high Furthermore, i have a persistent cough I also experience i feel exhausted On top of that, i feel weak all over Additionally, i have migraine-like headaches On top of that, i have vertigo-like dizziness I also experience i have generalized body pain I also experience my abdomen hurts Plus, i am feeling sick to my stomach Also, i have been vomiting",GENERAL MEDICINE
"Patient with chief complaint of bright red blood per rectum, assessed for gastrointestinal hemorrhage unspecified",NEUROLOGY
"my baby feels very hot I also experience my baby is coughing Also, my infant has a cold On top of that, my baby has a sore throat Furthermore, my baby has breathing difficulty Also, my baby cannot keep milk down Furthermore, my infant has abdominal pain Plus, my infant has a red rash Additionally, my infant had a fit Furthermore, my baby is not feeding well Additionally, my baby cries excessively Furthermore, my infant appears weak and floppy Furthermore, my infant has no appetite On top of that, my infant is too small Plus, my baby is smaller than expected Also, my child is not meeting milestones Plus, my child is pulling at their ear Furthermore, my child looks jaundiced I also experience my infant shows signs of dehydration Furthermore, my baby is wheezing",PEDIATRICS
"Patient with chief complaint of r foot pain, assessed for diabetes uncompl adult",ENDOCRINOLOGY
"I have cysts on my ovaries On top of that, i have inconsistent menstrual cycles Additionally, i have pregnancy-related problems Also, i have menstrual problems Additionally, i feel slight cramps during my period Furthermore, my periods are very heavy Plus, i have scanty periods Additionally, i have a delayed period I also experience i missed my period Furthermore, i have persistent vaginal itching Furthermore, i experience vaginal dryness Also, i have hormonal acne On top of that, my lower belly hurts",GYNECOLOGY & OBSTETRICS
Patient presents with abnormal labs weakness,HEMATOLOGY
"Patient with chief complaint of tachycardia hypoxia, assessed for atrial fibrillation",CARDIOLOGY
"I have a throbbing headache On top of that, i am experiencing dizziness I also experience i have convulsions On top of that, i feel tingling and numb Furthermore, i have pins and needles feeling Also, my muscles feel like they are failing Additionally, my body shakes involuntarily I also experience i cannot remember recent events Also, i feel muddled and confused Also, i have trouble maintaining balance Also, i have trouble walking On top of that, i have trouble speaking I also experience i have facial weakness Plus, i was unconscious for a period I also experience i have neuropathic pain On top of that, my muscles feel stiff Furthermore, i cannot coordinate my movements well On top of that, i cannot sleep well",NEUROLOGY
"I have back pain Furthermore, i feel tingling and numb I also experience i struggle to walk Furthermore, i feel pain in my joints Plus, my neck hurts Also, i have knee pain Furthermore, my shoulder hurts I also experience i feel pain in my hip Plus, i have bone pain On top of that, my muscles ache Furthermore, my joints are swollen Furthermore, my joints are stiff Furthermore, i have limited range of motion I also experience i have a broken bone Additionally, i experience muscle fatigue and weakness Additionally, i have persistent tingling Furthermore, i have plantar fasciitis-like heel pain I also experience i injured myself during exercise",ORTHOPEDICS
"my baby feels very hot Also, my baby is coughing Furthermore, my infant has a cold Also, my infant has throat pain Additionally, my child is struggling to breathe Furthermore, my child has been throwing up Plus, my baby has a stomach ache Additionally, my infant has a red rash Also, my child is having convulsions Plus, my child refuses to eat Furthermore, my child cries all the time Plus, my baby has low energy Additionally, my infant has no appetite Also, my infant is too small Furthermore, my infant has growth issues Additionally, my infant has delayed development Plus, my infant cries from ear pain Plus, my child looks jaundiced On top of that, my baby has dry mouth and no tears Additionally, my infant has wheezing",PEDIATRICS
"Patient with chief complaint of r foot ulcer cellulitis, assessed for diabetes uncompl juven",ENDOCRINOLOGY
"Patient with chief complaint of abdominal distention, assessed for other ascites",GASTROENTEROLOGY
I am experiencing head injury neck pain status post fall,GENERAL MEDICINE
"I have persistent head pain I also experience the room feels like it is spinning I also experience i have convulsions Also, i have numbness in my extremities On top of that, i feel tingling in my hands Also, i cannot move my muscles properly Furthermore, my hands are shaking Additionally, my memory is getting worse Furthermore, i feel muddled and confused Additionally, i have trouble maintaining balance Additionally, i walk with difficulty Additionally, my speech is slurred Furthermore, i have facial paralysis Plus, i had a loss of consciousness On top of that, i experience shooting nerve pain Also, i experience muscle rigidity On top of that, i have trouble with fine motor tasks Additionally, i cannot sleep well",NEUROLOGY
"I have a fever I also experience i have a dry cough Plus, i have no energy Plus, i have general weakness Plus, my head hurts I also experience i feel dizzy Also, my whole body aches Also, i have stomach pain Also, i am feeling sick to my stomach Furthermore, i have been throwing up",GENERAL MEDICINE
"I feel hot and feverish On top of that, i keep coughing Furthermore, i feel exhausted Also, i feel physically weak Also, i have migraine-like headaches I also experience i am experiencing dizziness Additionally, i have widespread body pain Also, i have lower abdominal pain Furthermore, i feel nauseous Plus, i cannot keep food down",GENERAL MEDICINE
"my child has a high temperature Furthermore, my child has a cough On top of that, my baby is sneezing and has a runny nose I also experience my infant has throat pain Also, my baby has breathing difficulty Also, my baby is vomiting Also, my baby has a stomach ache I also experience my baby has a skin rash Plus, my child is having convulsions Additionally, my baby is not feeding well Additionally, my child cries all the time Also, my baby has low energy Furthermore, my baby has lost appetite I also experience my baby is underweight I also experience my infant has growth issues Also, my baby has developmental delays Also, my child is pulling at their ear Also, my baby's skin is turning yellow Additionally, my baby has dry mouth and no tears Plus, my baby is wheezing",PEDIATRICS
Patient presents with r foot pain,ENDOCRINOLOGY
"I am experiencing dizziness On top of that, i am feeling sick to my stomach Also, my chest feels tight and painful Plus, i am short of breath On top of that, i feel my heart racing Plus, i have an uneven heartbeat Additionally, my BP readings are high Furthermore, i fainted recently On top of that, my heart rate is elevated On top of that, i have a slow heartbeat Additionally, i have debilitating fatigue On top of that, my ankles and legs are puffy Plus, i have a tight feeling in my chest On top of that, i have ankle edema I also experience i have night sweats On top of that, i have upper back pain",CARDIOLOGY
"I have a fever Also, i have a persistent cough I also experience i feel weak and tired Plus, i feel physically weak Additionally, my head hurts Furthermore, i have vertigo-like dizziness Also, i have generalized body pain On top of that, i feel pain in my belly I also experience i feel queasy Also, i cannot keep food down",GENERAL MEDICINE
"I feel feverish Furthermore, i keep coughing Also, i am constantly fatigued I also experience my body feels weak On top of that, i have been having headaches Also, i feel unsteady and dizzy Additionally, i have widespread body pain Additionally, i feel pain in my belly I also experience i have nausea Furthermore, i cannot keep food down",GENERAL MEDICINE
"Foamy urine, blood in urine, persistent fatigue, and fluid retention in legs.",NEPHROLOGY
"Patient with chief complaint of coffee ground emesis, assessed for long term current use of insulin",GENERAL MEDICINE
"my child has a high temperature I also experience my baby is coughing On top of that, my baby is sneezing and has a runny nose Additionally, my infant has throat pain On top of that, my child is struggling to breathe Additionally, my child has been throwing up Plus, my child is crying from stomach pain I also experience my infant has a red rash Additionally, my child is having convulsions Also, my baby is not feeding well Also, my baby is inconsolable Also, my baby has low energy Additionally, my baby has lost appetite Additionally, my infant is too small Also, my infant has growth issues Also, my infant has delayed development On top of that, my infant cries from ear pain On top of that, my baby has yellow skin Plus, my infant shows signs of dehydration Furthermore, my child has a wheezing sound when breathing",PEDIATRICS
"I have persistent head pain On top of that, i feel unsteady and dizzy On top of that, i experienced a seizure On top of that, i feel numbness in my body Also, i experience tingling in my feet Plus, i have muscle weakness Furthermore, my body shakes involuntarily Furthermore, i cannot remember recent events Plus, i am disoriented On top of that, i feel unsteady Also, i struggle to walk Furthermore, i have difficulty with speech On top of that, i have facial paralysis Plus, i had a loss of consciousness I also experience i experience shooting nerve pain On top of that, i experience muscle rigidity Additionally, i cannot coordinate my movements well I also experience i cannot sleep well",NEUROLOGY
"my baby has a fever Furthermore, my child has a cough Furthermore, my baby is sneezing and has a runny nose Also, my baby has a sore throat I also experience my infant has breathing problems Additionally, my baby is vomiting Furthermore, my infant has abdominal pain I also experience my infant has a red rash On top of that, my infant had a fit I also experience my child refuses to eat Furthermore, my baby is inconsolable Plus, my baby has low energy Also, my child is not eating Plus, my baby has low birth weight Furthermore, my baby has delayed growth I also experience my child is not meeting milestones On top of that, my baby has an ear infection On top of that, my infant has jaundice Additionally, my baby has dry mouth and no tears Plus, my baby is wheezing",PEDIATRICS
"my baby feels very hot Also, my child has a cough Furthermore, my child has cold symptoms Also, my baby has a sore throat On top of that, my infant has breathing problems Also, my baby cannot keep milk down On top of that, my child is crying from stomach pain On top of that, my child has a rash on their body Furthermore, my infant had a fit Additionally, my infant is not drinking milk properly I also experience my infant cries uncontrollably Plus, my child is lethargic Also, my infant has no appetite Also, my infant is too small Furthermore, my baby is smaller than expected Furthermore, my infant has delayed development On top of that, my child is pulling at their ear Plus, my child looks jaundiced On top of that, my infant shows signs of dehydration Also, my baby is wheezing",PEDIATRICS
"I have vertigo-like dizziness Furthermore, i have nausea Plus, i have intermittent chest pain Plus, i experience breathing difficulty Additionally, my heart skips beats Plus, i feel pulse irregularity I also experience i have high blood pressure Furthermore, i feel like I am going to pass out On top of that, my heart beats very fast Also, my heart rate is low Also, i have debilitating fatigue Also, i have swelling in my legs On top of that, my chest feels constricted I also experience my ankles are puffy Also, i sweat a lot Also, i have lower back pain",CARDIOLOGY
"I feel unsteady and dizzy Also, i have nausea Furthermore, my chest hurts Furthermore, i am short of breath I also experience i feel my heart pounding Additionally, my pulse rate is inconsistent I also experience my BP readings are high Also, i have episodes of fainting I also experience i have a rapid pulse Also, i have bradycardia On top of that, i have extreme fatigue On top of that, i have leg edema Additionally, my chest feels tight Plus, my ankles are swollen Also, i am drenched in sweat On top of that, i have back pain",CARDIOLOGY
"Chronic insomnia, inability to sleep, persistent restlessness, and mental exhaustion.",PSYCHIATRY
"Patient with chief complaint of foot laceration, assessed for hypertension nos",CARDIOLOGY
"I feel lightheaded I also experience i have an upset stomach with nausea Furthermore, my chest feels tight and painful Also, i have trouble catching my breath On top of that, i feel my heart pounding Additionally, i have an uneven heartbeat I also experience i have high blood pressure Furthermore, i feel like I am going to pass out Furthermore, my heart rate is elevated On top of that, i have bradycardia Additionally, i have debilitating fatigue Furthermore, i have swelling in my legs On top of that, my chest feels tight Plus, i have swollen ankles Additionally, i sweat a lot I also experience i have upper back pain",CARDIOLOGY
I am experiencing allergic reaction,CARDIOLOGY
"Emergency presentation: l foot pain wound evaluation, vitals show severe pain score 10 out of 10",CARDIOLOGY
"my infant is feverish I also experience my child has a cough On top of that, my baby has a cold Also, my child is complaining of throat pain Plus, my child is struggling to breathe Plus, my child has been throwing up Plus, my baby has stomach pain Additionally, my baby has a skin rash Plus, my baby had a seizure episode Also, my baby is not feeding well On top of that, my baby cries excessively I also experience my infant appears weak and floppy Furthermore, my child is not eating Furthermore, my child is not gaining weight properly Also, my child is not growing properly Furthermore, my baby is developing slowly Furthermore, my baby has an ear infection On top of that, my child looks jaundiced Furthermore, my child is not drinking enough fluids Additionally, my baby wheezes when breathing",PEDIATRICS
"Emergency presentation: right leg pain weakness, vitals show elevated temperature 99.9F, tachypnea respiratory rate 28, severe pain score 8 out of 10",CARDIOLOGY
"I have cysts on my ovaries Also, my periods are not regular Also, i have problems with my pregnancy Also, i have problems during menstruation Furthermore, my period pain is mild I also experience i have heavy periods On top of that, i have scanty periods Also, i have a delayed period Also, i have a missed period On top of that, my vaginal area is very itchy Additionally, i have vaginal dryness Plus, i have hormonal acne Additionally, i have lower abdominal pain",GYNECOLOGY & OBSTETRICS
"I have cysts on my ovaries Furthermore, my periods are not regular On top of that, i have problems with my pregnancy Plus, i have problems during menstruation Furthermore, my period pain is mild On top of that, i experience heavy menstrual bleeding On top of that, my menstrual flow is very light Additionally, my period has been delayed On top of that, i missed my period Furthermore, my vaginal area is very itchy Additionally, i have vaginal dryness I also experience i have persistent acne from hormonal imbalance Plus, my lower belly hurts",GYNECOLOGY & OBSTETRICS
"the room feels like it is spinning Furthermore, i feel nauseous I also experience i feel a sharp pain in my chest I also experience i experience breathing difficulty I also experience my heart skips beats On top of that, i have an uneven heartbeat Furthermore, my BP readings are high Also, i feel like I might faint On top of that, i have a fast heartbeat Plus, i have a slow heartbeat I also experience i am incredibly tired Additionally, i have swelling in my legs Furthermore, i have a tight feeling in my chest I also experience my ankles are swollen Furthermore, i have night sweats Additionally, i have back pain",CARDIOLOGY
"my baby feels very hot Furthermore, my baby is coughing Additionally, my baby has a cold On top of that, my infant has throat pain Plus, my baby has breathing difficulty On top of that, my child has been throwing up Furthermore, my infant has abdominal pain Also, my infant has a red rash Also, my baby had a seizure Plus, my baby has poor appetite Furthermore, my infant cries uncontrollably Additionally, my baby has low energy I also experience my infant has no appetite Additionally, my baby is underweight Additionally, my infant has growth issues Furthermore, my baby has developmental delays I also experience my infant cries from ear pain Also, my infant has jaundice I also experience my child is not drinking enough fluids I also experience my infant has wheezing",PEDIATRICS
"Patient with chief complaint of shortness of breath, assessed for congestive heart failure unspec",CARDIOLOGY
"I have back pain Plus, i have numbness Plus, i have difficulty walking Also, my joints hurt I also experience i feel pain in my neck On top of that, i have knee pain On top of that, i have a frozen shoulder Also, i have hip pain I also experience i feel deep bone pain I also experience my muscles are painful Plus, i have swollen joints Also, i have trouble moving my joints I also experience i cannot move my joint fully Additionally, i have a broken bone Additionally, my muscle strength is declining Additionally, i experience unusual tingling Furthermore, i have heel pain Plus, i got injured while playing sports",ORTHOPEDICS
"my baby has a fever Furthermore, my child has a cough Furthermore, my infant has a cold On top of that, my infant has throat pain Also, my baby has breathing difficulty Additionally, my child has been throwing up I also experience my baby has a stomach ache On top of that, my child has a rash on their body Furthermore, my infant had a fit Plus, my baby has poor appetite Plus, my child cries all the time Additionally, my baby has low energy Also, my baby has lost appetite Furthermore, my baby has low birth weight On top of that, my baby is smaller than expected Plus, my child is not meeting milestones I also experience my infant cries from ear pain I also experience my baby's skin is turning yellow Additionally, my baby is dehydrated Plus, my infant has wheezing",PEDIATRICS
Patient presents with t spine bone fracture displacement,ORTHOPEDICS
"I have a severe headache Furthermore, i feel unsteady and dizzy I also experience i had a seizure episode Plus, i have numbness Furthermore, i have a tingling sensation all over I also experience i have progressive muscle weakness On top of that, i experience involuntary shaking Additionally, my memory is getting worse Furthermore, i feel confused Plus, i have poor balance and coordination I also experience i have trouble walking Plus, i have trouble speaking Furthermore, i have facial paralysis On top of that, i fainted and lost consciousness Furthermore, i have sharp nerve pain Furthermore, i experience muscle rigidity Plus, i have trouble with fine motor tasks Additionally, i have sleep problems",NEUROLOGY
"Emergency presentation: altered mental status, vitals show heart rate 55 bpm",GENERAL MEDICINE
"Patient with chief complaint of right leg pain right leg swelling, assessed for acute kidney failure unspecified",NEPHROLOGY
"my child has a high temperature Plus, my infant is coughing a lot Additionally, my infant has a cold I also experience my baby has a sore throat I also experience my baby has breathing difficulty On top of that, my baby cannot keep milk down Additionally, my child is crying from stomach pain I also experience my infant has a red rash Furthermore, my child is having convulsions Additionally, my baby has poor appetite Also, my child cries all the time Furthermore, my baby seems weak Plus, my baby refuses to eat Furthermore, my infant is too small Plus, my baby has delayed growth Plus, my child is not meeting milestones Plus, my baby has an ear infection Plus, my baby's skin is turning yellow Furthermore, my baby is dehydrated Plus, my child has a wheezing sound when breathing",PEDIATRICS
"I have vertigo-like dizziness Additionally, i feel like I might throw up Plus, my chest hurts Additionally, i am short of breath On top of that, i have heart palpitations I also experience my heartbeat is irregular Also, i have hypertension Additionally, i feel like I am going to pass out Also, i have a fast heartbeat Additionally, my heart rate is low Plus, i have debilitating fatigue Plus, my ankles and legs are puffy Additionally, i feel chest tightness Additionally, i have ankle edema On top of that, i have night sweats Plus, i have upper back pain",CARDIOLOGY
"I have PCOS Furthermore, i have irregular periods Furthermore, i am having pregnancy complications Also, i have problems during menstruation Plus, i have mild menstrual cramps On top of that, i experience heavy menstrual bleeding Additionally, i have scanty periods Plus, my period has been delayed Plus, i have amenorrhea Also, my vaginal area is very itchy Additionally, my vaginal area lacks moisture I also experience i get acne due to hormones Plus, my lower belly hurts",GYNECOLOGY & OBSTETRICS
"I am experiencing dizziness Also, i have nausea Plus, i feel a sharp pain in my chest Plus, i feel breathless Also, my heart is beating fast Plus, i have an irregular pulse Also, i have been diagnosed with high blood pressure Plus, i fainted recently Also, my heart rate is elevated Additionally, i have a slow pulse rate On top of that, i can barely stay awake Also, my legs are swollen Additionally, i feel chest tightness Furthermore, i have ankle edema Additionally, i have night sweats On top of that, i have back pain",CARDIOLOGY
"I have back pain Additionally, i feel tingling and numb Plus, i struggle to walk I also experience i have joint pain Furthermore, my neck is very painful I also experience i feel pain in my knee Furthermore, i have a frozen shoulder Furthermore, i have hip joint pain Additionally, my bones feel sore On top of that, my muscles ache I also experience i have joint swelling On top of that, i feel stiff in my joints Plus, i have difficulty moving I also experience i have a broken bone Furthermore, my muscles are getting weaker I also experience i experience unusual tingling Also, i have pain in my heel Plus, i injured myself during exercise",ORTHOPEDICS
Patient presents with lethargy shortness of breath,PULMONOLOGY
"Patient with chief complaint of altered mental status, assessed for altered mental status",GENERAL MEDICINE
"Severe throbbing toothache, sensitivity to hot and cold food, and swollen gums.",DENTISTRY
"Emergency presentation: epigastric pain, vitals show elevated temperature 99.5F, severe pain score 9 out of 10",ENDOCRINOLOGY
"I have a high temperature Plus, i have a wet cough Additionally, i am constantly fatigued Also, i feel weak all over Additionally, i have a throbbing headache Furthermore, i have vertigo-like dizziness Plus, i feel achy all over On top of that, i have stomach pain Plus, i feel nauseous Plus, i am throwing up",GENERAL MEDICINE
I am experiencing nausea and vomiting hyperglycemia,PULMONOLOGY
"I have back pain On top of that, i feel numbness in my body I also experience i walk with difficulty Additionally, my joints hurt Additionally, i feel pain in my neck Furthermore, i feel pain in my knee I also experience i have a frozen shoulder I also experience my hip hurts Furthermore, my bones ache Furthermore, my muscles are painful On top of that, my joints feel puffy and inflamed Furthermore, i feel stiff in my joints Plus, i have limited range of motion On top of that, i have a broken bone Furthermore, my muscles are getting weaker I also experience i have persistent tingling Additionally, i have plantar fasciitis-like heel pain I also experience i have a sports injury",ORTHOPEDICS
"Emergency presentation: elevated inr, vitals show heart rate 43 bpm",NEPHROLOGY
"I have PCOS I also experience my menstrual cycle is irregular Plus, i am experiencing issues during pregnancy On top of that, i have menstrual problems Also, i have mild menstrual cramps Furthermore, i experience heavy menstrual bleeding Additionally, my periods are barely there Furthermore, i have a delayed period I also experience my period did not come this month Additionally, i have persistent vaginal itching Plus, i have vaginal dryness Additionally, i have hormonal acne Plus, my lower belly hurts",GYNECOLOGY & OBSTETRICS
"I have a severe headache Additionally, i am experiencing dizziness Furthermore, i have epilepsy-like seizures Additionally, parts of my body feel numb Also, i feel tingling in my hands Also, i cannot move my muscles properly Plus, my hands are shaking Plus, my memory is getting worse Also, i am disoriented Additionally, i have poor balance and coordination Plus, i have trouble walking Furthermore, i have difficulty with speech Also, my facial muscles feel weak Furthermore, i blacked out Furthermore, i have sharp nerve pain Additionally, my muscles feel stiff On top of that, i am clumsy Additionally, i cannot sleep well",NEUROLOGY
"my head hurts I also experience i have vertigo-like dizziness Plus, i experienced a seizure I also experience i feel numbness in my body On top of that, i feel tingling in my hands On top of that, i cannot move my muscles properly Additionally, i have tremors Furthermore, i keep forgetting things I also experience i cannot think clearly Plus, i feel like I might fall On top of that, i struggle to walk On top of that, i have trouble speaking I also experience one side of my face feels weak Additionally, i fainted and lost consciousness Also, i feel burning nerve pain Also, i have rigid muscles Also, i have poor coordination Additionally, i have trouble falling asleep",NEUROLOGY
"Patient with chief complaint of diarrhea hypotension, assessed for end stage renal disease",NEPHROLOGY
"I feel unsteady and dizzy I also experience i have an upset stomach with nausea I also experience my chest feels tight and painful Also, i feel breathless Additionally, my heart skips beats I also experience i have an irregular pulse On top of that, i have hypertension Plus, i feel like I might faint Also, i have a rapid pulse Plus, i have a slow pulse rate Also, i can barely stay awake Furthermore, i have swelling in my legs Furthermore, my chest feels constricted Additionally, my ankles are puffy I also experience i am sweating excessively Plus, my back hurts",CARDIOLOGY
"my back is very sore I also experience i have numbness in my extremities Plus, i have difficulty walking Plus, i have painful joints I also experience i have a stiff neck On top of that, i have difficulty with my knee Additionally, i have shoulder pain On top of that, i feel pain in my hip Also, my bones ache Additionally, i have muscle pain I also experience i have joint swelling Plus, i have joint stiffness I also experience i have limited range of motion On top of that, i fractured a bone Also, i have progressive muscle weakness I also experience i experience unusual tingling I also experience my heel feels painful Plus, i injured myself during exercise",ORTHOPEDICS
"my baby has a fever Furthermore, my baby is coughing Additionally, my child has cold symptoms I also experience my child is complaining of throat pain I also experience my baby has breathing difficulty Additionally, my infant is vomiting Plus, my infant has abdominal pain I also experience my baby has a skin rash Plus, my child is having convulsions Also, my baby has poor appetite Also, my child cries all the time Additionally, my infant appears weak and floppy On top of that, my baby has lost appetite Additionally, my infant is too small On top of that, my baby has delayed growth Also, my baby is developing slowly Additionally, my baby has an ear infection Plus, my baby's skin is turning yellow Plus, my baby has dry mouth and no tears Furthermore, my baby is wheezing",PEDIATRICS
"I have a severe headache On top of that, i feel dizzy I also experience i had a seizure episode Additionally, i feel numbness in my body On top of that, i have a tingling sensation all over Furthermore, i have progressive muscle weakness Also, i have a tremor in my hands Also, i have memory problems Also, i have mental confusion Plus, i have trouble maintaining balance On top of that, i struggle to walk On top of that, i have trouble speaking On top of that, one side of my face feels weak I also experience i fainted and lost consciousness Also, i have nerve pain Also, i have rigid muscles On top of that, i have poor coordination Plus, i have trouble falling asleep",NEUROLOGY
Patient presents with abdominal distention,GENERAL MEDICINE
"my head hurts I also experience i have vertigo-like dizziness On top of that, i have convulsions I also experience i feel numbness in my body Furthermore, i have pins and needles feeling I also experience my muscles feel weak I also experience my hands are shaking Also, i keep forgetting things Plus, i feel confused On top of that, i feel unsteady Furthermore, i have trouble walking Furthermore, i cannot speak clearly On top of that, my face droops Additionally, i fainted and lost consciousness On top of that, i have nerve pain Plus, i experience muscle rigidity I also experience i have trouble with fine motor tasks Also, i have insomnia",NEUROLOGY
"Easy unprovoked skin bruising, frequent nosebleeds, and pale skin with exhaustion.",HEMATOLOGY
"I feel hot and feverish On top of that, i have a persistent cough I also experience i have fatigue Additionally, i feel weak all over Plus, i have a severe headache Additionally, i feel lightheaded On top of that, i have body pain Plus, my stomach is hurting Plus, i am feeling sick to my stomach I also experience i am throwing up",GENERAL MEDICINE
"Swollen lymph nodes, pale mucous membranes, chronic fatigue, and abnormal bleeding.",HEMATOLOGY
"Patient with chief complaint of back pain decreased po intake r ear pain, assessed for other fatigue",GENERAL MEDICINE
"I have back pain I also experience i have numbness in my extremities On top of that, i cannot walk properly Plus, i have painful joints Plus, i feel pain in my neck I also experience i have difficulty with my knee Also, i feel pain in my shoulder On top of that, my hip is stiff and painful On top of that, i feel deep bone pain I also experience my muscles ache Also, i have joint swelling Furthermore, my joints feel rigid Additionally, i have restricted movement Additionally, i have a broken bone Plus, i have progressive muscle weakness I also experience i have a constant tingling sensation I also experience i have pain in my heel I also experience i have a sprain from sports",ORTHOPEDICS
"Patient with chief complaint of l knee pain, assessed for pain in left knee",RHEUMATOLOGY
"I have a fever Plus, i have a wet cough I also experience i have fatigue Furthermore, i feel drained and weak Also, i have been having headaches Plus, i feel dizzy On top of that, i have widespread body pain On top of that, my abdomen hurts Plus, i feel nauseous I also experience i vomited multiple times",GENERAL MEDICINE
"my back hurts Also, i have numbness Furthermore, i struggle to walk Furthermore, i have painful joints Also, i have a stiff neck I also experience i have difficulty with my knee Plus, i have a frozen shoulder On top of that, my hip is stiff and painful Also, my bones feel sore I also experience my muscles are painful I also experience i have inflamed swollen joints I also experience i have joint stiffness Plus, my movement is limited Plus, i have a bone fracture Additionally, my muscle strength is declining Furthermore, i experience unusual tingling Plus, my heel feels painful Additionally, i injured myself during exercise",ORTHOPEDICS
"my head hurts I also experience i feel dizzy I also experience i experienced a seizure Also, i have numbness in my extremities Furthermore, i have pins and needles feeling Plus, i cannot move my muscles properly On top of that, i experience involuntary shaking I also experience i have memory loss Additionally, i cannot think clearly I also experience i feel like I might fall Plus, i have difficulty walking Additionally, i have difficulty with speech I also experience my facial muscles feel weak Plus, i was unconscious for a period Also, i experience shooting nerve pain Also, i experience muscle rigidity I also experience i cannot coordinate my movements well Additionally, i wake up frequently at night",NEUROLOGY
"my child has a high temperature On top of that, my baby is coughing On top of that, my infant has a cold Furthermore, my child is complaining of throat pain Plus, my baby has breathing difficulty Additionally, my child has been throwing up Plus, my baby has stomach pain I also experience my baby's skin is irritated I also experience my baby had a seizure episode Also, my baby has poor appetite I also experience my child cries all the time Additionally, my child is lethargic Furthermore, my child is not eating Furthermore, my child is not gaining weight properly I also experience my baby is smaller than expected I also experience my baby has developmental delays On top of that, my infant cries from ear pain Furthermore, my baby's skin is turning yellow I also experience my baby is dehydrated Additionally, my baby wheezes when breathing",PEDIATRICS
Patient presents with back pain decreased po intake r ear pain,ENDOCRINOLOGY
I am experiencing etoh suicidal ideation,PSYCHIATRY
"my child has a high temperature Also, my baby is coughing Additionally, my baby has a cold I also experience my infant has throat pain On top of that, my infant has breathing problems Plus, my infant is vomiting On top of that, my baby has stomach pain Furthermore, my infant has a red rash On top of that, my infant had a fit Plus, my infant is not drinking milk properly Furthermore, my child cries all the time I also experience my baby has low energy Additionally, my child is not eating I also experience my child is not gaining weight properly Also, my child is not growing properly Also, my child is not meeting milestones Furthermore, my infant cries from ear pain Additionally, my baby has yellow skin Plus, my baby has dry mouth and no tears Furthermore, my child has a wheezing sound when breathing",PEDIATRICS
"my baby has a fever Additionally, my baby has a persistent cough On top of that, my baby is sneezing and has a runny nose Additionally, my baby's throat is sore Plus, my infant has breathing problems Furthermore, my baby cannot keep milk down On top of that, my baby has stomach pain Plus, my infant has a red rash Furthermore, my child is having convulsions Furthermore, my infant is not drinking milk properly Additionally, my infant cries uncontrollably Additionally, my baby seems weak Also, my child is not eating Furthermore, my baby has low birth weight On top of that, my child is not growing properly Plus, my baby is developing slowly Additionally, my infant cries from ear pain Plus, my baby has yellow skin I also experience my child is not drinking enough fluids Additionally, my child has a wheezing sound when breathing",PEDIATRICS
Patient presents with hypoglycemia,GENERAL MEDICINE
Patient presents with head injury neck pain status post fall,GENERAL MEDICINE
"I have polycystic ovary syndrome On top of that, my menstrual cycle is irregular Also, i am having pregnancy complications Additionally, i have problems during menstruation Also, i have mild period pain Additionally, i have heavy periods On top of that, i have scanty periods Additionally, my period is late On top of that, i missed my period On top of that, i feel itchy down there On top of that, my vaginal area lacks moisture Also, i have persistent acne from hormonal imbalance Also, my lower belly hurts",GYNECOLOGY & OBSTETRICS
"my infant is feverish I also experience my baby has a persistent cough Furthermore, my child has cold symptoms Additionally, my infant has throat pain I also experience my baby has breathing difficulty I also experience my infant is vomiting Also, my baby has stomach pain Additionally, my baby has a skin rash I also experience my infant had a fit On top of that, my baby has poor appetite Plus, my infant cries uncontrollably Also, my infant appears weak and floppy Furthermore, my child is not eating Plus, my child is not gaining weight properly Plus, my infant has growth issues Also, my baby is developing slowly Additionally, my baby has an ear infection Furthermore, my infant has jaundice Additionally, my baby is dehydrated On top of that, my baby is wheezing",PEDIATRICS
"Unexplained rapid weight loss, extreme thirst, frequent urination, and constant fatigue.",ENDOCRINOLOGY
I am experiencing lower back pain status post fall,CARDIOLOGY
I am experiencing right ear pain drainage,CARDIOLOGY
"Patient with chief complaint of head injury status post fall, assessed for laceration without foreign body of oth part of head init encntr",ORTHOPEDICS
"my body temperature is high Plus, i keep coughing Furthermore, i feel weak and tired Furthermore, i feel weak all over Additionally, i have persistent head pain On top of that, i feel dizzy On top of that, i feel achy all over Furthermore, i have lower abdominal pain Additionally, i feel queasy Furthermore, i cannot keep food down",GENERAL MEDICINE
"I have lower back pain Furthermore, i have numbness in my extremities Furthermore, i walk with difficulty Furthermore, i have painful joints Plus, my neck is very painful Additionally, i have difficulty with my knee On top of that, i feel pain in my shoulder Also, i have hip joint pain Additionally, my bones ache I also experience my muscles are painful Furthermore, i have inflamed swollen joints I also experience my joints feel rigid Plus, i cannot move my joint fully I also experience i have a stress fracture Also, my muscle strength is declining Plus, i feel tingling throughout my body Also, my heel feels painful On top of that, i injured myself during exercise",ORTHOPEDICS
"Emergency presentation: weakness atrial fibrillation transfer, vitals show heart rate 126 bpm, tachypnea respiratory rate 22",CARDIOLOGY
"my infant is feverish On top of that, my infant is coughing a lot I also experience my child has cold symptoms Furthermore, my child is complaining of throat pain On top of that, my baby is short of breath Additionally, my baby cannot keep milk down Additionally, my child is crying from stomach pain Also, my baby's skin is irritated Additionally, my infant had a fit Also, my baby is not feeding well I also experience my child cries all the time On top of that, my baby seems weak Additionally, my baby refuses to eat On top of that, my infant is too small I also experience my infant has growth issues I also experience my baby has developmental delays Furthermore, my baby has an ear infection Additionally, my infant has jaundice Plus, my child is not drinking enough fluids Additionally, my infant has wheezing",PEDIATRICS
"my baby feels very hot Also, my child has a cough Plus, my child has cold symptoms Furthermore, my baby's throat is sore Plus, my baby has breathing difficulty Plus, my infant is vomiting I also experience my infant has abdominal pain Furthermore, my infant has a red rash Additionally, my baby had a seizure episode Additionally, my baby has poor appetite Additionally, my infant cries uncontrollably Furthermore, my infant appears weak and floppy Furthermore, my baby has lost appetite Additionally, my child is not gaining weight properly Furthermore, my baby has delayed growth Also, my child is not meeting milestones Furthermore, my baby has an ear infection On top of that, my baby has yellow skin I also experience my baby is dehydrated On top of that, my infant has wheezing",PEDIATRICS
"Patient with chief complaint of dyspnea transfer, assessed for heart failure unspecified",CARDIOLOGY
"I have lower back pain I also experience i have numbness in my extremities On top of that, i walk with difficulty Additionally, i have joint pain Additionally, i have a stiff neck Also, my knee hurts Furthermore, i have a frozen shoulder Additionally, i have hip pain Also, my bones ache Plus, my muscles are painful I also experience i have swollen joints I also experience i feel stiff in my joints I also experience i have limited range of motion Plus, i have a stress fracture Plus, my muscles are getting weaker Plus, i feel tingling throughout my body Additionally, my heel hurts when I walk I also experience i got injured while playing sports",ORTHOPEDICS
"Emergency presentation: altered mental status, vitals show severe pain score 13 out of 10",NEPHROLOGY
"my back hurts Furthermore, parts of my body feel numb Also, i walk with difficulty Furthermore, my joints are aching Plus, i have neck pain I also experience i have difficulty with my knee Additionally, my shoulder hurts Furthermore, my hip is stiff and painful I also experience i have persistent bone pain Also, my muscles are painful Plus, i have inflamed swollen joints I also experience my joints feel rigid I also experience i have difficulty moving Also, i have a bone fracture On top of that, my muscle strength is declining Plus, i have persistent tingling Additionally, my heel feels painful Additionally, i have a sports injury",ORTHOPEDICS
"Patient with chief complaint of nausea and vomiting, assessed for long term current use of anticoagulants",GENERAL MEDICINE
"Patient with chief complaint of stab wound, assessed for laceration without fb of abdominal wall left lower q w penet perit cav init",ORTHOPEDICS
"I have migraine-like headaches Plus, i have vertigo-like dizziness Plus, i have convulsions Also, i feel tingling and numb On top of that, i have a tingling sensation all over Furthermore, i have muscle weakness I also experience i have tremors Additionally, i have memory problems Additionally, i feel confused I also experience i have balance problems Plus, i walk with difficulty I also experience i cannot speak clearly Also, i have facial weakness Additionally, i had a loss of consciousness I also experience i have sharp nerve pain Also, i experience muscle rigidity Furthermore, i have poor coordination I also experience i have trouble falling asleep",NEUROLOGY
Patient presents with nausea and vomiting tachycardia,DERMATOLOGY
"my infant is feverish Additionally, my baby is coughing Plus, my baby is sneezing and has a runny nose Plus, my baby has a sore throat On top of that, my baby is short of breath I also experience my infant is vomiting Plus, my baby has a stomach ache On top of that, my baby's skin is irritated Also, my baby had a seizure I also experience my baby is not feeding well Additionally, my baby cries excessively I also experience my child is lethargic Plus, my infant has no appetite Also, my baby has low birth weight On top of that, my child is not growing properly Additionally, my baby is developing slowly I also experience my child is pulling at their ear Also, my baby has yellow skin I also experience my baby is dehydrated Also, my infant has wheezing",PEDIATRICS
"Patient with chief complaint of wound evaluation, assessed for oth places as the place of occurrence of the external cause",GENERAL MEDICINE
I am experiencing l foot pain,GENERAL MEDICINE
"my back hurts I also experience i feel numbness in my body Also, i have difficulty walking Additionally, i have painful joints Additionally, my neck hurts I also experience i have knee pain Also, i have a frozen shoulder On top of that, i have hip pain Plus, my bones ache Furthermore, i have muscle cramps and pain Furthermore, i have swollen joints Furthermore, my joints feel rigid Plus, i have restricted movement Also, my bone is broken On top of that, my muscle strength is declining Additionally, i have persistent tingling Plus, my heel feels painful Furthermore, i have a sprain from sports",ORTHOPEDICS
"I have a severe headache Plus, i feel dizzy Plus, i had a seizure episode Plus, i have numbness On top of that, i have pins and needles feeling Plus, my muscles feel like they are failing On top of that, my body shakes involuntarily I also experience my memory is getting worse Plus, i am disoriented On top of that, i feel unsteady Also, i have trouble walking Plus, i have speech problems Also, i have facial weakness Plus, i fainted and lost consciousness I also experience i feel burning nerve pain On top of that, i have muscle stiffness Plus, i have poor coordination Plus, i cannot sleep well",NEUROLOGY
"Patient with chief complaint of sdh sah, assessed for traumatic subdural hem",NEUROLOGY
I am experiencing nausea and vomiting tachycardia,DERMATOLOGY
"High blood sugar readings, excessive hunger, numbness in toes, and chronic exhaustion.",ENDOCRINOLOGY
"I feel feverish On top of that, i have a persistent cough Plus, i have no energy On top of that, i feel weak all over I also experience i have been having headaches Additionally, i am experiencing dizziness Plus, i have widespread body pain Additionally, my stomach is hurting Additionally, i have an upset stomach with nausea Additionally, i am throwing up",GENERAL MEDICINE
I am experiencing psych evaluation,PSYCHIATRY
"Patient with chief complaint of motor vehicle collision intubated trauma, assessed for traum subrac hem w loss of consciousness of unspecified duration init",ORTHOPEDICS
"Patient with chief complaint of dehydration nausea rash, assessed for nonspec elev of levels of transamns lactic acid dehydrgnse",GENERAL MEDICINE
"my infant is feverish Plus, my child has a cough Plus, my infant has a cold Furthermore, my baby has a sore throat On top of that, my infant has breathing problems Additionally, my infant is vomiting Plus, my baby has a stomach ache Furthermore, my baby's skin is irritated I also experience my baby had a seizure episode I also experience my baby has poor appetite I also experience my infant cries uncontrollably I also experience my baby seems weak Additionally, my child is not eating I also experience my child is not gaining weight properly Additionally, my baby has delayed growth Additionally, my infant has delayed development Furthermore, my baby has ear pain On top of that, my baby's skin is turning yellow Plus, my infant shows signs of dehydration I also experience my baby is wheezing",PEDIATRICS
"I have been having headaches Also, i am experiencing dizziness On top of that, i experienced a seizure Furthermore, i feel numbness in my body Additionally, i have tingling sensations Plus, i have progressive muscle weakness Plus, i have tremors Also, i keep forgetting things On top of that, i am disoriented Furthermore, i feel like I might fall I also experience i struggle to walk On top of that, i have difficulty with speech On top of that, my face droops On top of that, i had a loss of consciousness On top of that, i have nerve pain I also experience my muscles feel stiff On top of that, i feel uncoordinated On top of that, i have trouble falling asleep",NEUROLOGY
"I have polycystic ovary syndrome Plus, i have inconsistent menstrual cycles Furthermore, i am experiencing issues during pregnancy Additionally, i have menstrual problems Also, my period pain is mild On top of that, my periods are very heavy Also, i have scanty periods Also, i have a delayed period Also, i have amenorrhea Additionally, i have vaginal itching I also experience my vaginal area lacks moisture Plus, i get acne due to hormones Plus, my lower belly hurts",GYNECOLOGY & OBSTETRICS
"I have PCOS On top of that, my periods are not regular Additionally, i am having pregnancy complications Furthermore, i experience menstrual difficulties Furthermore, my period pain is mild Also, i experience heavy menstrual bleeding On top of that, my periods are barely there On top of that, my period is late Plus, i have a missed period Also, my vaginal area is very itchy Plus, i have vaginal dryness Additionally, i have persistent acne from hormonal imbalance I also experience my lower belly hurts",GYNECOLOGY & OBSTETRICS
"my child has a high temperature I also experience my baby is coughing Plus, my baby has a cold On top of that, my baby has a sore throat Furthermore, my child is struggling to breathe Also, my infant is vomiting I also experience my baby has a stomach ache On top of that, my child has a rash on their body Plus, my child is having convulsions Additionally, my child refuses to eat On top of that, my baby cries excessively I also experience my child is lethargic I also experience my child is not eating Furthermore, my baby has low birth weight Plus, my infant has growth issues Also, my baby is developing slowly Furthermore, my infant cries from ear pain Additionally, my infant has jaundice Plus, my child is not drinking enough fluids Additionally, my child has a wheezing sound when breathing",PEDIATRICS
"I have upper back pain I also experience i have numbness in my extremities Plus, i have trouble walking Also, my joints are aching Plus, i have neck pain On top of that, i have knee pain Furthermore, i have shoulder pain Also, i have hip joint pain Furthermore, my bones feel sore On top of that, my muscles ache Plus, my joints are swollen Also, my joints are stiff On top of that, i cannot move my joint fully Furthermore, i have a broken bone Also, i experience muscle fatigue and weakness I also experience i have a constant tingling sensation I also experience i have heel pain Additionally, i have a sports injury",ORTHOPEDICS
"I have migraine-like headaches Also, i feel unsteady and dizzy Additionally, i had a seizure episode Also, i have numbness in my extremities On top of that, i experience tingling in my feet Plus, i have progressive muscle weakness Additionally, my hands are shaking Also, i cannot remember recent events On top of that, i feel confused Plus, i have poor balance and coordination I also experience i have trouble walking Also, i have difficulty with speech Additionally, i have facial paralysis Additionally, i have lost consciousness Also, i have neuropathic pain I also experience i experience muscle rigidity Furthermore, i have trouble with fine motor tasks Additionally, i have insomnia",NEUROLOGY
"my child has a high temperature Additionally, my baby is coughing I also experience my baby is sneezing and has a runny nose I also experience my child is complaining of throat pain On top of that, my infant has breathing problems Also, my child has been throwing up Plus, my baby has stomach pain Furthermore, my baby has a skin rash On top of that, my infant had a fit Also, my infant is not drinking milk properly On top of that, my infant cries uncontrollably Plus, my child is lethargic I also experience my infant has no appetite Additionally, my infant is too small I also experience my child is not growing properly I also experience my child is not meeting milestones Also, my child is pulling at their ear Additionally, my child looks jaundiced I also experience my infant shows signs of dehydration Plus, my child has a wheezing sound when breathing",PEDIATRICS
"I have PCOS Furthermore, my menstrual cycle is irregular Furthermore, i am having pregnancy complications Also, i have menstrual problems On top of that, my period pain is mild Additionally, my periods are very heavy Plus, i have scanty periods Also, my period has been delayed Furthermore, i missed my period Additionally, i have persistent vaginal itching Furthermore, i have vaginal dryness Additionally, i get acne due to hormones Also, i have lower abdominal pain",GYNECOLOGY & OBSTETRICS
"I was diagnosed with PCOS I also experience i have inconsistent menstrual cycles Furthermore, i have problems with my pregnancy On top of that, i have issues with my periods I also experience my period pain is mild Also, my periods are very heavy Also, i have scanty periods Additionally, my period is late Additionally, i have amenorrhea Additionally, i feel itchy down there Also, i feel dry in the vaginal area Additionally, i have persistent acne from hormonal imbalance Additionally, i feel pain in my lower abdomen",GYNECOLOGY & OBSTETRICS
"I have a throbbing headache Additionally, i am experiencing dizziness Furthermore, i experienced a seizure I also experience i feel tingling and numb I also experience i feel tingling in my hands On top of that, my muscles feel weak Plus, my hands are shaking Also, i cannot remember recent events On top of that, i have mental confusion Additionally, i have poor balance and coordination Also, i have difficulty walking Furthermore, i cannot speak clearly Also, my facial muscles feel weak I also experience i fainted and lost consciousness Also, i experience shooting nerve pain Furthermore, my muscles feel stiff Also, i have poor coordination Furthermore, i cannot sleep well",NEUROLOGY
"I have migraine-like headaches Furthermore, i feel unsteady and dizzy Also, i experienced a seizure Plus, i have numbness On top of that, i experience tingling in my feet Plus, my muscles feel weak I also experience i experience involuntary shaking Additionally, i have memory loss Also, i feel confused On top of that, i have balance problems Furthermore, i walk with difficulty Furthermore, my speech is slurred Also, my facial muscles feel weak I also experience i have lost consciousness Furthermore, i have sharp nerve pain Also, my muscles are tight and stiff On top of that, i am clumsy I also experience i have trouble falling asleep",NEUROLOGY
"Patient with chief complaint of coffee ground emesis, assessed for acute kidney failure unspecified",NEPHROLOGY
"I have polycystic ovary syndrome On top of that, i have inconsistent menstrual cycles Plus, i am having pregnancy complications I also experience i have issues with my periods Also, i have mild period pain Plus, i have menorrhagia I also experience i have scanty periods Also, my period is late Furthermore, i have a missed period Additionally, i have vaginal itching Additionally, i experience vaginal dryness Plus, i have persistent acne from hormonal imbalance Additionally, i have lower abdominal pain",GYNECOLOGY & OBSTETRICS
"I feel feverish Also, i have a wet cough Additionally, i feel very tired Additionally, i feel drained and weak Additionally, my head hurts I also experience i am experiencing dizziness On top of that, i have generalized body pain Additionally, i have abdominal cramps On top of that, i feel like I might throw up Additionally, i cannot keep food down",GENERAL MEDICINE
"Patient with chief complaint of etoh hallucinations, assessed for oth psych disorder not due to a sub or known physiol cond",PSYCHIATRY
"Patient with chief complaint of l foot swelling l foot pain, assessed for long term current use of anticoagulants",GENERAL MEDICINE
"Patient with chief complaint of abdominal pain nausea vomiting and diarrhea, assessed for unspecified acute appendicitis",GASTROENTEROLOGY
"I was diagnosed with PCOS On top of that, my menstrual cycle is irregular I also experience i have pregnancy-related problems On top of that, i have issues with my periods I also experience i have mild menstrual cramps I also experience i experience heavy menstrual bleeding Also, my menstrual flow is very light Furthermore, my period has been delayed Additionally, i have a missed period Plus, i feel itchy down there Also, i feel dry in the vaginal area Additionally, i have persistent acne from hormonal imbalance Additionally, i have pain in my lower stomach area",GYNECOLOGY & OBSTETRICS
Patient presents with vomiting blood,GASTROENTEROLOGY
"I have persistent head pain On top of that, i feel dizzy Plus, i have epilepsy-like seizures Furthermore, i feel numbness in my body Furthermore, i experience tingling in my feet I also experience my muscles feel like they are failing I also experience i experience involuntary shaking On top of that, my memory is getting worse Plus, i have mental confusion I also experience i have balance problems Additionally, i have difficulty walking Additionally, i have trouble speaking Additionally, my facial muscles feel weak Also, i have lost consciousness Also, i have sharp nerve pain Additionally, my muscles feel stiff Furthermore, i feel uncoordinated Plus, i cannot sleep well",NEUROLOGY
"I feel dizzy Additionally, i am feeling sick to my stomach I also experience i have pressure in my chest On top of that, i cannot breathe properly I also experience my heart skips beats Furthermore, i have an uneven heartbeat On top of that, i have high blood pressure Plus, i feel like I might faint Plus, i have a fast heartbeat Furthermore, i have bradycardia On top of that, i am incredibly tired I also experience my ankles and legs are puffy Furthermore, my chest feels tight I also experience my ankles feel swollen and painful On top of that, i have night sweats Plus, i have back pain",CARDIOLOGY
"I feel feverish Also, i have a dry cough Also, i feel weak and tired Also, i have general weakness Additionally, i have been having headaches On top of that, i am experiencing dizziness Furthermore, my body is sore I also experience my stomach is hurting Plus, i have nausea I also experience i cannot keep food down",GENERAL MEDICINE
"I have a fever Also, i have a wet cough I also experience i have fatigue Additionally, my body feels weak I also experience i have migraine-like headaches On top of that, i feel unsteady and dizzy Plus, i feel achy all over Plus, i have stomach pain Plus, i feel queasy Furthermore, i vomited multiple times",GENERAL MEDICINE
"I have lower back pain Furthermore, i feel numbness in my body Furthermore, i walk with difficulty I also experience i have joint pain Also, i have a stiff neck Plus, my knee hurts Furthermore, i feel pain in my shoulder Also, my hip is stiff and painful I also experience i have persistent bone pain Furthermore, i feel muscle soreness On top of that, my joints are swollen Furthermore, my joints are stiff I also experience i have limited range of motion Also, i fractured a bone Also, my muscles are getting weaker Furthermore, i experience unusual tingling Furthermore, i have plantar fasciitis-like heel pain Additionally, i got injured while playing sports",ORTHOPEDICS
"Swelling around eyes and feet, high blood pressure, and dark foamy urine.",NEPHROLOGY
"Patient with chief complaint of facial numbness, assessed for other disturbances of skin sensation",DERMATOLOGY
"my body temperature is high Additionally, i am coughing a lot Plus, i am constantly fatigued On top of that, i feel physically weak On top of that, i have persistent head pain Additionally, i am experiencing dizziness On top of that, i have generalized body pain Furthermore, my stomach is hurting I also experience i feel queasy On top of that, i have been throwing up",GENERAL MEDICINE
"Patient with chief complaint of dehydration nausea rash, assessed for presence of insulin pump external internal",GENERAL MEDICINE
"my back is very sore I also experience i have numbness Furthermore, i walk with difficulty Plus, i have painful joints Furthermore, i have neck pain Additionally, my knee hurts Also, i have a frozen shoulder Also, i feel pain in my hip Furthermore, i have persistent bone pain Plus, i have muscle cramps and pain Also, i have joint swelling Also, i feel stiff in my joints Plus, i have difficulty moving On top of that, i have a bone fracture Plus, my muscle strength is declining Furthermore, i have a constant tingling sensation Also, my heel feels painful Plus, i got injured while playing sports",ORTHOPEDICS
"Patient with chief complaint of chest pain nstemi transfer, assessed for chest pain unspecified",GENERAL MEDICINE
"my back hurts Plus, i have numbness I also experience i have difficulty walking On top of that, i have painful joints I also experience my neck hurts On top of that, my knee hurts Additionally, i have shoulder pain Plus, i feel pain in my hip Also, i feel deep bone pain Additionally, i feel muscle soreness I also experience my joints are swollen Additionally, i have trouble moving my joints Also, i have restricted movement Furthermore, i have a bone fracture Additionally, my muscle strength is declining Additionally, i have persistent tingling Also, my heel feels painful On top of that, i have a sports injury",ORTHOPEDICS
Patient presents with left hip bone fracture,ORTHOPEDICS
"Patient with chief complaint of status post fall transfer, assessed for oth fracture of lower end of right tibia init for clos bone fracture",ORTHOPEDICS
"I have cysts on my ovaries On top of that, my menstrual cycle is irregular Plus, i have pregnancy-related problems Also, i have problems during menstruation Additionally, i have mild period pain I also experience my periods are very heavy On top of that, i have very light periods Additionally, my menstruation is overdue Plus, my period did not come this month Furthermore, i have persistent vaginal itching On top of that, i have vaginal dryness Furthermore, i have hormonal acne Furthermore, my lower belly hurts",GYNECOLOGY & OBSTETRICS
"Emergency presentation: chest pain transfer, vitals show severe pain score 9 out of 10",CARDIOLOGY
"Patient with chief complaint of confusion status post fall, assessed for fall on same level unspecified initial encounter",ORTHOPEDICS
"I was diagnosed with PCOS Plus, my periods are not regular Also, i am experiencing issues during pregnancy On top of that, i experience menstrual difficulties Furthermore, i have mild period pain Additionally, i have heavy periods Also, i have very light periods Additionally, my period has been delayed Plus, i missed my period On top of that, i feel itchy down there On top of that, my vaginal area lacks moisture Plus, my acne is hormone-related Also, i feel pain in my lower abdomen",GYNECOLOGY & OBSTETRICS
Patient presents with left leg pain weakness,UROLOGY
"my child has a high temperature On top of that, my child has a cough Furthermore, my child has cold symptoms Furthermore, my baby's throat is sore I also experience my baby has breathing difficulty Also, my baby is vomiting Furthermore, my child is crying from stomach pain Furthermore, my infant has a red rash Also, my infant had a fit Plus, my child refuses to eat Additionally, my infant cries uncontrollably Additionally, my infant appears weak and floppy Additionally, my baby refuses to eat Furthermore, my baby is underweight Also, my baby has delayed growth I also experience my infant has delayed development Furthermore, my infant cries from ear pain I also experience my baby has yellow skin Furthermore, my baby has dry mouth and no tears I also experience my child has a wheezing sound when breathing",PEDIATRICS
I am experiencing r rib pain,PULMONOLOGY
"I have polycystic ovary syndrome Plus, i have inconsistent menstrual cycles Also, i have problems with my pregnancy I also experience i have issues with my periods On top of that, my period pain is mild Plus, my periods are very heavy I also experience i have very light periods Furthermore, my period has been delayed Furthermore, i have a missed period Also, i have persistent vaginal itching I also experience i experience vaginal dryness Also, my acne is hormone-related Additionally, i feel pain in my lower abdomen",GYNECOLOGY & OBSTETRICS
I am experiencing left hip bone fracture,ORTHOPEDICS
"I have cysts on my ovaries Additionally, i have inconsistent menstrual cycles Additionally, i have problems with my pregnancy I also experience i experience menstrual difficulties On top of that, my period pain is mild Plus, i experience heavy menstrual bleeding Additionally, i have scanty periods Furthermore, my period has been delayed Plus, i have amenorrhea Furthermore, i have persistent vaginal itching Furthermore, my vaginal area lacks moisture On top of that, i get acne due to hormones Also, i have pain in my lower stomach area",GYNECOLOGY & OBSTETRICS
"Severe anemia symptoms, dizziness, paleness, extreme fatigue, and shortness of breath.",HEMATOLOGY
"Patient with chief complaint of etoh hallucinations, assessed for alcohol dependence with withdrawal unspecified",PSYCHIATRY
"Patient with chief complaint of dyspnea hypoxia, assessed for pneumonia unspecified organism",PULMONOLOGY
"I feel dizzy Also, i have nausea I also experience my chest feels tight and painful Furthermore, i am short of breath I also experience my heart is beating fast Additionally, my heartbeat is irregular Additionally, i have hypertension Also, i have been fainting Plus, i have a rapid pulse On top of that, i have a slow heartbeat On top of that, i am incredibly tired On top of that, my legs feel heavy and swollen I also experience i feel chest tightness Additionally, my ankles are swollen Furthermore, i am sweating excessively Additionally, my back hurts",CARDIOLOGY
"Patient with chief complaint of bright red blood per rectum, assessed for anemia unspecified",HEMATOLOGY
"Patient with chief complaint of status post fall sdh, assessed for hyperlipidemia nec nos",ENDOCRINOLOGY
"I have polycystic ovary syndrome Furthermore, i have inconsistent menstrual cycles Also, i have problems with my pregnancy Plus, i have menstrual problems Furthermore, i have mild menstrual cramps I also experience i have menorrhagia Also, my menstrual flow is very light Also, my period has been delayed I also experience i missed my period Furthermore, my vaginal area is very itchy Furthermore, my vaginal area lacks moisture I also experience my acne is hormone-related Also, i have pain in my lower stomach area",GYNECOLOGY & OBSTETRICS
"I have been feeling burning in my upper stomach, nausea, and vomiting after eating.",GASTROENTEROLOGY
Patient presents with left arm numbness left arm swelling,ENDOCRINOLOGY
"my head hurts Additionally, i have vertigo-like dizziness I also experience i have epilepsy-like seizures Additionally, i have numbness Additionally, i have a tingling sensation all over On top of that, my muscles feel weak On top of that, my body shakes involuntarily Additionally, i have memory loss I also experience i feel confused Additionally, i have trouble maintaining balance Plus, i struggle to walk Plus, my speech is slurred Plus, i have facial paralysis I also experience i had a loss of consciousness On top of that, i have sharp nerve pain I also experience i have muscle stiffness Furthermore, i have trouble with fine motor tasks Also, i wake up frequently at night",NEUROLOGY
"I have lower back pain Also, i have numbness in my extremities Additionally, i struggle to walk Also, i have painful joints Also, i feel pain in my neck Also, i feel pain in my knee Additionally, i feel pain in my shoulder Furthermore, my hip is stiff and painful Furthermore, i feel deep bone pain On top of that, my muscles ache Additionally, i have inflamed swollen joints Plus, i have joint stiffness On top of that, i have restricted movement Additionally, i have a broken bone Also, i have progressive muscle weakness Additionally, i have a constant tingling sensation Additionally, i have plantar fasciitis-like heel pain On top of that, i have a sprain from sports",ORTHOPEDICS
"Patient with chief complaint of vomiting blood, assessed for hematemesis",GASTROENTEROLOGY
"my infant is feverish Additionally, my baby has a persistent cough I also experience my infant has a cold Plus, my baby's throat is sore On top of that, my baby is short of breath Additionally, my infant is vomiting Also, my infant has abdominal pain Furthermore, my baby's skin is irritated Plus, my baby had a seizure I also experience my child refuses to eat Furthermore, my infant cries uncontrollably I also experience my infant appears weak and floppy On top of that, my baby refuses to eat Additionally, my baby is underweight Plus, my baby has delayed growth On top of that, my infant has delayed development On top of that, my child is pulling at their ear Additionally, my child looks jaundiced On top of that, my baby has dry mouth and no tears I also experience my infant has wheezing",PEDIATRICS
"Patient with chief complaint of right leg cellulitis, assessed for cellulitis of leg",DERMATOLOGY
"I have vertigo-like dizziness Also, i am feeling sick to my stomach Additionally, my chest hurts Also, i have trouble catching my breath On top of that, i feel my heart racing Plus, my pulse rate is inconsistent Additionally, my blood pressure is elevated I also experience i fainted recently I also experience my heart beats very fast Also, i have a slow heartbeat Plus, i feel utterly exhausted On top of that, i have leg edema Furthermore, i feel chest tightness I also experience i have ankle edema Plus, i have excessive sweating I also experience my back hurts",CARDIOLOGY
"Patient with chief complaint of dehydration nausea rash, assessed for nausea",GENERAL MEDICINE
"I have persistent head pain Furthermore, i have vertigo-like dizziness On top of that, i have convulsions Also, i have numbness in my extremities Plus, i have tingling sensations I also experience i have progressive muscle weakness Furthermore, my hands are shaking On top of that, i have memory problems Furthermore, i have mental confusion I also experience i feel unsteady I also experience i cannot walk properly On top of that, i have difficulty with speech Also, my facial muscles feel weak I also experience i was unconscious for a period I also experience i experience shooting nerve pain I also experience my muscles are tight and stiff Additionally, i have trouble with fine motor tasks Also, i have insomnia",NEUROLOGY
"I feel lightheaded I also experience i have an upset stomach with nausea On top of that, my chest hurts On top of that, i cannot breathe properly On top of that, my heart is beating fast Furthermore, my pulse rate is inconsistent I also experience my blood pressure is elevated Additionally, i feel like I am going to pass out Plus, my heart rate is elevated Additionally, i have a slow pulse rate Furthermore, i feel utterly exhausted On top of that, my legs feel heavy and swollen On top of that, my chest feels constricted Also, i have swollen ankles On top of that, i sweat a lot I also experience i have upper back pain",CARDIOLOGY
"I have lower back pain On top of that, i have numbness in my extremities I also experience i cannot walk properly I also experience my joints hurt Also, my neck is very painful Additionally, my knee hurts Furthermore, i have shoulder pain I also experience i feel pain in my hip On top of that, i have persistent bone pain Additionally, i have muscle cramps and pain I also experience my joints feel puffy and inflamed Furthermore, i feel stiff in my joints Also, my movement is limited I also experience i have a stress fracture On top of that, my muscle strength is declining Additionally, i have persistent tingling Additionally, my heel hurts when I walk Plus, i got injured while playing sports",ORTHOPEDICS
"Patient with chief complaint of etoh hypoglycemia, assessed for unspecified viral hepatitis c without hepatic coma",NEUROLOGY
"I have upper back pain Additionally, i have numbness in my extremities Plus, i cannot walk properly I also experience i have joint pain Furthermore, i have neck pain Plus, i have difficulty with my knee Plus, my shoulder is very sore Also, my hip hurts I also experience i feel deep bone pain Also, i have muscle pain On top of that, i have inflamed swollen joints Furthermore, my joints feel rigid On top of that, my movement is limited On top of that, my bone is broken Furthermore, my muscle strength is declining Furthermore, i experience unusual tingling Additionally, my heel hurts when I walk Also, i got injured while playing sports",ORTHOPEDICS
"I have upper back pain Plus, i have numbness Furthermore, i cannot walk properly Additionally, i have joint pain Plus, i have neck pain Also, my knee is swollen and painful Furthermore, i have shoulder pain Also, my hip hurts Additionally, my bones ache Additionally, my muscles are painful Furthermore, i have joint swelling Additionally, i have joint stiffness I also experience i have difficulty moving On top of that, i fractured a bone I also experience i experience muscle fatigue and weakness On top of that, i have persistent tingling Furthermore, i have heel pain I also experience i got injured while playing sports",ORTHOPEDICS
Patient presents with right ear pain drainage,CARDIOLOGY
"Emergency presentation: depression anxiety, vitals show heart rate 112 bpm",PSYCHIATRY
Patient presents with abnormal labs,GENERAL MEDICINE
"Emergency presentation: infection, vitals show heart rate 118 bpm",ONCOLOGY
"Patient with chief complaint of seizure, assessed for hypercholesterolemia",ENDOCRINOLOGY
I am experiencing right sided abdominal pain,GASTROENTEROLOGY
"Patient with chief complaint of chest pain transfer, assessed for unspecified atrial fibrillation",CARDIOLOGY
"I have lower back pain On top of that, i feel numbness in my body Plus, i have trouble walking Plus, i feel pain in my joints I also experience i feel pain in my neck Furthermore, i have difficulty with my knee Plus, i have shoulder pain I also experience my hip hurts Plus, i feel deep bone pain Furthermore, my muscles are painful On top of that, i have swollen joints Also, i have trouble moving my joints Furthermore, my movement is limited Furthermore, i fractured a bone Plus, my muscle strength is declining Furthermore, i feel tingling throughout my body Furthermore, my heel feels painful On top of that, i injured myself during exercise",ORTHOPEDICS
"Patient with chief complaint of suicidal ideation, assessed for suicidal ideation",PSYCHIATRY
"I have a high temperature Additionally, i keep coughing Furthermore, i feel exhausted On top of that, i feel drained and weak Plus, i have a throbbing headache I also experience i am experiencing dizziness I also experience my body is sore Furthermore, my abdomen hurts I also experience i feel like I might throw up Plus, i have been throwing up",GENERAL MEDICINE
"Patient with chief complaint of suprapubic pain, assessed for misc gastroent and urology devices assoc w incdt nec",GASTROENTEROLOGY
"my child has a high temperature Additionally, my child has a cough Plus, my child has cold symptoms On top of that, my infant has throat pain I also experience my infant has breathing problems Also, my baby is vomiting Additionally, my child is crying from stomach pain Also, my baby's skin is irritated On top of that, my infant had a fit Furthermore, my baby is not feeding well On top of that, my baby cries excessively Also, my infant appears weak and floppy Plus, my baby has lost appetite Plus, my child is not gaining weight properly On top of that, my infant has growth issues Plus, my child is not meeting milestones Additionally, my baby has ear pain Also, my baby's skin is turning yellow Plus, my baby has dry mouth and no tears Furthermore, my child has a wheezing sound when breathing",PEDIATRICS
"Patient with chief complaint of b leg swelling, assessed for hypothyroidism unspecified",ENDOCRINOLOGY
"Patient with chief complaint of left arm pain left arm swelling, assessed for cellulitis of left lower limb",DERMATOLOGY
"my baby feels very hot Additionally, my baby is coughing I also experience my baby is sneezing and has a runny nose On top of that, my child is complaining of throat pain Also, my baby has breathing difficulty Also, my baby cannot keep milk down Also, my infant has abdominal pain On top of that, my baby's skin is irritated Additionally, my baby had a seizure I also experience my baby has poor appetite Furthermore, my child cries all the time On top of that, my infant appears weak and floppy Also, my baby refuses to eat Also, my infant is too small Additionally, my infant has growth issues Furthermore, my baby has developmental delays Furthermore, my infant cries from ear pain Furthermore, my baby has yellow skin Furthermore, my baby is dehydrated Additionally, my infant has wheezing",PEDIATRICS
"Emergency presentation: l knee pain, vitals show severe pain score 10 out of 10",NEPHROLOGY
"I feel unsteady and dizzy Plus, i feel nauseous On top of that, i have intermittent chest pain Also, i cannot breathe properly On top of that, my heart is beating fast Also, my heartbeat is irregular Also, i have hypertension Plus, i fainted recently Additionally, my heart rate is elevated I also experience i have a slow heartbeat On top of that, i have extreme fatigue On top of that, my legs feel heavy and swollen Plus, i feel chest tightness Additionally, my ankles are swollen Also, i am drenched in sweat On top of that, my back hurts",CARDIOLOGY
"Widespread joint pain, butterfly facial rash, autoimmune fatigue, and joint warmth.",RHEUMATOLOGY
Patient presents with dyspnea transfer,PULMONOLOGY
I am experiencing hematemesis,GASTROENTEROLOGY
"Emergency presentation: psychiatric hold, vitals show heart rate 108 bpm, severe pain score 9 out of 10",PSYCHIATRY
"I have back pain Plus, i have numbness in my extremities Additionally, i struggle to walk Additionally, i have joint pain Also, my neck is very painful Also, my knee hurts I also experience i have a frozen shoulder Also, i have hip pain I also experience i have bone pain Plus, i feel muscle soreness Furthermore, i have swollen joints On top of that, i have trouble moving my joints Also, i have limited range of motion Also, i have a bone fracture I also experience i experience muscle fatigue and weakness Furthermore, i feel tingling throughout my body On top of that, i have plantar fasciitis-like heel pain On top of that, i have a sports injury",ORTHOPEDICS
"I have PCOS Plus, my periods are not regular Furthermore, i am having pregnancy complications On top of that, i have problems during menstruation On top of that, i have mild menstrual cramps I also experience i have menorrhagia Furthermore, i have scanty periods Additionally, i have a delayed period Furthermore, i have a missed period Additionally, i have persistent vaginal itching Additionally, i experience vaginal dryness On top of that, i have persistent acne from hormonal imbalance Additionally, i feel pain in my lower abdomen",GYNECOLOGY & OBSTETRICS
"Patient with chief complaint of left arm numbness left arm swelling, assessed for end stage renal disease",NEPHROLOGY
"I have vertigo-like dizziness Additionally, i have nausea Additionally, i have intermittent chest pain On top of that, i cannot breathe properly Also, my heart skips beats On top of that, i feel pulse irregularity Plus, my blood pressure is elevated I also experience i feel like I am going to pass out Plus, i have a rapid pulse Also, i have bradycardia Additionally, i am incredibly tired Plus, my legs feel heavy and swollen Furthermore, my chest feels tight Plus, i have ankle edema Additionally, i sweat a lot On top of that, i have lower back pain",CARDIOLOGY
"the room feels like it is spinning Also, i have an upset stomach with nausea I also experience i have chest pain Also, i have trouble catching my breath On top of that, i have irregular heartbeats I also experience i have an uneven heartbeat Additionally, i have been diagnosed with high blood pressure On top of that, i feel like I am going to pass out Additionally, my heart rate is elevated Plus, i have a slow heartbeat Furthermore, i have debilitating fatigue Furthermore, i have swelling in my legs On top of that, my chest feels tight Also, i have swollen ankles Also, i have excessive sweating I also experience my back hurts",CARDIOLOGY
"Emergency presentation: suicidal ideation, vitals show heart rate 102 bpm",PSYCHIATRY
Patient presents with dislodged abdominal tube,CARDIOLOGY
"Emergency presentation: abdominal pain right sided abdominal pain, vitals show severe pain score 10 out of 10",GASTROENTEROLOGY
"I have PCOS Also, my periods are not regular Plus, i have problems with my pregnancy On top of that, i have issues with my periods Also, i have mild menstrual cramps Additionally, my periods are very heavy Also, my periods are barely there Plus, my period has been delayed Furthermore, i have a missed period Additionally, i have vaginal itching I also experience i experience vaginal dryness Additionally, my acne is hormone-related Furthermore, i feel pain in my lower abdomen",GYNECOLOGY & OBSTETRICS
"Patient with chief complaint of seizure, assessed for grand mal status",NEUROLOGY
I am experiencing dyspnea foot swelling,CARDIOLOGY
"I have a fever Plus, i have a dry cough Also, i have fatigue Plus, i feel drained and weak On top of that, i have persistent head pain Additionally, i feel lightheaded Plus, my whole body aches Plus, i have lower abdominal pain Additionally, i feel like I might throw up Additionally, i cannot keep food down",GENERAL MEDICINE
"Patient with chief complaint of suprapubic pain, assessed for oth complication of genitourinary prosth dev grft init",UROLOGY
"I have a severe headache Furthermore, i am experiencing dizziness Additionally, i had a seizure episode Additionally, i feel tingling and numb Also, i have tingling sensations On top of that, my muscles feel weak On top of that, my body shakes involuntarily Additionally, i have memory problems Furthermore, i feel muddled and confused Furthermore, i have balance problems I also experience i walk with difficulty Additionally, i have speech problems Also, one side of my face feels weak Furthermore, i fainted and lost consciousness On top of that, i have neuropathic pain Plus, i have muscle stiffness On top of that, i am clumsy Furthermore, i have sleep problems",NEUROLOGY
"Patient with chief complaint of transfer pe, assessed for saddle embolus of pulmonary artery without acute cor pulmonale",PULMONOLOGY
"I am experiencing dizziness Furthermore, i have an upset stomach with nausea On top of that, i have chest pain I also experience i have difficulty breathing On top of that, i feel my heart pounding On top of that, i feel pulse irregularity Also, my blood pressure is elevated On top of that, i have episodes of fainting Also, i have a rapid pulse I also experience i have a slow pulse rate On top of that, i have extreme fatigue Furthermore, i have leg edema Plus, my chest feels constricted Also, i have swollen ankles Furthermore, i have night sweats I also experience my back hurts",CARDIOLOGY
"Patient with chief complaint of r rib pain, assessed for traum pneumothorax close",PULMONOLOGY
I am experiencing palpitations,CARDIOLOGY
"Patient with chief complaint of epigastric pain, assessed for long term current use of insulin",GENERAL MEDICINE
"Patient with chief complaint of altered mental status, assessed for sepsis",ORTHOPEDICS
"I have PCOS Additionally, i have irregular periods Plus, i have problems with my pregnancy I also experience i have menstrual problems Furthermore, my period pain is mild Furthermore, my periods are very heavy I also experience i have scanty periods Additionally, my menstruation is overdue On top of that, i have a missed period I also experience i have vaginal itching Also, my vaginal area lacks moisture I also experience i get acne due to hormones Plus, i have lower abdominal pain",GYNECOLOGY & OBSTETRICS
Patient presents with foot laceration,ENDOCRINOLOGY
Patient presents with nausea and vomiting,CARDIOLOGY
"I feel feverish Also, i have a dry cough Furthermore, i have fatigue Also, my body feels weak Plus, my head hurts Plus, the room feels like it is spinning On top of that, my whole body aches Plus, my abdomen hurts Also, i am feeling sick to my stomach On top of that, i vomited multiple times",GENERAL MEDICINE
"Emergency presentation: back pain decreased po intake r ear pain, vitals show heart rate 123 bpm",ENDOCRINOLOGY
"Emergency presentation: headache sah transfer, vitals show severe pain score 7 out of 10",CARDIOLOGY
"I was diagnosed with PCOS On top of that, my menstrual cycle is irregular I also experience i am having pregnancy complications Plus, i have problems during menstruation Plus, i feel slight cramps during my period I also experience i have menorrhagia Additionally, my periods are barely there Also, i have a delayed period Plus, i missed my period Additionally, my vaginal area is very itchy On top of that, i experience vaginal dryness Furthermore, my acne is hormone-related I also experience i feel pain in my lower abdomen",GYNECOLOGY & OBSTETRICS
"Patient with chief complaint of facial numbness, assessed for essential primary hypertension",CARDIOLOGY
Patient presents with right leg pain weakness,CARDIOLOGY
"Emergency presentation: coffee ground emesis, vitals show elevated temperature 100.1F, heart rate 128 bpm",NEPHROLOGY
"Patient with chief complaint of head injury neck pain status post fall, assessed for cervicalgia",ORTHOPEDICS
"I am running a fever On top of that, i keep coughing Plus, i feel weak and tired On top of that, i feel drained and weak Plus, i have persistent head pain Additionally, i am experiencing dizziness Furthermore, i feel achy all over Also, i have abdominal cramps I also experience i have nausea Also, i have been throwing up",GENERAL MEDICINE
"Patient with chief complaint of shortness of breath abnl labs, assessed for diabetes uncompl adult",ENDOCRINOLOGY
"my baby has a fever Plus, my baby is coughing On top of that, my child has cold symptoms On top of that, my infant has throat pain Also, my child is struggling to breathe I also experience my child has been throwing up Additionally, my baby has stomach pain Also, my baby's skin is irritated Additionally, my child is having convulsions Also, my baby has poor appetite Additionally, my infant cries uncontrollably I also experience my child is lethargic Plus, my baby has lost appetite Furthermore, my infant is too small Furthermore, my baby has delayed growth On top of that, my baby is developing slowly Additionally, my child is pulling at their ear Plus, my baby has yellow skin I also experience my child is not drinking enough fluids Additionally, my infant has wheezing",PEDIATRICS
"I have cysts on my ovaries On top of that, my periods are not regular Furthermore, i am having pregnancy complications I also experience i have menstrual problems I also experience i have mild period pain I also experience i experience heavy menstrual bleeding Also, my periods are barely there Plus, my menstruation is overdue On top of that, my period did not come this month On top of that, my vaginal area is very itchy I also experience my vaginal area lacks moisture Plus, i have hormonal acne I also experience my lower belly hurts",GYNECOLOGY & OBSTETRICS
"the room feels like it is spinning Plus, i have nausea I also experience i have pressure in my chest Additionally, i am short of breath Plus, my heart is beating fast I also experience my heartbeat is irregular I also experience i have hypertension Furthermore, i feel like I am going to pass out Also, my heart rate is elevated On top of that, i have a slow pulse rate I also experience i am incredibly tired On top of that, my legs feel heavy and swollen Additionally, i have pressure and tightness in my chest Additionally, i have swollen ankles Furthermore, i am sweating excessively I also experience i have upper back pain",CARDIOLOGY
"Patient with chief complaint of rectal pain, assessed for hypertension nos",CARDIOLOGY
"I have upper back pain Additionally, parts of my body feel numb Also, i struggle to walk On top of that, my joints hurt Also, i have neck pain Furthermore, my knee hurts On top of that, i feel pain in my shoulder Plus, my hip hurts Additionally, i have bone pain I also experience my muscles ache I also experience i have inflamed swollen joints I also experience my joints are stiff Furthermore, my movement is limited I also experience i fractured a bone Plus, i have progressive muscle weakness Also, i have persistent tingling Plus, i have pain in my heel Plus, i injured myself during exercise",ORTHOPEDICS
"I have migraine-like headaches Also, i feel unsteady and dizzy Additionally, i have had seizures Also, i have numbness Furthermore, i feel tingling in my hands I also experience my muscles feel weak Plus, i have a tremor in my hands Furthermore, i keep forgetting things Additionally, i cannot think clearly Plus, i feel unsteady Also, i struggle to walk I also experience i cannot speak clearly Plus, i have facial paralysis Plus, i was unconscious for a period Furthermore, i experience shooting nerve pain I also experience i have rigid muscles I also experience i cannot coordinate my movements well I also experience i wake up frequently at night",NEUROLOGY
"I have a high temperature Furthermore, i have a dry cough Furthermore, i feel exhausted Plus, my body feels weak Furthermore, i have been having headaches Also, i feel lightheaded On top of that, i have body pain I also experience i have stomach pain Plus, i have nausea Also, i have been vomiting",GENERAL MEDICINE
"my baby has a fever I also experience my baby has a persistent cough Also, my baby has a cold Additionally, my baby has a sore throat Also, my infant has breathing problems Plus, my baby cannot keep milk down On top of that, my child is crying from stomach pain Plus, my baby has a skin rash Also, my baby had a seizure episode Plus, my baby is not feeding well On top of that, my child cries all the time Also, my infant appears weak and floppy I also experience my baby has lost appetite Additionally, my baby is underweight I also experience my infant has growth issues Additionally, my baby has developmental delays Plus, my child is pulling at their ear Additionally, my infant has jaundice Plus, my baby has dry mouth and no tears I also experience my baby is wheezing",PEDIATRICS
"I feel persistent sadness, hopelessness, lack of energy, and loss of interest in everything.",PSYCHIATRY
"Sharp lower flank pain radiating to groin, pain during urination, and urge incontinence.",UROLOGY
"my infant is feverish On top of that, my infant is coughing a lot On top of that, my infant has a cold On top of that, my baby has a sore throat Also, my infant has breathing problems I also experience my child has been throwing up On top of that, my baby has stomach pain Plus, my baby's skin is irritated Also, my infant had a fit I also experience my child refuses to eat I also experience my baby cries excessively Plus, my baby has low energy Also, my baby refuses to eat I also experience my child is not gaining weight properly On top of that, my baby is smaller than expected I also experience my child is not meeting milestones On top of that, my baby has an ear infection Furthermore, my child looks jaundiced On top of that, my baby is dehydrated Additionally, my child has a wheezing sound when breathing",PEDIATRICS
"Emergency presentation: palpitations, vitals show heart rate 122 bpm",CARDIOLOGY
I am experiencing headache sah transfer,CARDIOLOGY
"Patient with chief complaint of left arm numbness left arm swelling, assessed for type 2 diabetes mellitus without complications",ENDOCRINOLOGY
"Patient with chief complaint of hypoglycemia, assessed for human immunodeficiency virus hiv disease",GENERAL MEDICINE
"Emergency presentation: suprapubic pain, vitals show tachypnea respiratory rate 22, severe pain score 8 out of 10",UROLOGY
"my back hurts On top of that, i feel numbness in my body On top of that, i struggle to walk On top of that, i have joint pain Also, i have a stiff neck Additionally, i feel pain in my knee Also, i have a frozen shoulder On top of that, i feel pain in my hip Additionally, my bones ache Also, my muscles ache Furthermore, i have inflamed swollen joints On top of that, my joints are stiff On top of that, i have limited range of motion Additionally, i have a stress fracture Additionally, i experience muscle fatigue and weakness Additionally, i feel tingling throughout my body Additionally, i have heel pain On top of that, i got injured while playing sports",ORTHOPEDICS
"Emergency presentation: dyspnea transfer, vitals show heart rate 125 bpm, tachypnea respiratory rate 22",CARDIOLOGY
"Patient with chief complaint of sdh sah, assessed for fall on stair step nec",ORTHOPEDICS
"my back hurts Furthermore, i have numbness Additionally, i have difficulty walking On top of that, i have joint pain Plus, my neck hurts Furthermore, i have difficulty with my knee Also, i have shoulder pain Plus, i have hip joint pain I also experience i have bone pain I also experience i have muscle cramps and pain Additionally, i have joint swelling Additionally, i have trouble moving my joints Plus, i have difficulty moving Also, i have a bone fracture Additionally, my muscles are getting weaker Also, i feel tingling throughout my body I also experience i have heel pain I also experience i have a sports injury",ORTHOPEDICS
"Patient with chief complaint of syncope transfer, assessed for syncope and collapse",CARDIOLOGY
"I feel dizzy Additionally, i feel queasy Furthermore, i have intermittent chest pain Also, i am short of breath On top of that, i feel my heart pounding Additionally, my pulse rate is inconsistent Also, i have hypertension Additionally, i fainted recently On top of that, my heart rate is elevated I also experience i have a slow heartbeat Furthermore, i can barely stay awake Also, my legs feel heavy and swollen Additionally, i feel chest tightness Furthermore, my ankles are puffy Plus, i have night sweats Also, i have lower back pain",CARDIOLOGY
"I have persistent head pain I also experience i feel lightheaded I also experience i have had seizures Plus, i feel tingling and numb Also, i experience tingling in my feet Plus, i have muscle weakness Additionally, my body shakes involuntarily I also experience i keep forgetting things Plus, i feel confused Additionally, i feel unsteady Additionally, i have trouble walking On top of that, i have trouble speaking Additionally, i have facial weakness Also, i was unconscious for a period Additionally, i have neuropathic pain On top of that, my muscles feel stiff On top of that, i cannot coordinate my movements well Furthermore, i have insomnia",NEUROLOGY
"I feel lightheaded Plus, i have nausea Additionally, i feel a sharp pain in my chest Additionally, i am short of breath Furthermore, i have irregular heartbeats I also experience i feel pulse irregularity On top of that, my blood pressure is elevated Plus, i have been fainting Furthermore, i have tachycardia Furthermore, i have a slow heartbeat Additionally, i am incredibly tired Also, my legs are swollen Plus, my chest feels constricted On top of that, my ankles feel swollen and painful Additionally, i am sweating excessively Additionally, i have upper back pain",CARDIOLOGY
"Patient with chief complaint of r rib pain, assessed for unspecified fall",ORTHOPEDICS
Patient presents with shortness of breath,CARDIOLOGY
"Emergency presentation: hematuria dysuria, vitals show elevated temperature 99.9F",GASTROENTEROLOGY
"Patient with chief complaint of dyspnea productive cough, assessed for acute kidney failure unspecified",NEPHROLOGY
"Patient with chief complaint of status post fall transfer, assessed for fall same lev from slip trip without strike against object init",ORTHOPEDICS
"my back is very sore Also, i have numbness Additionally, i have trouble walking Plus, i feel pain in my joints Additionally, i have a stiff neck Also, i have knee pain Also, i have a frozen shoulder Also, i have hip pain On top of that, i feel deep bone pain Also, my muscles are painful On top of that, my joints are swollen Furthermore, my joints are stiff Plus, i cannot move my joint fully Also, i have a bone fracture Additionally, my muscles are getting weaker Plus, i have a constant tingling sensation On top of that, my heel hurts when I walk I also experience i have a sprain from sports",ORTHOPEDICS
"Patient with chief complaint of wound evaluation, assessed for mech compl of infusion catheter initial encounter",ORTHOPEDICS
Patient presents with r rib pain,PULMONOLOGY
"Emergency presentation: abdominal pain, vitals show elevated temperature 99.8F, heart rate 106 bpm, severe pain score 8 out of 10",GENERAL MEDICINE
"I am running a fever Plus, i have been coughing for days Plus, i feel exhausted Additionally, i feel weak all over Additionally, i have persistent head pain Furthermore, i feel dizzy Plus, i have body pain I also experience my stomach is hurting Also, i feel queasy On top of that, i vomited multiple times",GENERAL MEDICINE
"my baby feels very hot Plus, my child has a cough I also experience my baby has a cold I also experience my child is complaining of throat pain Furthermore, my baby has breathing difficulty On top of that, my baby is vomiting On top of that, my baby has stomach pain Additionally, my baby's skin is irritated Plus, my baby had a seizure Also, my baby has poor appetite Additionally, my baby is inconsolable Also, my child is lethargic On top of that, my baby refuses to eat Plus, my baby is underweight On top of that, my baby is smaller than expected Plus, my child is not meeting milestones Plus, my baby has ear pain Additionally, my baby's skin is turning yellow Also, my baby has dry mouth and no tears I also experience my infant has wheezing",PEDIATRICS
"my infant is feverish Additionally, my child has a cough Additionally, my child has cold symptoms On top of that, my child is complaining of throat pain Additionally, my child is struggling to breathe Furthermore, my baby is vomiting Additionally, my baby has a stomach ache Plus, my infant has a red rash I also experience my child is having convulsions Also, my baby is not feeding well Additionally, my baby cries excessively Additionally, my baby seems weak Additionally, my baby has lost appetite On top of that, my baby is underweight Plus, my child is not growing properly Furthermore, my baby is developing slowly Furthermore, my baby has an ear infection I also experience my child looks jaundiced On top of that, my child is not drinking enough fluids Furthermore, my baby is wheezing",PEDIATRICS
"I have upper back pain Additionally, i have numbness Furthermore, i cannot walk properly Also, i feel pain in my joints On top of that, my neck is very painful On top of that, i feel pain in my knee Furthermore, my shoulder hurts Additionally, my hip hurts Plus, my bones ache Furthermore, my muscles are painful On top of that, i have inflamed swollen joints I also experience i feel stiff in my joints Additionally, my movement is limited Furthermore, my bone is broken I also experience my muscles are getting weaker Additionally, i have a constant tingling sensation Plus, i have pain in my heel Additionally, i injured myself during exercise",ORTHOPEDICS
"the room feels like it is spinning Plus, i have nausea I also experience my chest feels tight and painful Plus, i am short of breath Furthermore, i feel my heart racing Additionally, i have an irregular pulse Also, i have been diagnosed with high blood pressure Furthermore, i feel like I am going to pass out Additionally, my heart rate is elevated Plus, i have a slow heartbeat Also, i have debilitating fatigue Also, i have swelling in my legs On top of that, i have a tight feeling in my chest Plus, i have swollen ankles I also experience i am sweating excessively I also experience i have upper back pain",CARDIOLOGY
"Patient with chief complaint of bright red blood per rectum, assessed for hemorrhage of anus and rectum",NEUROLOGY
I am experiencing dizziness weakness,ENDOCRINOLOGY
"my child has a high temperature Plus, my child has a cough Also, my child has cold symptoms I also experience my child is complaining of throat pain Furthermore, my baby is short of breath Plus, my child has been throwing up I also experience my infant has abdominal pain Furthermore, my child has a rash on their body Plus, my infant had a fit Plus, my child refuses to eat Plus, my baby cries excessively Additionally, my baby seems weak Also, my baby refuses to eat Also, my child is not gaining weight properly Additionally, my baby has delayed growth Additionally, my child is not meeting milestones I also experience my baby has an ear infection I also experience my baby's skin is turning yellow Additionally, my baby is dehydrated Also, my child has a wheezing sound when breathing",PEDIATRICS
Patient presents with status post arrest,NEPHROLOGY
I am experiencing ich,NEUROLOGY
"I feel hot and feverish Additionally, i have a dry cough Additionally, i feel very tired Plus, i feel weak all over I also experience my head hurts Plus, i feel dizzy On top of that, i have generalized body pain Additionally, i have abdominal cramps Additionally, i feel like I might throw up Additionally, i have been throwing up",GENERAL MEDICINE
"Patient with chief complaint of resp arrest, assessed for respiratory failure",PULMONOLOGY
I am experiencing cough dyspnea,GENERAL MEDICINE
I am experiencing weakness atrial fibrillation transfer,CARDIOLOGY
"Patient with chief complaint of psychiatric hold altered mental status, assessed for long term current use of insulin",GENERAL MEDICINE
"Emergency presentation: diarrhea hypotension, vitals show elevated temperature 99.8F, severe pain score 7 out of 10",NEPHROLOGY
"Emergency presentation: abnormal labs, vitals show elevated temperature 100.0F, heart rate 103 bpm",GENERAL MEDICINE
"Patient with chief complaint of dyspnea transfer, assessed for unspecified atrial fibrillation",CARDIOLOGY
I am experiencing status post fall,CARDIOLOGY
"Patient with chief complaint of infection, assessed for fever unspecified",GENERAL MEDICINE
"Patient with chief complaint of dyspnea on exertion, assessed for congestive heart failure unspec",CARDIOLOGY
"Patient with chief complaint of leg pain wound evaluation, assessed for oth surgical procedures cause abn react compl without misadvnt",GENERAL MEDICINE
"I have a fever On top of that, i have been coughing for days I also experience i feel weak and tired Also, my body feels weak On top of that, i have migraine-like headaches Additionally, i am experiencing dizziness Also, i have body pain Plus, i have stomach pain Additionally, i have nausea I also experience i am throwing up",GENERAL MEDICINE
"I feel feverish Furthermore, i have been coughing for days On top of that, i feel very tired Additionally, i feel physically weak On top of that, i have migraine-like headaches I also experience the room feels like it is spinning I also experience my whole body aches Also, i have lower abdominal pain I also experience i feel like I might throw up Plus, i vomited multiple times",GENERAL MEDICINE
"Patient with chief complaint of allergic reaction, assessed for hypertension nos",CARDIOLOGY
Patient presents with transfer dyspnea,PULMONOLOGY
I am experiencing lethargy shortness of breath,PULMONOLOGY
"I have lower back pain Plus, i feel numbness in my body Additionally, i have difficulty walking Additionally, i feel pain in my joints Also, my neck is very painful Additionally, i feel pain in my knee Plus, my shoulder is very sore Plus, my hip is stiff and painful Furthermore, i have persistent bone pain I also experience i have muscle pain Also, my joints are swollen Furthermore, my joints feel rigid I also experience i have limited range of motion Additionally, i have a bone fracture On top of that, my muscle strength is declining I also experience i have persistent tingling Furthermore, i have plantar fasciitis-like heel pain Additionally, i injured myself during exercise",ORTHOPEDICS
"my baby feels very hot I also experience my child has a cough Also, my baby has a cold Additionally, my infant has throat pain Also, my baby has breathing difficulty On top of that, my baby is vomiting I also experience my child is crying from stomach pain On top of that, my child has a rash on their body Also, my baby had a seizure Plus, my child refuses to eat I also experience my baby cries excessively On top of that, my infant appears weak and floppy Plus, my baby has lost appetite I also experience my baby is underweight Also, my baby has delayed growth On top of that, my baby is developing slowly Also, my baby has ear pain On top of that, my baby has yellow skin I also experience my child is not drinking enough fluids Additionally, my baby wheezes when breathing",PEDIATRICS
"I have a throbbing headache On top of that, i am experiencing dizziness Plus, i had a seizure episode Also, parts of my body feel numb Additionally, i experience tingling in my feet I also experience my muscles feel like they are failing Also, i have tremors Furthermore, i have memory loss On top of that, i cannot think clearly Plus, i feel like I might fall I also experience i have difficulty walking Additionally, i cannot speak clearly I also experience my face droops Also, i was unconscious for a period I also experience i experience shooting nerve pain On top of that, my muscles feel stiff Plus, i feel uncoordinated Additionally, i wake up frequently at night",NEUROLOGY
I am experiencing dehydration fatigue,ENDOCRINOLOGY
"Patient with chief complaint of sdh sah, assessed for traum subarachnoid hem",ORTHOPEDICS
"Patient with chief complaint of b leg swelling, assessed for type 2 diabetes mellitus w diabetic chronic kidney disease",NEPHROLOGY
"I have PCOS Additionally, i have irregular periods Additionally, i am experiencing issues during pregnancy Furthermore, i experience menstrual difficulties Furthermore, my period pain is mild I also experience i have menorrhagia Plus, my periods are barely there Furthermore, my period has been delayed I also experience my period did not come this month Furthermore, i feel itchy down there Also, i have vaginal dryness Additionally, i have persistent acne from hormonal imbalance Furthermore, i have pain in my lower stomach area",GYNECOLOGY & OBSTETRICS
"I have a severe headache Additionally, i have vertigo-like dizziness Furthermore, i have had seizures Furthermore, i feel tingling and numb Additionally, i feel tingling in my hands Plus, i cannot move my muscles properly On top of that, my hands are shaking I also experience i have memory loss Additionally, i feel confused I also experience i have poor balance and coordination Additionally, i walk with difficulty On top of that, i have trouble speaking On top of that, i have facial paralysis I also experience i blacked out Furthermore, i have sharp nerve pain Additionally, i experience muscle rigidity I also experience i am clumsy Also, i have trouble falling asleep",NEUROLOGY
"my baby feels very hot Also, my child has a cough Also, my infant has a cold Plus, my baby's throat is sore Plus, my infant has breathing problems Also, my child has been throwing up Also, my child is crying from stomach pain Additionally, my child has a rash on their body Furthermore, my baby had a seizure episode I also experience my baby is not feeding well Plus, my infant cries uncontrollably I also experience my baby has low energy Also, my child is not eating On top of that, my child is not gaining weight properly I also experience my baby is smaller than expected Additionally, my baby has developmental delays Also, my baby has an ear infection I also experience my child looks jaundiced Also, my child is not drinking enough fluids Additionally, my infant has wheezing",PEDIATRICS
"I am experiencing dizziness Plus, i am feeling sick to my stomach I also experience i have pressure in my chest On top of that, i have trouble catching my breath Furthermore, i feel my heart racing Also, i have an uneven heartbeat Plus, my BP readings are high I also experience i feel like I might faint On top of that, i have a rapid pulse Also, i have bradycardia Additionally, i have debilitating fatigue On top of that, my legs feel heavy and swollen On top of that, i have pressure and tightness in my chest Plus, my ankles are puffy Furthermore, i am sweating excessively I also experience i have back pain",CARDIOLOGY
"Patient with chief complaint of dizziness weakness, assessed for diabetes uncompl adult",ENDOCRINOLOGY
"Patient with chief complaint of lower extremity pain, assessed for diss abdom aortic aneurysm",CARDIOLOGY
"I have vertigo-like dizziness Also, i feel like I might throw up Furthermore, i have pressure in my chest Also, i have trouble catching my breath I also experience i feel my heart pounding Plus, i feel pulse irregularity Furthermore, i have been diagnosed with high blood pressure Plus, i feel like I am going to pass out Additionally, i have tachycardia Additionally, my heart beats slowly Also, i feel utterly exhausted Additionally, i have swelling in my legs On top of that, i feel chest tightness Additionally, my ankles are puffy Furthermore, i am drenched in sweat Plus, my back hurts",CARDIOLOGY
"my head hurts Additionally, i have vertigo-like dizziness On top of that, i have had seizures Also, i have numbness in my extremities Additionally, i experience tingling in my feet I also experience i cannot move my muscles properly Furthermore, my hands are shaking Plus, i have memory problems Additionally, i am disoriented Also, i feel like I might fall Plus, i struggle to walk Furthermore, i cannot speak clearly Furthermore, one side of my face feels weak Also, i was unconscious for a period Furthermore, i have sharp nerve pain Furthermore, my muscles feel stiff Plus, i have trouble with fine motor tasks Also, i have insomnia",NEUROLOGY
"I have a throbbing headache Additionally, i have vertigo-like dizziness I also experience i had a seizure episode Also, i have numbness Additionally, i have a tingling sensation all over Also, i cannot move my muscles properly I also experience i experience involuntary shaking Furthermore, i have memory loss Plus, i am disoriented On top of that, i have balance problems I also experience i have difficulty walking On top of that, i cannot speak clearly Also, i have facial paralysis Additionally, i was unconscious for a period Also, i experience shooting nerve pain I also experience i experience muscle rigidity Also, i have trouble with fine motor tasks On top of that, i cannot sleep well",NEUROLOGY
"my back is very sore Furthermore, i have numbness Additionally, i have difficulty walking Furthermore, my joints are aching Furthermore, i have neck pain Furthermore, my knee is swollen and painful I also experience my shoulder is very sore Additionally, i feel pain in my hip Additionally, i feel deep bone pain Additionally, i have muscle cramps and pain Plus, my joints are swollen On top of that, i have trouble moving my joints Plus, my movement is limited Plus, i have a stress fracture Plus, my muscle strength is declining Additionally, i have a constant tingling sensation Also, i have plantar fasciitis-like heel pain I also experience i have a sprain from sports",ORTHOPEDICS
"I have been having headaches Additionally, i feel lightheaded Furthermore, i experienced a seizure Furthermore, i have numbness On top of that, i have pins and needles feeling I also experience i have muscle weakness Furthermore, i have a tremor in my hands Also, i have memory loss I also experience i have mental confusion Furthermore, i have trouble maintaining balance Plus, i cannot walk properly Furthermore, i have speech problems Furthermore, my face droops On top of that, i had a loss of consciousness Plus, i experience shooting nerve pain I also experience my muscles feel stiff On top of that, i cannot coordinate my movements well On top of that, i cannot sleep well",NEUROLOGY
"Emergency presentation: dyspnea abnormal lab values, vitals show heart rate 59 bpm",HEMATOLOGY
"my infant is feverish Also, my baby has a persistent cough Additionally, my child has cold symptoms Plus, my baby has a sore throat Furthermore, my child is struggling to breathe I also experience my baby cannot keep milk down Also, my baby has a stomach ache Plus, my child has a rash on their body On top of that, my baby had a seizure Also, my baby is not feeding well Also, my child cries all the time I also experience my child is lethargic On top of that, my baby refuses to eat Additionally, my infant is too small Additionally, my child is not growing properly On top of that, my child is not meeting milestones Additionally, my baby has ear pain Furthermore, my child looks jaundiced Also, my baby has dry mouth and no tears Furthermore, my child has a wheezing sound when breathing",PEDIATRICS
"Patient with chief complaint of dizziness weakness, assessed for other malaise and fatigue",GENERAL MEDICINE
"I have been having headaches Plus, the room feels like it is spinning Additionally, i experienced a seizure I also experience i feel tingling and numb On top of that, i have tingling sensations On top of that, i cannot move my muscles properly Furthermore, i experience involuntary shaking Additionally, my memory is getting worse I also experience i have mental confusion On top of that, i have trouble maintaining balance Furthermore, i cannot walk properly Furthermore, i have speech problems Plus, i have facial paralysis Furthermore, i had a loss of consciousness On top of that, i have nerve pain Additionally, i have muscle stiffness Plus, i have poor coordination Furthermore, i have insomnia",NEUROLOGY
"Patient with chief complaint of weakness hypotension, assessed for urinary tract infection site not specified",UROLOGY
"Patient with chief complaint of etoh suicidal ideation, assessed for fall on from unspecified stairs and steps init encntr",ORTHOPEDICS
"Patient with chief complaint of etoh hallucinations, assessed for elevated white blood cell count unspecified",HEMATOLOGY
"I am running a fever Furthermore, i have a dry cough On top of that, i have no energy On top of that, i feel weak all over On top of that, my head hurts Also, i feel lightheaded Plus, i have widespread body pain I also experience i have stomach pain Furthermore, i have nausea On top of that, i cannot keep food down",GENERAL MEDICINE
"Patient with chief complaint of fever, assessed for septicemia nos",GENERAL MEDICINE
"my infant is feverish Additionally, my infant is coughing a lot Furthermore, my baby is sneezing and has a runny nose Plus, my infant has throat pain Furthermore, my baby has breathing difficulty On top of that, my child has been throwing up On top of that, my child is crying from stomach pain I also experience my baby has a skin rash Also, my baby had a seizure Plus, my child refuses to eat I also experience my baby is inconsolable Also, my baby seems weak Plus, my child is not eating Plus, my baby is underweight Additionally, my child is not growing properly Also, my infant has delayed development Furthermore, my baby has an ear infection On top of that, my infant has jaundice Furthermore, my baby has dry mouth and no tears Plus, my infant has wheezing",PEDIATRICS
"I have a high temperature Furthermore, i am coughing a lot Plus, i feel very tired Plus, i feel physically weak Also, i have a throbbing headache Furthermore, i am experiencing dizziness Furthermore, i have widespread body pain I also experience i have abdominal cramps On top of that, i feel nauseous Plus, i have been vomiting",GENERAL MEDICINE
"Patient with chief complaint of presyncope weakness, assessed for type 1 diabetes mellitus without complications",ENDOCRINOLOGY
"I have a fever On top of that, i keep coughing Furthermore, i feel weak and tired On top of that, i have general weakness I also experience i have persistent head pain Also, i am experiencing dizziness Additionally, i have widespread body pain Also, i have stomach pain Also, i have an upset stomach with nausea Furthermore, i have been throwing up",GENERAL MEDICINE
Patient presents with wound evaluation,GENERAL MEDICINE
"Emergency presentation: neck pain med refill, vitals show severe pain score 10 out of 10",ORTHOPEDICS
Patient presents with dyspnea hypoxia,PULMONOLOGY
"I have a throbbing headache Furthermore, i feel unsteady and dizzy On top of that, i experienced a seizure On top of that, parts of my body feel numb Furthermore, i have pins and needles feeling Furthermore, my muscles feel weak On top of that, my body shakes involuntarily Plus, i have memory problems Furthermore, i feel confused I also experience i have poor balance and coordination On top of that, i walk with difficulty Furthermore, my speech is slurred Furthermore, one side of my face feels weak Also, i had a loss of consciousness Also, i feel burning nerve pain Also, my muscles are tight and stiff On top of that, i have poor coordination I also experience i have sleep problems",NEUROLOGY
"my baby has a fever Plus, my baby is coughing I also experience my baby has a cold On top of that, my child is complaining of throat pain Plus, my baby has breathing difficulty Furthermore, my baby is vomiting Additionally, my child is crying from stomach pain Also, my baby has a skin rash Plus, my child is having convulsions On top of that, my baby is not feeding well Additionally, my child cries all the time I also experience my baby has low energy Also, my child is not eating Also, my baby is underweight Plus, my baby is smaller than expected On top of that, my baby is developing slowly Plus, my child is pulling at their ear I also experience my child looks jaundiced Also, my infant shows signs of dehydration Additionally, my baby wheezes when breathing",PEDIATRICS
"Patient with chief complaint of left arm numbness left arm swelling, assessed for dependence on renal dialysis",NEPHROLOGY
"I have a fever I also experience i have a dry cough Also, i feel weak and tired On top of that, i have general weakness On top of that, i have persistent head pain Additionally, i feel dizzy Furthermore, i have widespread body pain Also, i feel pain in my belly I also experience i feel queasy Furthermore, i vomited multiple times",GENERAL MEDICINE
I am experiencing ili,NEPHROLOGY
"my infant is feverish I also experience my baby is coughing I also experience my infant has a cold Furthermore, my infant has throat pain Additionally, my baby is short of breath I also experience my infant is vomiting Plus, my baby has a stomach ache Plus, my infant has a red rash I also experience my child is having convulsions Also, my child refuses to eat Furthermore, my baby is inconsolable I also experience my child is lethargic Additionally, my baby refuses to eat Plus, my baby is underweight Furthermore, my baby has delayed growth Furthermore, my baby has developmental delays On top of that, my baby has an ear infection Also, my baby has yellow skin Additionally, my baby is dehydrated Plus, my baby wheezes when breathing",PEDIATRICS
"Patient with chief complaint of psychiatric hold altered mental status, assessed for schizoaffective unspec",PSYCHIATRY
"Patient with chief complaint of status post fall l shoulder pain, assessed for ocular pain bilateral",OPHTHALMOLOGY
"my child has a high temperature Also, my baby is coughing Additionally, my infant has a cold Also, my baby has a sore throat I also experience my infant has breathing problems Additionally, my child has been throwing up I also experience my baby has a stomach ache Additionally, my infant has a red rash I also experience my child is having convulsions Also, my baby is not feeding well I also experience my infant cries uncontrollably On top of that, my baby seems weak Additionally, my baby refuses to eat Also, my child is not gaining weight properly Also, my baby has delayed growth Furthermore, my baby has developmental delays Plus, my infant cries from ear pain Plus, my child looks jaundiced I also experience my infant shows signs of dehydration I also experience my baby is wheezing",PEDIATRICS
Patient presents with coffee ground emesis,NEPHROLOGY
"I have a fever Plus, i have a wet cough Plus, i am constantly fatigued On top of that, i feel physically weak Furthermore, i have been having headaches Also, i am experiencing dizziness I also experience i feel achy all over On top of that, my stomach is hurting Also, i have an upset stomach with nausea I also experience i vomited multiple times",GENERAL MEDICINE
"Emergency presentation: abdominal pain nausea vomiting and diarrhea, vitals show heart rate 105 bpm, tachypnea respiratory rate 24, severe pain score 10 out of 10",GASTROENTEROLOGY
"I have back pain Also, i have numbness in my extremities Plus, i struggle to walk Plus, i have joint pain Furthermore, my neck is very painful Also, i have knee pain Additionally, my shoulder is very sore Additionally, i have hip pain On top of that, i feel deep bone pain Plus, i have muscle pain I also experience i have swollen joints Additionally, my joints are stiff Plus, i have difficulty moving Additionally, i have a bone fracture Furthermore, i have progressive muscle weakness Also, i experience unusual tingling On top of that, i have plantar fasciitis-like heel pain Additionally, i have a sprain from sports",ORTHOPEDICS
"I was diagnosed with PCOS Furthermore, my menstrual cycle is irregular Also, i am experiencing issues during pregnancy I also experience i have problems during menstruation Furthermore, i feel slight cramps during my period Also, i have heavy periods Plus, my periods are barely there On top of that, my menstruation is overdue On top of that, my period did not come this month Additionally, i feel itchy down there Furthermore, i feel dry in the vaginal area Plus, i get acne due to hormones Also, my lower belly hurts",GYNECOLOGY & OBSTETRICS
"I have cysts on my ovaries Also, i have irregular periods Additionally, i have problems with my pregnancy Plus, i have menstrual problems Also, my period pain is mild Also, my periods are very heavy Furthermore, my periods are barely there Additionally, i have a delayed period Also, my period did not come this month Plus, i have vaginal itching I also experience i feel dry in the vaginal area Furthermore, i get acne due to hormones Additionally, my lower belly hurts",GYNECOLOGY & OBSTETRICS
"my infant is feverish On top of that, my baby is coughing Plus, my child has cold symptoms Furthermore, my baby's throat is sore I also experience my infant has breathing problems I also experience my baby cannot keep milk down Additionally, my infant has abdominal pain On top of that, my baby's skin is irritated Plus, my baby had a seizure Additionally, my baby has poor appetite Furthermore, my baby is inconsolable Furthermore, my child is lethargic Additionally, my child is not eating On top of that, my baby has low birth weight Furthermore, my infant has growth issues On top of that, my infant has delayed development Furthermore, my child is pulling at their ear Also, my infant has jaundice Plus, my child is not drinking enough fluids I also experience my baby is wheezing",PEDIATRICS
"I feel lightheaded Furthermore, i feel queasy Also, i have intermittent chest pain Also, i have trouble catching my breath Also, i have heart palpitations I also experience i have an irregular pulse Additionally, my blood pressure is elevated Additionally, i feel like I might faint On top of that, i have a fast heartbeat Furthermore, i have bradycardia Plus, i have extreme fatigue On top of that, i have swelling in my legs On top of that, i feel chest tightness On top of that, my ankles feel swollen and painful Plus, i am drenched in sweat Plus, i have lower back pain",CARDIOLOGY
"my infant is feverish Furthermore, my baby is coughing Additionally, my baby has a cold Furthermore, my infant has throat pain Additionally, my baby is short of breath Plus, my child has been throwing up Also, my infant has abdominal pain I also experience my baby has a skin rash Furthermore, my child is having convulsions Furthermore, my child refuses to eat Also, my infant cries uncontrollably On top of that, my infant appears weak and floppy On top of that, my child is not eating I also experience my infant is too small Also, my baby has delayed growth Also, my child is not meeting milestones Also, my infant cries from ear pain Plus, my infant has jaundice On top of that, my infant shows signs of dehydration I also experience my baby is wheezing",PEDIATRICS
"I have migraine-like headaches Furthermore, i have vertigo-like dizziness I also experience i experienced a seizure Plus, i feel tingling and numb On top of that, i have a tingling sensation all over Furthermore, i have muscle weakness Also, my body shakes involuntarily Additionally, i cannot remember recent events Additionally, i have mental confusion Also, i have trouble maintaining balance On top of that, i struggle to walk Furthermore, i have trouble speaking Additionally, i have facial paralysis Also, i fainted and lost consciousness Plus, i have nerve pain Furthermore, my muscles are tight and stiff On top of that, i am clumsy On top of that, i have insomnia",NEUROLOGY
"my back is very sore I also experience i feel numbness in my body Additionally, i have difficulty walking Additionally, i feel pain in my joints On top of that, i feel pain in my neck Furthermore, my knee hurts Also, i feel pain in my shoulder On top of that, my hip is stiff and painful Additionally, i have bone pain I also experience i have muscle cramps and pain Additionally, i have inflamed swollen joints Plus, my joints feel rigid On top of that, i cannot move my joint fully Plus, i have a broken bone Also, i experience muscle fatigue and weakness Also, i have a constant tingling sensation I also experience my heel hurts when I walk Additionally, i have a sports injury",ORTHOPEDICS
"my back is very sore Plus, i have numbness in my extremities Additionally, i have trouble walking On top of that, i have joint pain Plus, i feel pain in my neck Furthermore, i have knee pain Also, i feel pain in my shoulder I also experience i feel pain in my hip I also experience my bones ache Furthermore, i feel muscle soreness Plus, i have inflamed swollen joints I also experience i have joint stiffness Furthermore, i have limited range of motion Plus, i have a bone fracture Furthermore, my muscles are getting weaker Furthermore, i experience unusual tingling Furthermore, i have heel pain Also, i have a sports injury",ORTHOPEDICS
"Patient with chief complaint of facial droop, assessed for altered mental status",GENERAL MEDICINE
"my infant is feverish I also experience my baby has a persistent cough Additionally, my child has cold symptoms I also experience my child is complaining of throat pain Plus, my baby is short of breath Also, my child has been throwing up Additionally, my baby has stomach pain On top of that, my infant has a red rash Additionally, my baby had a seizure I also experience my child refuses to eat On top of that, my baby is inconsolable On top of that, my child is lethargic Furthermore, my child is not eating Furthermore, my baby has low birth weight Also, my baby has delayed growth Additionally, my child is not meeting milestones Additionally, my baby has ear pain I also experience my baby's skin is turning yellow I also experience my baby has dry mouth and no tears Also, my infant has wheezing",PEDIATRICS
"I am running a fever Furthermore, i have a wet cough Plus, i have fatigue Also, my body feels weak On top of that, i have persistent head pain Plus, i am experiencing dizziness Also, i have generalized body pain Furthermore, i have stomach pain Also, i have an upset stomach with nausea Additionally, i have been throwing up",GENERAL MEDICINE
"I have a severe headache Additionally, i feel unsteady and dizzy On top of that, i have convulsions Additionally, i feel tingling and numb I also experience i feel tingling in my hands I also experience i have muscle weakness Plus, i experience involuntary shaking I also experience i keep forgetting things Plus, i have mental confusion Plus, i feel like I might fall I also experience i struggle to walk Plus, my speech is slurred Plus, i have facial paralysis Additionally, i had a loss of consciousness I also experience i feel burning nerve pain Also, my muscles are tight and stiff Plus, i feel uncoordinated On top of that, i have insomnia",NEUROLOGY
"Emergency presentation: l foot pain, vitals show severe pain score 8 out of 10",GENERAL MEDICINE
"my infant is feverish Furthermore, my infant is coughing a lot Plus, my child has cold symptoms Furthermore, my infant has throat pain Additionally, my child is struggling to breathe Furthermore, my baby cannot keep milk down On top of that, my baby has stomach pain On top of that, my child has a rash on their body I also experience my child is having convulsions Furthermore, my baby is not feeding well Furthermore, my baby cries excessively I also experience my infant appears weak and floppy Plus, my child is not eating Additionally, my baby is underweight Additionally, my child is not growing properly Also, my baby has developmental delays Additionally, my infant cries from ear pain Also, my baby has yellow skin Also, my infant shows signs of dehydration Furthermore, my baby wheezes when breathing",PEDIATRICS
"I have polycystic ovary syndrome On top of that, my periods are not regular Plus, i have pregnancy-related problems On top of that, i have problems during menstruation Also, i have mild period pain On top of that, my periods are very heavy Additionally, i have scanty periods On top of that, my period is late Plus, my period did not come this month I also experience i have persistent vaginal itching Also, i feel dry in the vaginal area I also experience i have hormonal acne Also, my lower belly hurts",GYNECOLOGY & OBSTETRICS
Patient presents with abnormal labs hyperglycemia,GENERAL MEDICINE
"I am running a fever I also experience i have a persistent cough Additionally, i feel exhausted Also, i have general weakness Additionally, i have migraine-like headaches Also, the room feels like it is spinning I also experience my whole body aches Additionally, my stomach is hurting On top of that, i feel like I might throw up I also experience i have persistent vomiting",GENERAL MEDICINE
"Emergency presentation: confusion status post fall, vitals show heart rate 104 bpm",CARDIOLOGY
"I have a high temperature I also experience i keep coughing Furthermore, i am constantly fatigued Additionally, i lack strength On top of that, i have a throbbing headache Furthermore, i feel unsteady and dizzy Plus, i feel achy all over I also experience my abdomen hurts On top of that, i have an upset stomach with nausea Additionally, i have been throwing up",GENERAL MEDICINE
"I feel feverish On top of that, i have a persistent cough On top of that, i have no energy Plus, i have general weakness Also, i have been having headaches Also, i feel dizzy Furthermore, i feel achy all over Additionally, i have stomach pain Additionally, i have an upset stomach with nausea Plus, i vomited multiple times",GENERAL MEDICINE
"Emergency presentation: chest pain, vitals show heart rate 115 bpm",GENERAL MEDICINE
"Emergency presentation: cough dyspnea, vitals show heart rate 108 bpm, tachypnea respiratory rate 22",PULMONOLOGY
"I have cysts on my ovaries I also experience my periods are not regular Plus, i am experiencing issues during pregnancy Furthermore, i experience menstrual difficulties On top of that, my period pain is mild Also, i have menorrhagia Plus, my menstrual flow is very light Plus, i have a delayed period Plus, i have amenorrhea Plus, i feel itchy down there I also experience my vaginal area lacks moisture I also experience i get acne due to hormones Furthermore, i have pain in my lower stomach area",GYNECOLOGY & OBSTETRICS
"I feel lightheaded I also experience i have an upset stomach with nausea Furthermore, i have pressure in my chest Furthermore, i have trouble catching my breath Plus, i feel my heart pounding Additionally, i have an irregular pulse Also, my blood pressure is elevated Furthermore, i fainted recently Furthermore, i have tachycardia On top of that, my heart rate is low I also experience i have extreme fatigue Furthermore, i have swelling in my legs On top of that, my chest feels constricted On top of that, i have ankle edema Additionally, i am sweating excessively Additionally, my back hurts",CARDIOLOGY
Patient presents with dizziness weakness,ENDOCRINOLOGY
"Patient with chief complaint of status post fall sdh, assessed for subdural hem without coma",NEUROLOGY
I am experiencing abdominal pain back pain,GASTROENTEROLOGY
Patient presents with altered mental status,GENERAL MEDICINE
"Patient with chief complaint of diarrhea hypotension, assessed for diarrhea unspecified",GENERAL MEDICINE
"I was diagnosed with PCOS Furthermore, i have inconsistent menstrual cycles Plus, i am experiencing issues during pregnancy Also, i have menstrual problems Plus, i have mild menstrual cramps Plus, my periods are very heavy Additionally, i have scanty periods On top of that, my menstruation is overdue Also, i have a missed period Additionally, my vaginal area is very itchy Furthermore, i feel dry in the vaginal area On top of that, my acne is hormone-related Plus, i feel pain in my lower abdomen",GYNECOLOGY & OBSTETRICS
"Patient with chief complaint of dislodged abdominal tube, assessed for long term use antigoagulant",GENERAL MEDICINE
"I was diagnosed with PCOS On top of that, i have inconsistent menstrual cycles Plus, i have problems with my pregnancy Also, i have problems during menstruation Furthermore, i feel slight cramps during my period Also, i have menorrhagia Also, i have scanty periods On top of that, my menstruation is overdue Furthermore, i have amenorrhea Also, i have persistent vaginal itching I also experience i have vaginal dryness Also, i get acne due to hormones I also experience my lower belly hurts",GYNECOLOGY & OBSTETRICS
"Patient with chief complaint of head bleed, assessed for other fall",ORTHOPEDICS
"Patient with chief complaint of suprapubic pain, assessed for urinary tract infection site not specified",UROLOGY
"Patient with chief complaint of nausea vomiting and diarrhea abdominal pain, assessed for cirrhosis of liver nos",GASTROENTEROLOGY
"the room feels like it is spinning Plus, i feel nauseous Also, my chest hurts Additionally, i have trouble catching my breath Furthermore, i have heart palpitations Plus, my heartbeat is irregular Furthermore, my blood pressure is elevated On top of that, i feel like I might faint On top of that, i have tachycardia On top of that, my heart beats slowly Furthermore, i can barely stay awake I also experience my legs are swollen I also experience i feel chest tightness Furthermore, i have ankle edema I also experience i have excessive sweating Furthermore, my back hurts",CARDIOLOGY
I am experiencing abnormal labs,GENERAL MEDICINE
"Patient with chief complaint of picc evaluation, assessed for encounter for adjustment and management of vad",GENERAL MEDICINE
I am experiencing insomnia,ENDOCRINOLOGY
"I have a throbbing headache Furthermore, i am experiencing dizziness Additionally, i experienced a seizure Furthermore, i have numbness in my extremities Additionally, i have a tingling sensation all over Also, i have muscle weakness Furthermore, my hands are shaking Plus, my memory is getting worse Furthermore, i cannot think clearly Furthermore, i have balance problems Also, i have difficulty walking Also, i have difficulty with speech Additionally, my face droops On top of that, i was unconscious for a period I also experience i have nerve pain Furthermore, my muscles are tight and stiff I also experience i have poor coordination Furthermore, i have trouble falling asleep",NEUROLOGY
"I have polycystic ovary syndrome Additionally, i have inconsistent menstrual cycles On top of that, i am experiencing issues during pregnancy On top of that, i experience menstrual difficulties I also experience i feel slight cramps during my period On top of that, my periods are very heavy On top of that, i have scanty periods Plus, i have a delayed period I also experience i have amenorrhea Plus, i have persistent vaginal itching Also, i experience vaginal dryness Also, i have persistent acne from hormonal imbalance Also, my lower belly hurts",GYNECOLOGY & OBSTETRICS
"Patient with chief complaint of hypotension, assessed for gastrointestinal hemorrhage unspecified",NEUROLOGY
"my back is very sore Furthermore, i have numbness I also experience i have trouble walking I also experience i feel pain in my joints Additionally, my neck is very painful Plus, i have difficulty with my knee I also experience my shoulder hurts Plus, i have hip pain Plus, my bones feel sore Also, my muscles are painful I also experience i have swollen joints Also, i feel stiff in my joints Plus, i have difficulty moving Also, i have a stress fracture Also, my muscles are getting weaker Furthermore, i have a constant tingling sensation Also, i have plantar fasciitis-like heel pain Additionally, i got injured while playing sports",ORTHOPEDICS
"Patient with chief complaint of left hand pains, assessed for other malaise and fatigue",GENERAL MEDICINE
"I have vertigo-like dizziness Additionally, i feel queasy Also, my chest hurts Also, i am short of breath Additionally, i have heart palpitations Furthermore, my pulse rate is inconsistent Furthermore, i have hypertension On top of that, i feel like I am going to pass out On top of that, my heart beats very fast I also experience i have a slow heartbeat Also, i feel utterly exhausted On top of that, my legs feel heavy and swollen On top of that, i have a tight feeling in my chest Furthermore, i have ankle edema I also experience i am drenched in sweat Additionally, i have upper back pain",CARDIOLOGY
"my head hurts Furthermore, the room feels like it is spinning Additionally, i have had seizures I also experience i feel numbness in my body Also, i experience tingling in my feet Plus, my muscles feel weak Plus, my body shakes involuntarily Also, i have memory loss Furthermore, i feel muddled and confused On top of that, i feel like I might fall Also, i cannot walk properly Also, i have speech problems I also experience i have facial weakness Also, i blacked out I also experience i have nerve pain On top of that, i experience muscle rigidity Furthermore, i have poor coordination Furthermore, i have trouble falling asleep",NEUROLOGY
"I feel dizzy Furthermore, i have an upset stomach with nausea Plus, i feel a sharp pain in my chest Additionally, i have trouble catching my breath Additionally, i have irregular heartbeats Furthermore, i have an uneven heartbeat Furthermore, i have been diagnosed with high blood pressure Also, i feel like I am going to pass out Plus, my heart rate is elevated I also experience i have a slow heartbeat Plus, i have extreme fatigue Additionally, i have leg edema On top of that, i have a tight feeling in my chest Also, i have swollen ankles On top of that, i have excessive sweating Furthermore, i have lower back pain",CARDIOLOGY
"Rheumatoid arthritis flare-up, joint deformity pain, chronic fatigue, and swelling.",RHEUMATOLOGY
"I have lower back pain Furthermore, parts of my body feel numb Additionally, i have difficulty walking Plus, i feel pain in my joints Plus, i have a stiff neck Additionally, i have knee pain Also, my shoulder hurts Furthermore, i have hip pain Additionally, i have bone pain Additionally, my muscles are painful On top of that, my joints are swollen Plus, my joints are stiff On top of that, my movement is limited Also, i have a bone fracture On top of that, my muscle strength is declining Also, i experience unusual tingling I also experience i have plantar fasciitis-like heel pain Additionally, i have a sports injury",ORTHOPEDICS
"I have migraine-like headaches Plus, i have vertigo-like dizziness Plus, i had a seizure episode Plus, i feel tingling and numb On top of that, i experience tingling in my feet I also experience i have progressive muscle weakness On top of that, my body shakes involuntarily Furthermore, i have memory loss On top of that, i am disoriented I also experience i have trouble maintaining balance Additionally, i have difficulty walking Furthermore, my speech is slurred Also, my facial muscles feel weak Also, i was unconscious for a period Plus, i experience shooting nerve pain Furthermore, my muscles are tight and stiff I also experience i have trouble with fine motor tasks On top of that, i cannot sleep well",NEUROLOGY
"my body temperature is high On top of that, i have a persistent cough On top of that, i have fatigue I also experience i feel drained and weak I also experience i have a throbbing headache Also, the room feels like it is spinning Also, my body is sore Furthermore, my abdomen hurts Additionally, i have an upset stomach with nausea I also experience i have been throwing up",GENERAL MEDICINE
"my baby has a fever On top of that, my child has a cough Furthermore, my infant has a cold Furthermore, my baby's throat is sore I also experience my child is struggling to breathe Additionally, my baby is vomiting Additionally, my child is crying from stomach pain Plus, my baby has a skin rash Also, my baby had a seizure episode I also experience my infant is not drinking milk properly Additionally, my child cries all the time On top of that, my baby has low energy Plus, my infant has no appetite Plus, my infant is too small On top of that, my child is not growing properly Furthermore, my baby is developing slowly Also, my baby has an ear infection Additionally, my child looks jaundiced I also experience my child is not drinking enough fluids Plus, my infant has wheezing",PEDIATRICS
"Emergency presentation: tachycardia, vitals show elevated temperature 99.8F, heart rate 110 bpm, low oxygen saturation 93%, severe pain score 13 out of 10",NEPHROLOGY
"I have a high temperature Plus, i have a wet cough On top of that, i have no energy Also, i have general weakness Additionally, i have persistent head pain On top of that, the room feels like it is spinning Additionally, i have generalized body pain Furthermore, my stomach is hurting On top of that, i feel queasy Also, i have been vomiting",GENERAL MEDICINE
"Patient with chief complaint of suicidal ideation, assessed for fall on same level unspecified initial encounter",ORTHOPEDICS
"I have a fever Additionally, i keep coughing Also, i am constantly fatigued Plus, i feel drained and weak I also experience i have a severe headache Plus, i am experiencing dizziness Plus, my whole body aches Plus, my stomach is hurting Additionally, i feel like I might throw up Plus, i have been vomiting",GENERAL MEDICINE
"Patient with chief complaint of toe pain, assessed for type 2 diabetes mellitus without complications",ENDOCRINOLOGY
"Patient with chief complaint of dizziness weakness, assessed for hypertension nos",CARDIOLOGY
"I have upper back pain On top of that, i feel tingling and numb Additionally, i have trouble walking Additionally, my joints hurt Also, i have neck pain Additionally, my knee hurts Additionally, i feel pain in my shoulder Plus, my hip is stiff and painful Additionally, my bones ache On top of that, i feel muscle soreness Also, i have joint swelling On top of that, i have joint stiffness Furthermore, i have limited range of motion Plus, i have a broken bone Also, my muscles are getting weaker Also, i feel tingling throughout my body I also experience my heel feels painful On top of that, i have a sports injury",ORTHOPEDICS
"I am experiencing dizziness Also, i have nausea I also experience i have pressure in my chest On top of that, i have difficulty breathing Furthermore, i feel my heart pounding On top of that, my heartbeat is irregular On top of that, my blood pressure is elevated Additionally, i fainted recently I also experience my heart rate is elevated On top of that, i have bradycardia Also, i have extreme fatigue On top of that, my ankles and legs are puffy Also, i have a tight feeling in my chest Also, my ankles are swollen Additionally, i sweat a lot I also experience my back hurts",CARDIOLOGY
"my back hurts Additionally, parts of my body feel numb On top of that, i walk with difficulty On top of that, i feel pain in my joints I also experience my neck is very painful Also, i feel pain in my knee Furthermore, i have a frozen shoulder Also, i have hip pain Plus, my bones ache Also, my muscles are painful Also, my joints feel puffy and inflamed Plus, my joints are stiff On top of that, i have difficulty moving Furthermore, i have a bone fracture Plus, my muscles are getting weaker Plus, i feel tingling throughout my body Also, my heel hurts when I walk Furthermore, i have a sprain from sports",ORTHOPEDICS
Patient presents with hematuria dysuria,GASTROENTEROLOGY
I am experiencing nausea and vomiting tinnitus,ENT
"I was diagnosed with PCOS Additionally, my periods are not regular Plus, i have problems with my pregnancy Also, i experience menstrual difficulties Furthermore, i feel slight cramps during my period Additionally, i have heavy periods I also experience i have very light periods I also experience my period is late Furthermore, my period did not come this month Additionally, i feel itchy down there Furthermore, i experience vaginal dryness Furthermore, i have persistent acne from hormonal imbalance Also, my lower belly hurts",GYNECOLOGY & OBSTETRICS
"my head hurts Additionally, i have vertigo-like dizziness Also, i had a seizure episode Furthermore, i have numbness in my extremities On top of that, i have tingling sensations Additionally, i have muscle weakness Also, i experience involuntary shaking Additionally, i cannot remember recent events On top of that, i feel muddled and confused I also experience i feel like I might fall On top of that, i struggle to walk I also experience i have trouble speaking Also, one side of my face feels weak Also, i fainted and lost consciousness I also experience i have sharp nerve pain Also, my muscles feel stiff Furthermore, i cannot coordinate my movements well Furthermore, i wake up frequently at night",NEUROLOGY
"Patient with chief complaint of shortness of breath, assessed for acute lung edema nos",PULMONOLOGY
"my back is very sore Also, parts of my body feel numb On top of that, i have trouble walking Additionally, i have joint pain Additionally, i feel pain in my neck Additionally, my knee is swollen and painful On top of that, i have shoulder pain Furthermore, i have hip joint pain Furthermore, i have persistent bone pain On top of that, my muscles ache Additionally, my joints feel puffy and inflamed Also, my joints feel rigid I also experience i cannot move my joint fully On top of that, i have a bone fracture On top of that, i experience muscle fatigue and weakness Furthermore, i have a constant tingling sensation Also, i have plantar fasciitis-like heel pain Furthermore, i got injured while playing sports",ORTHOPEDICS
